bbl,eui
3052370038,83.8
1008190014,77.8
1010557501,69.7
1004750056,78.1
1006980044,24.0
4019860001,11.4
1004740012,74.7
1020480016,64.4
3021470021,154.3
3021390014,74.0
1022390017,15.1
2037920042,30.0
2032660090,141.9
1020540075,212.6
1022390013,89.0
2033290040,66.4
2037920037,130.1
4012920012,61.2
2022930008,74.5
3075760021,27.7
1022500075,71.1
1012590014,68.1
4001050022,90.0
4002580038,36.1
4017700007,45.4
3036070008,72.3
3021050047;3021050046,31.2
3047910023,69.5
3084090050,74.6
3052340021,65.0
1019800075,214.7
1012620048,54.8
1007800013,53.5
4005060029,33.7
3011690009,646.0
3011870049,132.2
5-01548-0100,58.6
2032730225,101.5
2045110028,89.9
3024460051,28.0
1004570020,119.3
1000920032,23.3
2033240025,14.0
1022190037,78.9
1001740037,49.0
3030610010,19.7
1-01870-0052,80.3
1010107506,125.0
4027570001,105.2
1010650021,60.2
4011590069,18.5
4021720001,83.6
2033260008,87.4
2028740098,89.5
4155670021,64.6
3061620049,148.1
3061620043,183.6
2033280117,79.5
1021690025,33.9
2027617501,40.3
1005630024,14.8
5010200020,92.9
4014680052,88.7
3051620068,70.5
3011870066,72.4
4023050022,115.4
3050070006,119.0
3017510025,37.5
2025060075,58.8
2025200053,74.4
2028720108,106.1
2028720123,121.3
2025210031,113.9
2028730016,126.7
2028740037,96.8
2028740033,109.0
2028740134,131.4
2028720205,106.0
2028720256,94.2
2028760037,114.6
2028760040,123.2
2025360001,156.3
2025330086,110.6
2025360026,104.8
2025210001,101.1
2025270168,88.3
2025280050,125.8
3024790055,64.1
4-00138-0007,82.5
1-01868-0020,62.7
2-03264-0104,39.9
1-00847-7501,65.5
1-00847-0027,162.3
3-01277-0007,68.1
3-02324-7502,57.7
1-01273-7501,32.6
1-00590-7502,86.0
3056000037,66.9
3-02333-7501,42.5
1-02038-7501,56.1
3042710005,398.9
1011437503,71.9
3002500016,44.7
3001810031,46.1
1011470030,104.5
3001547501,45.6
1021800178,99.6
2028440105,19.8
1010150059,109.5
1014397501,84.2
1014337502,54.3
1014357501,55.3
1014297502,92.6
1014047503,50.5
1013807501,110.8
4004007501,63.2
1007677505,240.5
1013900023,39.6
1013457502,42.6
1015777504,56.3
1013630027,44.1
1011187502,68.5
1013610039,54.7
3-00053-0009,73.3
3042570001,58.9
2025240033,61.1
2027210010,56.9
2030167502,348.0
4021370013,78.5
2024610094,66.4
3072240128,51.3
1020630046,72.7
1004877501,74.6
3000417502,53.2
3002350004,74.9
4022170001,68.8
1016297502,56.3
1-01436-7504,46.5
1-00819-7505,46.4
1008280035,77.9
1-01949-0001,29.7
3-01178-0067,82.9
3-01178-0069,19.6
3-01178-0075,17.9
3-01178-0079,216.0
3-01178-0083,16.7
3-01178-0087,17.4
3-03494-0028,28.7
3-01396-0001,12.0
3050790001,82.8
3012110039,86.4
3011810068,9.5
3-05089-0071,41.3
3-08686-0078,71.0
3-06721-0088,82.9
3-06780-0039,85.2
3-06625-0034,96.3
3-08669-0077,121.8
3-05207-0023,88.4
1-02144-0025,232.0
1-02144-0027,24.8
1-02131-0055,129.1
3-04694-0061,11.8
3-04694-0067,162.2
3-04632-0001,103.9
1-02224-0022,99.9
1-02172-0051,83.0
1-02174-0217,17.8
3-05212-0001,110.1
3-04717-0046,115.3
3-04917-0022,103.8
3-04918-0058,111.7
1-02221-0036,123.7
1-02218-0015,66.9
1-02218-0017,124.6
3-04778-0001,98.7
3-06414-0006,154.8
3-04597-0070,84.8
4-15744-0007,85.0
3074400041,83.7
1004980016,53.9
1-01471-7501,105.9
1-01197-0052,13.1
2022610005,57.8
2-05610-0087,113.9
4010030011,95.2
3-02791-0049,12.6
3-02436-0013,12.3
2031790004,112.4
2033360011,78.3
3068360050,73.1
1008610010,96.7
2025050001,56.7
3013790019,17.3
3013790024,318.2
2032930083,70.4
2031670046,90.0
3046470001,122.5
1022210039,99.1
4096750006,109.2
2032630292,81.9
2027610139,104.1
2042980022,92.0
3075807501,25.2
3058687502,66.9
2045930001,110.0
3054170045,102.7
3066370016,45.4
3065730040,30.7
3054220019,104.6
3067480016,127.3
3064980055,100.0
3065730043,124.5
5075770003,52.8
1004997501,53.1
1005090026,125.5
1004150078,161.3
2053860017,134.9
2032870066,83.1
1022290046,149.7
1022150534,106.4
2032790041,105.3
1022150061,136.7
2033180092,72.0
1022150555,24.2
1021700283,103.7
3062860043,105.3
2031630006,93.0
1010780008,101.9
1015630005,13.5
1021580079,62.8
2031440045,119.3
3000287501,48.8
3011790092,60.2
1008670020,85.5
1022150352,100.3
1021390236,103.3
2049540008,263.5
1-00529-0057,74.2
3-00271-0023,85.9
3-07260-7502,93.3
3-01420-0020,44.6
1011250024,70.0
3023247502,57.7
1014877502,88.1
1020457501,52.4
1012737501,32.6
1020457502,41.1
1014080033,72.8
1017480001,73.6
1009357501,61.4
1010777501,55.4
1002187504,90.8
1015180049,62.4
1005907502,86.0
1014147501,127.4
1011200057,67.9
1009040050,68.5
1008910059,70.0
1006367501,44.6
1006957507,56.0
1001067502,70.5
1006370030,42.6
1013680039,66.9
1008590064,40.5
1014147502,56.2
3050970104,75.9
2057500500,19.4
4049787501,35.2
3056500014,81.1
4049737501,150.6
1011660011,76.4
2027627501,101.7
1-02248-0009,34.9
2-05835-3037,83.0
1-01880-0010,21.3
2-05723-0094,56.1
2-05723-0084,84.9
2-05788-7501,70.4
2-05743-0198,54.2
2037390059,138.7
2024310026,85.3
2028410041,81.5
3002540006,68.8
2028280005,78.5
2032370100,146.3
4012790035,75.8
2024240086,83.5
2024240110,114.5
1019690055,75.0
1021760036,64.0
1022500050,55.6
3050530001,81.5
3013930040,74.8
3050660086,58.5
2038080038,51.4
2046310075,74.7
4000650020,20.7
5054600037,256.5
2045130059,97.2
2045140044,53.0
2-03317-7501,55.0
1018730001,58.8
1-00102-0001,115.7
1-00092-7501,73.4
1-00101-0002,59.7
1-00077-0020,55.9
3003917501,75.0
4-06656-0063,85.3
4065420003,83.4
4-06537-0028,68.1
3055170039,72.1
2-03356-0099,99.2
1-01870-0029,97.3
2-04340-0037,87.3
2-02506-0111,65.0
2-02814-0008,97.0
1-01993-0040,79.3
3-01381-0044,88.4
3-00319-0007,92.4
2-02784-0029,109.5
2-03306-0001,73.8
2-02957-0008,71.7
2-03997-0025,67.9
1-01078-0043,159.4
4076100056,28.8
4002170005,57.6
3-01268-0017,61.7
1- 02090-0024,99.8
3- 05147-0004,39.3
1-00432-7502,109.8
3-05408-0055,42.0
1-02047-0007,52.4
4-05010-7504,43.0
2-04507-0001,31.5
3054180018,94.3
3009970006,67.2
1010980036,168.2
1005460040,113.9
4-01780-0036,76.6
3-07182-0031,86.1
3-05389-0041,60.2
3-08711-0036,68.5
3-08711-0041,63.7
3-05869-0005,108.6
3-05606-0029,82.2
3-05240-0102,81.3
3083437501,4.2
3074627502,31.4
3086690073,85.0
3074410263,67.6
3067390006,55.5
3086860025,90.5
1-01373-7507,38.2
3-00149-7501,56.4
1-01865-0020,48.1
1-01171-0062,61.0
3-05320-0024,101.1
1-01072-0050,51.4
1-01071-0042,101.5
2031240001,37.1
3050720047,75.1
3055950001,74.8
3-06318-0044,94.8
3-01374-0033,84.3
3-05054-7502,82.2
3-00539-0014,54.2
3-03210-0051,25.9
3086767503,23.9
3003527501,11.1
3073240001,53.4
4001400010,46.8
2029980018,121.6
1020820057,55.9
4052830001,115.3
4012780038,67.0
4013497501,52.7
3002550025,69.3
3087900059,108.0
4013057501,39.0
5005210009,33.2
3087140010,81.3
1014120012,105.7
3048040001,77.6
1014390019,13.6
1019760056,8.1
1015400014,9.9
3048710001,88.3
3048040006,77.8
1006100017,8.2
1015430005,11.3
3079180061,52.2
3044070030,19.1
1019300053,29.1
4006350033,24.6
4097540034,35.9
1008987502,67.7
2039730005,21.2
4006730034,16.2
3030760006,35.5
4030577501,34.4
1005620036,76.3
4006140065,74.9
2-03143-0260,86.4
1008390079,63.9
3-06803-0058,56.3
3019920012,48.5
2046560001,88.3
1-02243-0313,67.2
1-02096-7501,73.6
1-00904-0029,55.9
1-01502-0020,55.9
1-00232-0009,47.1
1-00792-0038,146.3
4-03809-0027,34.8
1-00837-0052,120.3
1-00813-0040,64.3
2-03264-0109,56.2
4-00640-0031,49.4
5-01272-0011,27.2
1018750029,112.5
4011940032,53.3
1008380027,36.9
1008320041,76.6
3044130001,158.5
1012520038,62.7
2057160287,64.6
1-00285-0029,106.1
1-00373-0038,135.0
1-00455-0029,83.3
1010180006,105.8
3088120137,52.6
1017790007,91.8
5012720011,27.2
4004130032,38.8
1011320021,81.3
4005880026,87.8
1007947502,76.7
1008160074,116.6
1005537502,63.6
1008030065,55.8
1001347504,48.5
1020020061,52.3
1020750005,80.7
2023730023,60.2
2023990006,99.8
2024490064,90.5
2024490068,87.1
2024540026,92.7
2024550028,101.3
2024570004,81.6
2024570017,110.9
2024960052,109.0
2025820042,88.7
2026100058,85.4
2027840050,111.5
2027940019,80.5
2027990035,96.7
2027990045,17.7
2028300021,22.2
2028300025,288.2
2028310028,89.6
2028310061,23.8
2028310065,174.0
2028330006,26.6
2028380023,113.8
2030500066,105.7
2031460016,102.7
2031490125,94.1
2031560096,83.0
2031610026,90.8
2031780045,20.7
2031960056,85.7
2031990031,99.4
2031990059,105.5
2031990072,78.5
2032110042,126.6
2032820001,22.5
2032950053,72.9
2032960047,100.1
1021770152,60.0
1022230001,124.7
1021390193,58.0
1021310001,110.7
3066070001,78.6
1008720050,66.0
2033050026,77.2
2033150044,99.3
2033190001,65.0
2033360059,86.0
2033470036,13.9
3014090037,71.2
1002850029,106.1
1003730038,135.0
1004550029,83.3
1-01508-0016,64.8
1-01406-0061,58.0
1-00195-0027,31.5
1-01446-7503,59.7
1-00576-0016,79.3
2028920118,40.0
2058630129,61.6
2022930053,43.1
2023300034,58.3
2033577502,130.4
3-07612-0034,67.8
3-04891-0006,82.1
3-07823-0021,71.7
4-00115-0249,16.7
2-03304-0061,76.2
1-00806-0076,126.1
4-00748-0008,37.8
1-00874-0017,51.6
4103360150,25.3
1001500017,22.2
1001500015,114.5
1002090001,50.7
1010210045,157.5
1002310036,28.7
1002310005,154.7
3002650039,45.9
3001450006,37.8
3050810043,89.2
3002680046,42.7
3010790001,71.8
4-01918-0082,45.2
2052450001,118.0
3029990024,47.4
1004100004,50.3
1-01252-0024,165.2
1012520025,61.4
1-01252-0022,29.1
1018320013,79.3
1010090014,89.1
2023400204,11.8
2025940035,59.6
1012430010,61.8
2027740152,49.4
1018820058,58.4
1019957501,75.3
4-00471-0702,76.9
1-00837-0072,85.8
3-05656-0045,57.8
3-05630-0038,103.6
3-05664-0031,82.7
3-05678-0049,61.4
1021530081,38.3
1021790201,95.7
1021790203,75.3
1021390196,73.4
1021390340,52.3
2033030005,82.9
2033460034,57.2
2032610124,60.8
4142600111,96.5
2029580031,84.5
2031640023,103.7
2029230001,92.9
4024480201,163.3
1005220028,105.9
4001900013,98.6
1008040008,78.4
1002747501,89.3
1006387502,72.1
1001357503,53.0
1008180005,37.1
1006417502,60.1
1002197501,36.0
3048680046,104.1
3013950068,97.2
3012880038,103.6
3087160085,72.9
3023137502,52.1
3001797505,61.8
1007627502,60.4
1015800043,48.0
1020920036,90.1
3058920001,74.6
1014400030,107.4
2030370077,57.1
2026660066,80.7
3012340001,102.2
3030440026,131.3
3030440029,7.9
2025060134,91.4
1021530037,235.0
1021230026,104.0
1018730042,103.0
1021330034,121.4
2031840076,108.9
4008590001,94.6
4008930080,90.8
4008930007,101.1
4008940050,100.9
4008710006,95.2
4008710020,93.1
4008710030,111.9
4008700001,104.0
4008700012,84.3
4008600001,92.0
4008930070,95.7
4008920027,89.7
1-01428-0005,73.6
3-04191-0016,82.5
3-00434-0016,94.5
2-02517-0015,89.4
3-01755-0020,76.7
3-01612-0039,73.8
4-00640-0017,116.9
3056420053,72.2
2038670023,66.8
3074620007,34.9
3076020042,27.1
3-06694-0064,75.0
2026330010,20.4
1-00494-7503,38.7
2028400065,83.4
2028640025,52.4
4042500007,34.0
1007590049,70.4
4089040007,4.9
2-03217-0027,81.1
1002030031,168.9
2023600070,65.8
3-01978-0029,38.3
4006380019,93.1
3056290044,64.6
4013140060,64.3
4015080001,61.8
4015550027,70.4
2041620041,20.3
4016340001,80.5
2027400100,87.6
1016440051,87.5
1012460053,83.3
1012470010,99.4
1012480037,64.5
1018770039;1018770037,89.1
1018910057,101.1
1001727502,48.4
5061450300,300.8
3011970001,61.8
1013400016,50.2
2033280003,68.6
2033280008,304.6
4006490074,24.8
4099690012,73.3
3008587501,49.3
1004327501,106.3
3011730060,65.8
1005580013,84.3
3060990010,47.9
1004440034,50.0
3056170050;3056170043;3056170038,44.2
1021150011,77.0
2033560206,18.0
2037770019,130.4
1004710025,27.2
2027210020,110.6
1001810016,71.4
1-00236-7502,71.0
1-01518-0031,21.7
1021340085,94.6
1015160028,8.9
1-00504-0036,72.4
1-00504-0031,62.9
1-02117-0051,83.1
1005220024,24.0
3043140001,133.3
3043140006,119.1
5076260001,7.6
2024220021,151.8
4-00549-7501,58.2
1002180008,29.8
1-01783-0034,189.7
1-01710-0036,74.3
3-04213-0001,30.8
3-01381-0036,110.5
2-02564-0005,84.8
2-02765-0205,81.5
3-01433-0028,73.0
2-02763-0095; 2-02763-0097,81.5
2-02763-0100,22.0
3-05348-0068,46.8
1-02153-0043,100.8
4008420054,80.5
3-00750-0005,72.4
1000760001,96.7
3/00888/7501,21.2
1008850066,88.0
1015670031,56.6
1014280007,46.9
1015200033,57.0
1015700015,61.8
1008830025,52.9
1005570022,65.4
1022340034,104.7
1021630025,57.8
1021260046,75.9
3019250042,8.1
1022270023,785.6
1021220150,153.7
1020870093,144.4
1021620032,24.3
1021610017,133.4
1021450022,77.6
2029630056,110.4
1021340080,58.2
1021610004,66.5
4014527501,89.5
1-00556-0001,68.7
1-00467-0035,126.9
1-01122-0022,93.5
2-02669-0050,117.3
1010740049,48.5
1010770012,60.5
2029000039,37.3
2031180044,74.6
2031230077,111.6
2039060055,148.7
2031020047,82.4
2029520009,13.7
2029570001,60.8
2031250030,77.7
1012390039,105.6
1007957502,56.5
1015130066,73.4
1006377508,93.8
3010647501,50.3
1008710007,96.6
1011640002,85.5
3061290059,68.6
3061680001,98.7
3063330001,40.8
3064610036,80.9
3063160022,108.2
3061300006,68.1
3064090026,97.1
3072660009,24.3
3031557501,31.5
3032707501,25.4
3086767501,34.0
3038810040,9.4
3056970033,66.1
3083170001,37.0
3024440028,40.1
1-01543-0014,78.5
1-01543-0018,74.2
3007880025,26.0
3013000044,74.9
3063350006,93.7
3053130001,124.9
3053900080,85.9
1008030056,59.4
1008280067,34.6
1022150225,178.9
1022150535,119.2
1021700361,95.5
3050770017,94.3
1021700410,176.3
1021700356,145.4
3051630027,119.1
1021610100,62.2
1021680084,183.7
2027630248,186.2
2027630252,16.9
2028470022,395.4
2027960046,126.5
2027960042,21.9
3052200042,109.2
3051240007,140.6
2044340014,92.2
2033000003,306.0
3054170015,111.7
3056160035,35.0
3065950005,129.4
4015700052,124.6
1013410033,32.8
3067800012,108.7
3073800034,72.9
4066900016,56.3
4067110027,68.5
4092470001,15.6
1002057501,252.0
2028770240,102.3
3074380024,331.0
1-00824-0042,34.5
1016710031,78.5
1006240044,109.9
1003440013,65.1
3066630046,59.1
1-01828-0063,43.0
1-01912-0033,48.2
1-01925-0025,58.3
1-01966-0052,85.3
1-02032-0061,33.2
1-02034-0029,73.8
1-02038-0009,117.2
1-02051-0064,86.1
1-02051-0066,92.3
1-02051-0098,117.2
2-02697-0015,100.7
2-02842-0033,116.0
2-03133-0018,82.8
2-05111-0001,11.7
3-01550-0031,106.9
3-01550-0036,90.6
3-01605-0076,75.1
3-01769-0011,26.3
3-01774-0010,71.8
3-04627-0031,72.6
3-04647-0006,96.2
3-04649-0001,18.9
3071080018,290.5
4-00193-0055,86.4
1003450020,97.5
1015940040,202.5
1017490016,35.0
1020710001,115.9
1020740001,89.4
1020740061,109.7
1020750039,89.2
1021220116,132.1
1021370029,131.4
2023980027,132.9
3025760042,95.2
1008840042,61.8
1014147503,26.1
1014367503,40.7
1015080130,76.3
1015790005,13.8
1020260033,49.5
1020750049,88.0
1020750053,13.6
2023700049,85.0
2026690044,69.2
2026880048,79.6
2027080046,93.0
2027200069,111.5
2027230029,57.6
2027510012,99.1
2027570014,97.3
2027580029,86.3
2027910054,108.4
2028020037,83.6
2028140073,37.0
2028260048,81.3
2028770254,75.6
2031440023,127.5
2031810045,99.1
2031840066,122.3
2031860076,72.7
2032830025,91.6
2032830040,68.2
2038010043,84.0
3019090011,81.4
3033300019,87.5
3042950063,94.1
4093050002,37.3
4158900030,96.9
4006127501,74.6
3056070003,135.4
1022470029,77.6
3014240033,104.0
4014550055,95.1
2031570020,104.5
3051610006,83.2
3014280032,94.7
3012070021,135.5
3076020022,107.2
3052120019,96.4
1021290037,114.3
1021160052,72.4
3067030073,92.2
3050730019,104.0
1020740049,91.7
3052080052,91.8
1021740115,92.0
4088650009,84.6
1020620037,169.0
3011900009,93.4
1008620009,77.5
2031460023,130.8
3012667502,95.8
1022420029,20.3
1010860034,141.7
3049970006,115.1
1022270015,96.6
3012750054,101.0
4050050001,93.2
3000560002,51.6
1020937501,79.1
1020947502,12.3
4050050006,100.7
1020997501,97.2
3012730025,243.7
3050730014,101.1
3014010047,89.4
1021310029,21.6
1020907501,93.0
4007260001,17.7
4097100094,89.2
1015700024,138.7
1013320010,24.6
3-03008-0031,19.8
3-07955-0017,15.7
1006357501,74.1
3002370017,91.4
3002540001,84.6
3009457501,62.5
3010810005,76.7
3011007501,97.4
1002287503,75.3
3002117502,53.5
1015110065,50.2
1006957509,54.3
1006080053,84.8
1013810056,81.5
1005060016,81.0
1011630011,62.1
1015520041,81.6
1014680009,73.1
1-00594-7510,81.6
3-02003-0008,64.4
1-02218-0025,74.2
4-03180-0041,70.9
1021190012,96.9
1020750014,93.7
1022200023,35.2
1022340036,112.0
3-07612-0011; 3-07612-0034,71.0
1-02174-0224;1-02174-0217,15.9
1-02144-0025;1-02144-0027,125.5
1-01212-7502,24.7
1010510029,92.7
1009010002,48.6
1005020025,3.6
1008530001,97.2
3-00271-0047,72.9
2-02382-0048,108.5
3088150101,154.7
2030930032,192.3
3033670056,113.9
2028140017,97.1
4017790006,107.6
3-07598-0053,92.0
3-07600-0006,103.9
3-05637-0006,136.6
3-01892-0061,55.4
4-02234-0031,79.6
3-05121-0034,89.8
3-02102-0008,67.2
3-07689-0056,86.6
3-01254-0057,96.8
4-03237-0030,90.6
1-02224-0001,66.7
1-01409-0042,85.1
2-03318-0081,117.7
1-01381-7501,66.6
1-00911-0001,176.3
1-01310-0022,435.8
1-02175-0192,95.2
2059067501,52.5
1021660023,94.3
1021300008,110.7
1022380042,139.7
4060770007,88.5
1021530040,22.2
3016820045,199.4
3016830089,170.4
3016830088,104.8
3016830086,94.8
1020347501,54.8
4008817501,92.4
1004520054,90.0
1003947506,82.9
4033410030,62.5
1005920040,122.8
3020040050,193.2
3019570017,125.2
1018770022,87.6
1020860036,140.2
1020880091,96.9
1020880098,110.9
1021200008,111.7
1021690039,98.6
1020760001,24.9
1021370026,24.1
1008580003,36.9
1008270027,51.4
1021540001,68.2
1017550041,30.0
3076110073,91.0
3050860041,63.9
3050860053,74.2
3075590051,87.7
3075590059,63.7
3046980018,66.8
1021190005,50.3
3001490026,8.6
3046780026,51.1
2033720025,93.6
2033190101,46.1
2033050023,35.3
2058011060,66.9
2033820054,2.7
2042090025,127.7
4094600001,77.7
4050230030,89.4
3012350061,71.6
2040750031,100.3
2042380011,85.0
4104610086,79.4
1008767501,53.6
1005740015,85.6
3067400085,57.5
1010610016,88.4
2042870050,103.3
4032930045,59.7
2039480047,85.5
2032250034,104.7
4001570009,63.6
2033140062,77.7
2033200021,70.3
2048190026,70.8
2049950074,96.5
1018400035,14.5
1022250016,103.2
3053740017,70.5
3058580030,81.2
3050950001,89.4
4098380089,112.6
1018230058,23.5
1018230061,65.9
1018640023,112.6
2025050011,102.5
4157370001,22.7
2023727501,25.7
3017520035;3017520001;3017530004,429.5
3017530004,76.6
3-01595-0066;3-01595-0061,77.7
3-01399-0034; 3-01399-0039,110.2
3-03511-0065;3-03511-0068;3-03511-0072,73.5
3-03511-0068,184.3
3-03511-0065,13.6
3-03533-0031;3-03533-0037;3-03533-0040,77.3
3-03533-0037,245.0
3-03533-0040,12.5
2-02623-0001; 2-02623-0060,80.2
3013050029,94.7
3012150001,97.0
3012300025,52.9
3062417502,44.9
2032670110,63.4
4092880082,70.0
2-04429-0035,97.3
2-02665-0061,85.7
2-02607-0049,51.7
1002200027,58.5
1-01054-0001,61.1
4-03857-0257,44.6
3056220043,71.6
1016167501,27.4
2031580048,21.5
4051800043,57.5
1-02074-0040,70.9
1-02142-0112,68.1
3054220034,45.5
2028120003,127.8
2045680034,136.8
3056340006,96.5
3065380038,118.3
3060680022,90.4
3-00150-0006,10.7
3-06888-0006,75.1
2-02777-0196,79.5
4-06685-0001,73.5
1020830055,61.0
4-00596-0030,36.7
3-02225-0050,49.8
4051950018,96.1
4016310041,91.7
4012160083,75.6
1002140001,41.2
3020920026,33.8
2029980145,103.3
1-00773-0024,41.1
3-05390-0053,86.9
3-05707-0036,110.4
3-06861-0006,104.3
3019780025,79.2
2029600053,89.8
4161767501,2.2
3021830024,57.4
1-01982-0059,86.2
1-01443-0017,52.5
4101560022,57.4
3087760007,114.0
1005010012,41.3
3011760015,40.3
4112840051,74.9
1004417503,62.6
2057030203,68.8
2033240113,15.5
2032840001,88.6
1008090001,94.8
1005107501,85.2
1020090033,62.4
3067390019,74.5
4001590001,66.9
3008890001,47.2
3023570025,4.7
1016610010,74.8
4006380025,30.1
1006240031,61.8
1013610049,143.7
1013460023,133.3
4005870029,15.6
3050990068,77.1
3019790003,76.5
1021560095,88.6
4006510001,65.4
1-01102-7501,84.8
3-05545-0059;3-05545-0053;3-05545-0047,89.1
1-02046-0024;1-02046-0025;1-02046-0043,73.9
4002660003,49.9
2024560023,93.1
2024560055,134.6
2032190212,61.7
2026620023,64.1
2024560171,82.6
1021390289,111.2
2028400088,87.3
2032250052,73.6
2029370001,54.4
1020450083,118.2
2040680001,64.0
2039230009,121.4
2028660004,128.1
2028700061,65.9
1021740085,129.4
2027940009,79.2
2038010036,101.2
2028410014,93.9
2031960058,115.0
2032250026,19.1
3054240080,85.1
2033170036,15.3
2033090084,86.9
2033180030,77.1
2033210067,144.4
2033560178,70.4
2032790034,14.6
2032790035,132.9
4004540001,69.6
2023800048,116.9
1021270058,84.4
1020780011,133.3
1021220062,107.3
2026140056,104.4
2029370025,21.2
1021760128,98.8
2027630144,70.3
2031120025,114.3
2031120030,120.0
3067460015,57.0
3066030050,87.3
3086910065,74.7
3050610030,193.2
3057060005,71.5
3011580023,94.0
3046270001,90.5
3013320007,111.7
3053600048,81.3
3050260339,83.7
3-06414-0006;3-06414-0001,74.4
3-04694-0061;3-04694-0067,87.0
3058620028,113.9
3054040006,92.1
3054770002,100.3
3011070021,94.5
4002660003,50.0
1-00993-0011,52.4
2043190025,77.4
1005210037,95.0
2032930126,96.7
1020980040,76.9
1020890024,66.7
4-02264-0101,89.7
3051310019,92.6
2025130044,93.9
1-01344-7503,54.0
2-03023-0015,17.3
2-02842-0065,141.2
1021230031,109.2
1021280015,166.7
1021280026,118.2
2024560210,81.6
2024560218,89.0
2025060022,77.4
2028260076,101.8
2030600045,63.2
2028690148,105.9
2031620011,108.3
2033150076,75.7
2046460009,106.1
1020540046,77.1
1020540049,89.6
1020540053,113.3
1022170029,87.5
1021690018,95.1
2048250073,57.6
2046880028,128.4
3072630124,152.9
3087170036,58.3
3086620097,35.4
1021370032,126.5
1021220052,141.0
1021220069,112.5
1021530080,144.1
1021680051,75.9
2039430209,6.7
1021580040,120.5
1021680046,147.3
1022270001,112.5
2028730008,52.1
1021360043,89.0
1012530007,109.0
2031920001,81.9
1006330006,58.2
3052180001,77.1
3012660022,85.8
5000180086,65.9
3027570028,95.9
3030700010,115.2
3022700001,82.6
3027910001,92.9
3029210016,104.3
3027827502,46.9
4002580001,35.0
4155550001,51.8
1012160027,111.7
1011500041,52.4
1012490057,57.9
1012160060,60.3
1012360029,58.5
4062270338,77.4
1018260013,69.6
1018320016,49.4
1012010034,56.1
1018890001,54.8
1018890040,46.9
1021700307,20.0
1018900036,52.2
4002010001,59.0
1018640039,57.2
4062770002,45.0
1018960043,51.1
4001940007,58.2
1019770021,132.1
1019770018,15.6
1012060010,55.2
1019950001,61.0
1012370033,88.5
1021700302,80.5
1018690029,106.4
1021790425,70.3
4092450240,75.6
1018760001,46.7
1005190014,72.7
2025040094,95.4
2025050006,83.6
2028430085,109.6
2028270060,86.7
2028210052,78.4
2031180156,85.8
1020250061,95.9
2028410018,114.9
3036200038,63.9
2027320026,26.6
2032520268,74.3
4116020001,96.1
4051850037,86.3
4003880013,139.0
4013360001,56.2
4089250047,90.1
4006460038,10.3
4053070024,66.2
1011170014,39.1
1015190025,88.1
1011790019,110.5
1011400037,72.0
3002530007,13.9
1008020050,37.1
1007960018,111.3
1008220052,44.9
1008480008,31.4
1019370036,118.9
3022380049,62.1
4012920069,73.7
4012160017,90.9
4014950068,111.5
4001710061,100.3
4014860052,94.1
3011710014,97.3
3013150045,89.6
3047000042,83.9
1005390023,16.8
1002290005,9.8
1-01009-0019,114.5
1-01095-0035,92.5
3-01201-0066,80.9
3-03531-0037,51.3
3-01568-0001,83.5
3-02114-0023,76.2
2028780009,90.9
2026230049,94.8
3056410019,71.8
3055600060,66.2
3087110046,88.6
3061850038,78.6
3087150056,122.9
2024630026,78.1
2037380046,121.6
2028410063,105.8
2030440035,100.7
1021750124,14.1
2031500041,105.5
1022170014,79.7
1022280037,136.0
2033010023,86.1
2032530270,70.6
1022390025,92.6
2032610005,94.8
2033320017,77.7
1022170017,108.0
4013320026,129.5
2048250059,76.9
2024660001,101.4
3045980009,79.4
3055450074,109.5
3055450068,90.3
2027920014,117.9
2029980029,43.7
2048190015,87.0
2048190020,92.4
2031470070,100.8
2031670064,98.8
3051900075,110.5
2030890026,15.8
2031510043,119.4
2032070023,18.9
2031940001,82.3
2031560003,129.2
2028010018,108.7
2037680001,92.0
2028790184,112.8
2029850057,109.8
2045120031,62.6
2027910005,88.1
2033040141,68.1
5-01479-0001,196.8
2-02953-0013,147.4
3022380127,92.4
1007990030,74.7
1002090005,9.3
1002310030,87.9
3079460014,6.1
3012870033,82.3
3030220016,119.6
3030220025,107.6
3052360040,76.1
2038940001,76.2
2032780007,89.2
2045080037,78.5
3067430079,74.5
3002500001,66.7
2039150023,54.5
1021750136,23.4
1010610008,103.2
1020580055,77.2
1014100026,93.6
5044240001,41.8
2027320012,53.7
2027680065,157.0
3000290008,13.3
3000290016,25.5
3000320055,17.6
4002140249,32.6
4002220034,0.0
3058910058,108.3
3060860045,83.0
1003420065,15.4
3045980016,106.5
2-02614-0019,26.1
2-02612-0058,85.2
2-02615-0008,114.5
2-02612-0053,98.8
2-02843-0065,96.4
2-02843-0035,102.6
2-02832-0008,87.6
2-03228-0005,86.0
2-03228-0001,37.2
2027630215,155.0
3024320009,105.3
3014700080,78.0
3014700060,90.0
3014310045,82.3
3018650049,2.4
1004920020,99.3
1006450049,116.3
1003530057,88.7
1001940032,29.7
4001310013,62.6
4001310025,75.7
3054210031,83.1
3054210035,68.0
1008290057,64.4
1021410042,82.8
1021330022,100.2
1021570075,82.6
3046450006,69.7
1020820036,94.9
1020820052,86.2
2026470005,105.4
2025040021,110.3
2025110074,96.0
2026840068,128.4
3046700007,116.4
3012060028,87.8
3035490029,93.2
3078080036,103.9
4026110503,6.3
2-02906-0083,44.1
1018770031,95.0
3016200025,44.7
2-03311-0112,80.5
4-07266-0001,108.9
3031170024,61.6
3084707502,67.4
3027460039,74.1
3009650032,103.3
3012300014,87.7
1005957505,45.1
1010150054,113.2
1010200053,63.8
1010350037,108.0
1010240007,150.3
3-07088-0001,238.8
3063730012,59.3
3054050019,88.1
3062537501,105.0
2057900001,37.4
2030640001,561196.7
1-00829-0040,94.3
1-01166-0020,304.8
3-00754-0058,12.6
3-00488-0006,29.4
3053630045,93.3
1009190034,83.6
3013610061,109.5
2032810068,30.3
1013100041,31.0
4001630019,65.0
4041380001,186.0
1011680010,17.0
1012410046,69.2
3024170021,75.6
1007930022,18.3
1008590058,16.9
1002290020,51.0
3010640037,67.8
1013767501,56.1
4019490106,77.5
3074130004,60.2
3063150039,77.7
3073960066,80.3
3073470036,84.2
3067480026,75.7
3071580033,74.4
3073980027,77.1
3073480044,88.0
3067710037,45.6
1016240021,41.7
4006280012,92.2
3071730001,55.4
1007610037,57.4
3013610038,139.6
1008970008,85.1
2032870100,15.3
2026880035,79.2
1016330020,54.2
1003500026,24.5
4051217501,79.0
4097160185,56.7
1020090047,110.6
1007780034,7.2
1008310002,30.4
1012630007,69.8
1004570029,36.6
3002347503,46.3
1002847503,79.4
1008977501,36.4
3002850030,71.9
3-01287-0039,96.0
1013870036,64.4
1014280017,16.2
1015080027,54.6
1010087502,85.5
1017260061,326.8
2053850013,63.4
3058290001,34.1
2033310010,72.9
1018207503,112.6
1007430038,21.7
4062410020,14.3
4006220031,84.4
4096760013,102.1
3051260001,71.2
5028000037,34.8
1017230031,40.2
2028420001,215.3
2027430006,72.0
3003970001,166.4
1005110016,116.1
2024840009,65.7
5079710250,30.4
3010650027,79.3
1001940042,44.2
3023510006,216.0
3031780023,28.3
3031170029,55.2
3030030012,42.7
1003900024,85.7
1003850049,57.1
1003970029,17.7
1003730051,54.7
1004010046,26.7
1003850019,64.4
3050580007,62.8
3047180036,85.8
3086850010,75.0
4011320044,62.8
3050600008,60.6
3047180030,53.9
3059590073,73.7
4011320036,57.6
3065800008,79.0
3058720057,65.9
2024770015,83.5
3050970112,71.3
3051220021,82.5
3036210001,79.1
3047570001,76.5
4043430010,183.0
3019867501,78.4
4002150022,28.0
1007910062,64.2
1006930018,49.1
3014370008,140.3
1-01417-0042,82.8
4-00057-7501,40.0
1-00224-7504,28.1
4-05066-7506,7.0
4-05066-7505;4-05066-9100,242.3
1-00699-7503,66.0
1-00701-0016,72.8
4-03256-0001,186.9
1-00562-7503,45.3
2-02383-7501,66.7
100-800-0057,49.9
100-795-0020,58.5
1-01215-0029,97.1
2-03069-0024,78.7
1-00797-0076,72.8
2-02456-0001;2-02456-0008,90.8
3-06626-0043,30.8
1008260069,33.7
3-02106-0009,25.3
1017457503,59.4
1-01417-0042,83.7
1-01167-7501,19.9
4021620122,90.6
1010110052,48.8
3021067503,51.1
1010190001,106.1
3019337501,24.8
1013650009,68.7
1021800474,51.8
1021790415,64.1
1008380012,87.6
1011040031,42.8
3-00166-7502,52.9
1013670010,6.1
3-01200-0027,9.4
4-02324-7501,69.5
1008380012,94.1
1015710049,84.9
3023240030,56.5
1-01347-0042,93.5
1-01043-0005,81.4
1-01567-0022,87.9
1-01561-0047,18.4
1-01324-0042,89.5
1-00879-0069,96.9
1-00792-0008,81.0
1-00827-0043,141.9
1-00577-0041,65.3
1-01512-0033,227.0
1-01512-0030,18.5
3-06998-0001,117.8
3-01174-0021,29.2
3-02426-0001,36.6
4001940023,39.9
3-01893-0002,31.5
3-02351-7501,67.3
1-00818-0027,180.5
4-01902-0010,11.6
1009627502,220.3
4-00287-0011,150.0
4-02129-0014,26.7
4-06482-0003;4-06482-0100;4-06493-0003;4-06494-0003,100.9
4-07628-0002;4-07629-0002;4-07632-0002,71.0
1-00831-7502,59.8
2033130084,121.5
4051010001,97.1
1008320062,76.9
1008370074,86.3
1-01274-0011,122.9
2043170019,82.0
1008040013,41.7
1007327501,39.9
1015177502,68.0
3-05424-0001,251315.0
3-06937-0048,590026.0
3-06459-0006,612552.0
3-06485-0003,21068.0
3-06485-0003,2101750.0
3-06485-0003,2797.0
3-06485-0003,1639853.0
3-06485-0003,1823003.0
3-06485-0003,2093599.0
3-06099-0001,85103.0
3-06099-0001,4305988.0
3-08720-7501,4640400.0
3-08720-7512,4244600.0
3-08821-0010,187300.0
3-08821-0010,160300.0
3-08720-7502,3597605.0
1-01888-0067,24.5
1-00859-7504,47.4
3-00185-7504,45.9
1008610044,49.1
1-00573-0062,88.7
3-02137-0014,80.1
1008780038,55.5
2032700018,108.9
3024470010,86.6
3024500015,72.5
2030160007,104.4
2026070062,139.3
3024210012,93.1
1020960040,77.4
1018200002,61.3
3050580062,82.7
3050530026,86.0
2031730052,114.7
1011180001;1011189001,74.8
1008580008,77.4
1002070017,55.4
1002387501,94.8
4049597501,53.0
1002837503,41.7
1002047501,101.1
1002777502,75.6
1011640037,34.5
1000780047,54.9
3024310031,82.1
1007990057,38.9
3062380039,80.6
4019560001,90.6
4043220001,70.2
4049710059,97.8
3069190001,15.8
1004257502,103.6
2058030965,9.9
4097140075,74.7
1008380072,31.5
3-01852-0012,44.8
4023430025,34.6
4-16131-0001,18.6
4-16131-0001,15.1
1-01775-0020,141.4
1-02039-0010,80.0
2-04668-0065,96.7
3062070040,73.7
2033260118,89.7
3023430012,63.0
3011560045,31.1
4096970052,48.3
4035450006,66.4
3024430026,65.1
1014267501,42.5
3023717501,86.3
2036000025,1.6
1000130005,51.7
1000750030,44.7
1000930001,120.7
1000640015,65.5
1000880018,59.0
2058731042,67.4
2059530001,213.2
4121370020,96.4
1016330066,47.3
1016330061,1.3
4004320005,77.3
4006400048,20.3
1008040034,107.1
1012910021,43.3
1011270001,136.4
1005250016,14.4
1008620011,99.2
1011430027,66.1
3024500006,106.0
1002390020,79.3
1003030025,87.8
4002580025,48.8
4004050023,36.6
4006580001,101.3
1012440033,20.0
3013610081,93.7
1007460060,466.7
3020140026,20.0
1012890005,35.0
4008427501,43.0
1-01864-0009,49.1
1018430055,59.1
1018400003,74.6
2-02940-0038,96.2
1001357508,51.8
3-02140-0017,16.1
1-02162-0001,175.4
1-02153-0001,29.5
4-03620-0021,74.9
3-04014-0012,103.4
4-03544-0024,45.5
1010110052,46.2
2-02572-0001,81.7
2-02568-0054,115.0
2-02553-0023,117.3
2-02553-0019,117.0
2-02568-0057,260.7
2-02568-0051,105.3
2-02555-0003,155.2
2-02551-0065,114.7
2-02551-0062,97.1
2-02556-0017,110.2
2-02553-0009,112.6
2-02566-0010,100.6
2-02552-0055,123.5
2-02554-0003,122.1
2-02267-0040,113.0
2-02554-0005,103.1
2-02555-0030,106.5
2-02553-0031,109.0
2-02554-0049,91.7
2-02555-0045,122.1
2-02555-0028,86.4
2-02555-0013,105.9
2-02552-0040,147.5
2-02555-0023,102.0
2-02568-0045,178.8
2-02568-0076,106.6
2-02553-0036,132.2
2-02554-0010,52.1
2-02554-0018,81.7
2-02571-0014,155.7
2-02556-0023; 2-02556-0027,48.8
3-02107-0001,64.4
4-04789-0081,25.3
2-03304-0001,15.1
1-00190-0041,125.9
3037010001,43.8
1008670042,128.6
2-03316-0008,133.9
1000460009,98.9
1-01116-7502,42.4
1-01501-7501,100.8
3-06997-0300,261.5
3-02723-0001,91.5
4-00254-0036,271.7
3-02643-0029,119.6
3-01337-0021,109.6
3-06503-0008,70.9
3019120040,44.3
1009930043,121.8
3007770001,61.1
1006030049,69.6
1019380020,39.1
4040890045,79.1
3061030042,59.7
4019350068,67.0
3009200023,88.2
1012020001,82.1
1012170057,94.2
1020947503,72.9
3051620001,89.7
2032990026,66.4
2033080008,87.6
4040447501,60.5
3054380036,93.1
1008930082,33.7
1008940052,68.5
1013380035,94.1
1014180021,79.9
1014180045,109.8
3060250032,80.2
3061370063,61.5
2031570059,20.4
4072630035,29.1
1001797507,34.8
1006247502,31.7
4006030021,38.0
1011170047,68.6
3067840016,79.1
4001600018,63.0
3060830052,11.6
3007350080,10.4
3007710050,55.4
1014260044,82.8
2033560001,95.4
4014437501,83.6
2039360025,63.6
1005430015,7.2
1015130029,122.5
1019930088,95.6
1003480046,68.3
3001937501,44.1
1014510017,48.2
3013140015,42.2
2057597501,30.7
3024067501,46.7
1010210012,6.7
4093750215,2.1
1004648048,339.4
3003477504,30.0
2032920048,53.5
2042490042,17.4
1022430386,14.8
2043240001,91.6
4082630147,88.2
3031900037,66.5
2031840061,72.5
2033260021,73.0
3-05369-0082,63.6
4049777503,49.7
1010650029,93.2
1008500004,23.2
5075840135,21.8
1012750008,30.4
3043050075,170.1
3017570025,71.9
3015720018,95.9
1007530078,134.7
2032970052,19.6
1006170021,87.7
2045280007,28.8
4006380013,17.6
3023500026,38.7
2026060140,74.2
3050310006,99.2
3050310001,96.4
3019170042,105.1
3050840029,90.7
3049010063,28.3
3049010057,125.9
1002300009,46.7
3049010052,100.9
3050880012,103.9
1002830024,59.4
3051730058,98.1
3013800054,91.5
3014230007,133.5
3048530086,99.8
3048880038,117.1
3014150045,88.8
3049530039,72.5
3050880016,109.1
3052520051,88.1
1022180008,131.0
3049510006,12.3
4014010031,66.1
4006770030,55.9
3013230017,91.1
1022300027,17.7
3048010037,80.5
3050840042,84.3
3013220046,78.7
3013160010,103.4
1021360020,86.5
1021740175,19.0
3045990043,126.1
3050880006,88.5
3014290017,76.9
3050260065,108.9
3050260250,94.9
3050260257,86.8
3050260235,100.7
3050340006,39.6
3047960026,176.2
3050260070,144.0
3002360007,75.5
1021570028,117.4
1021580047,113.4
4-04959-0013,55.3
2-05736-0006,71.2
3-05634-0001,120.9
1-01554-0023,89.7
3029480017,47.0
1-00514-7501,77.1
3-02289-0033,273.5
5-00004-0093,2.0
3-00687-0001,14.6
2027940005,77.9
4-00097-0004,44.0
4-05012-0051,80.0
4-04973-0016,437.5
1-00802-0061,88.4
3-05329-0058;3-05329-0052,75.3
1009930029,57.2
1005967502,38.7
3018240001,47.1
3012920049,55.8
3013260041,81.5
3056850024,111.8
1014737503,94.8
2025827503,50.2
4051867505,52.1
4049547501,55.6
4017817504,57.7
4015807502,66.4
3018810051,36.5
3017360014,34.3
1-01243-0061,65.5
1-00203-0021,52.6
2-04899-0003,54.6
1-00149-0012,49.1
1-02002-0052,87.1
1007840054,88.9
1007630067,65.8
2032580050,114.9
1008280064,46.3
5028627501,31.3
3013327502,72.9
2029730054,86.4
2032160060,94.9
2033290060,73.8
2032000007,79.6
2028760163,73.1
2031860027,83.0
3-08720-7509,4313023.0
3-07369-0027;3-07370-0021,73.1
3-07369-0027,187175.0
3-07369-0027,9952197.0
3-07369-0027,148161.0
3-07370-0021,8084386.0
3-07370-0021,160100.0
3-07370-0021,146888.0
3-03113-0022,83.8
1-01887-0031,139.9
3-01417-0007,49.3
3031100028,84.1
4099780034,112.9
3-04703-0036,91.1
3-05392-0032,75.9
2031270001,95.7
"4-00894-0075, 4-00893-0050, 4-00894-0002, 4-00893-0030, 4-00894-0101, 4-00894-0020, 4-00893-0020,",118.3
4-00894-0101,119.2
4-00894-0075,111.5
4-00894-0020,101.8
4-00894-0002,77.5
4-00893-0020,110.0
4-00893-0030,95.5
4-00893-0050,112.6
1009200013,44.7
3004900005,50.5
2041940032,15.5
1007960067,47.8
1022150305,96.7
5075110075,68.6
4044147501,68.4
4050230039,75.1
4051807502,48.7
4050230018,78.4
4053780041,76.8
1021650053,125.0
3009870011,78.7
3048970007,42.6
3020160030,60.1
3020007501,80.1
1020750017,114.8
1012527501,59.7
4049700001,17.9
3050607501,56.0
3045970001,94.2
1019090007,17.2
2023330012,27.9
3049690036,88.6
1018250001,83.3
2030610055,50.8
1017297501,15.2
4062870037,43.7
1013770066,53.1
1012437502,67.1
5004877501,81.1
5004877502,103.7
1018470039,69.4
1018470046,92.1
1020540006,67.2
1009400001,109.3
1020980029,92.4
3059870045,91.3
1010400029,91.9
1000350001,74.4
2-02573-0049,73.9
2025640051,11.5
4-16131-0001; 4-16130-0001,94.7
4-16131-0001,182.1
4-16131-0001,237.9
4-16131-0001,19.6
2057860204,350.1
4-00402-0025,79.7
2-02877-0261,91.0
3055240001,44.7
3027777502,34.0
3022967501,15.6
3051210060,92.2
3052410031,54.0
3033300025,84.6
3009920001,5.1
4005900001,81.4
1019877501,52.6
4027550014,36.1
5054970007,236.8
2029980002,216.4
4038030014,38.6
1-02200-0009,88.0
2029850017,4.9
3-01026-0052,67.1
1-02157-0029,70.0
2-03173-0001,96.3
3-02338-0023,40.9
1003360028,168.9
4002000001,70.1
4005790070,26.4
4013040057,95.1
1013070014,59.4
2032850052,77.6
3004590002,47.4
3033880001,74.7
2037390055,95.9
2037430001,93.9
3054000076,80.2
2-03025-0013,94.5
2-03162-0029,49.8
2-03213-0001,124.9
2-03214-0007,89.4
3-06826-0070,85.9
1-02246-0055,23.0
1-00790-0011,16.8
3-06101-0044,77.7
3-00639-0132,19.3
3-01871-0030,33.1
3062517501,62.5
5031070012,128.7
2031610030,17.9
3013040135,83.5
1-00843-0008,152.3
1014910025,41.2
1-01954-7501,49.1
1-01954-0036,65.0
1-01789-7501,79.1
1017860042,84.6
4012900067,14.6
4012900061,62.0
2-03059-0041,73.6
4-05025-0008,68.2
4-00194-0022,5.2
4-00194-0017,101.4
1-00007-7501,116.1
4-00194-0022; 4-00194-0017,53.3
3060250037,96.9
3049490006,112.1
3031100035,109.9
4-08884-0017,71.4
3066007501,11.9
4-01256-0001,104.9
3-07379-0007,76.6
3005450010,60.1
4-01019-0046,13.3
4-00575-0002,79.8
3-05781-0062,74.2
4-00829-0035,95.6
1007120011,41.0
2037670066,23.8
1-01527-0045,77.7
1-01590-0036,93.8
1/02123/0077,63.1
1018720001,37.7
2033120030,18.3
1005950059,27.5
4150090051,89.1
2048200020,75.4
2032800048,65.5
2032800045,68.6
2046710064,104.7
2029480003,70.5
2033220035,64.2
2025080031,122.2
2058141191,40.1
2031140044,89.1
2028620006,43.5
2042230039,46.8
2057600161,34.7
3/07690/7501,42.8
4097120186,64.8
3-00991-0031,14.1
2-02897-0140,26.7
3-02072-0036,6.7
3-01783-0023,63.6
1-00350-0008,21.9
3066660013,25.7
1000220013,79.8
3004710125,36.9
4043170041,104.1
3-03092-0027,42.8
1-01846-0052,226.5
1-01922-0003,139.2
1-02242-0026,17.5
1-01821-0046,25.5
1-02136-0098,48.3
1-02250-0080,76.2
1-02248-0024,49.6
1-02139-0277,38.0
3065807503,27.8
1-00863-0013,34.3
2029770110,80.5
4050417504,34.3
2-03330-7501,54.4
2036360001,104.8
3010320025,21.6
1021800060,30.6
3056780041,64.2
1-00820-0036,35.6
1-00409-0005,82.4
4005540001,489.0
3068880001,79.4
5-05495-0001,64.9
1013110029,45.3
4-00194-0017,93.9
2-03053-0089,47.6
4093060030,52.5
3070140002,78.9
3069630003,80.1
2036720001,99.4
1018327502,21.2
3070580013,93.5
3069790100,106.3
3069790200,136.9
1012200029,131.9
2024060021,82.8
2031330001,102.8
3012500025,94.0
1-01398-0072,66.4
4006240018,19.1
3002260018,80.8
4005750029,89.4
4045167501,47.9
1021790205,67.9
1003870157,74.0
1021420231,17.1
2031340035,24.7
2037730010,23.5
4013367501,141.9
1015407501,71.6
3002777502,106.4
1001937509,58.1
1002977502,74.3
1002737501,74.1
1002977503,48.8
1001947508,53.1
1020890033,28.4
3009427501,32.0
1001747502,48.3
1001897506,36.9
1020750056,71.3
1021410013,97.3
1021560092,14.2
3058217501,36.9
3031100010,41.0
1002847501,52.6
3062370040,98.6
3059190001,86.3
3064340021,88.3
3057570070,60.2
1017230033,116.7
1014377501,54.1
1017720062,81.4
3059190006,75.0
1005640034,31.7
3021830011,60.3
2051150028,13.3
2025330029,99.4
4096480001,57.3
2051150047,16.9
1012930050,128.2
1018490002,35.5
1019097501,10.4
4060210029,79.2
4049950014,81.5
3020150066,86.0
3052160060,123.0
4014670006,102.6
4049727501,47.8
4000490006,8.7
1016030014,41.8
3019607501,83.2
3073690068,46.2
4062860032,51.3
4003410045,76.4
1007920020,56.7
3087237502,38.1
1003937501,64.8
1022480028,15.2
1022500018,16.0
1001937511,66.5
4004410009,58.2
4015427502,62.6
1021160001,55.4
1005900056,54.2
2049720018,12.6
3009180012,98.4
3009140001,88.9
1005280035,37.0
3002370037,74.4
1000917503,44.2
2033170039,86.3
1-00712-0042,60.4
1-00712-0021,164.1
1013257503,73.8
4030820061,105.0
2037860001,62.0
2033170034,110.9
3065910007,91.2
1018730024,173.6
3023340005,26.1
2028120017,120.4
1018280034,91.9
3002550042,4.3
1007660009,95.1
1015540009,39.2
2025210024,103.1
2025200023,103.4
4-05066-7505;4-05066-7507;4-05066-7506;4-05066-9100,74.0
3-06795-0040,71.4
3-06766-0051,83.1
2-04344-0038,109.3
1008840027,73.8
1-02048-0001,6.5
1-01138-7502,63.9
1008270068,78.1
3008440040,284.2
4-03619-0005,72.7
4-01284-0051,79.1
1-01894-0011,85.7
3-00706-0024;3-00710-0001;3-00687-0001;3-00691-0001;3-00695-0020;3-00695-0001;3-00679-0001;3-00683-7501;3-00706-0001,44.2
3-00706-0024,17.2
3-00710-0001,27.9
3-00706-0001,115.8
3-00691-0001,0.8
3-00695-0020,22.4
3-00695-0001,22.2
3-00679-0001,0.2
3-00683-7501,0.3
1000420036,17.2
4-00635-0001,64.6
4-00378-0001,93.7
4-10262-0006;4-10264-0091,102.3
1-01369-7501,54.3
1-02025-7501,66.2
1-01735-0053,90.5
1-01667-0042,63.4
1-01046-0054,96.3
2-03306-0042,79.8
2-04410-0021,127.4
3067790022,38.7
1018940043,71.8
3056230012,75.2
1016020038,64.7
1016020046,70.5
1016030020,91.7
1016020050,89.4
4068100052,60.6
1-01578-7501,64.4
3023527502,115.6
1009197501,39.1
3087630007,75.1
3087630013,81.7
2030170065,101.9
1016020038,87.3
1007590072,59.7
2-02344-0017,24.1
4-00422-0007,42.3
3-02325-0024,45.5
4-08520-0002,371.6
1005510016,52.2
1009290050,74.0
3-05871-0036,167.7
1-00846-0060,60.6
4-05037-7506,37.4
3-07279-0162,48.7
5-07187-0001,8.9
3-02608-0078,7.0
4-05017-7501,66.8
4-00570-7503,41.0
4-00570-7504,41.9
4-00551-7501,73.1
4-00578-0020,84.4
1004920038,46.3
1012970023,43.6
4004860013,36.8
1-00889-0055,66.1
3-07449-0030; 3-07449-0025,72.1
1-00602-7502,66.1
1-00716-7504,52.1
3086820042,69.8
4012900054,110.2
4012900025,120.7
1022430258,97.7
2031770041,27.2
1008517502,30.9
2040850119,274.6
3013257501,48.4
4157670001,66.4
4001430350,32.7
1-01386-7502,63.0
1-00219-7502,75.2
1019990036,85.4
4155290019,4.2
2028760131,75.0
1008910030,56.1
3012710005,80.2
4008460042,74.5
4015770001,71.0
4008460048,71.4
4023740160,72.6
4050230001,68.8
4012780001,67.9
4001850017,88.0
3053900066,89.6
4051230004,17.7
1008970001,75.2
4002240031,56.1
1013920044,141.8
1015130063,86.8
4017860038,58.1
1018610037,7.7
4067930055,0.1
4067930035,90.8
3066900045,86.9
3051240035,70.9
3048910001,113.6
1007007501,97.2
1020710005,101.2
1013660039,66.8
1011250001,259.9
3057310059,69.3
3052370046,88.4
4092930036,100.7
4001530012,89.4
1022400013,72.3
1010530044,81.2
4000550029,64.2
4088650001,87.6
2038010046,84.6
2031600020,116.0
2050470006,39.4
1021270023,72.1
2038990055,79.1
2032140086,109.2
2048450031,90.2
2033330009,84.8
1021430062,74.0
3056370024,53.7
1021680070,120.2
1021740245,115.7
3052370041,80.6
4110830035,23.0
2026760049,89.4
3050720041,79.8
1009990048,316.8
1022300011,107.6
4-05186-0019;4-05186-0024,91.3
3051220066,77.7
3-05083-0108;3-05083-0095,96.5
4014310006,124.3
4051860046,93.6
4099130059,79.9
4092660042,87.9
1015590019,100.5
2-02722-0052,78.6
2-02736-0254,26.5
1008510035,60.2
1-01616-0024,116.4
1-01902-0056,82.1
2-02850-0060,60.3
5-03372-0001,86.5
1-00297-0001,0.0
1-00079-0014,2.4
2-02345-0018,30.1
3-02406-0026,103.4
3021990039,88.6
3022060003,82.3
4092360033,80.3
4162260074,57.7
4099820023,63.6
4099820022,73.4
5017600001,21.0
1-00219-7505,38.2
3021470043,69.1
2-02832-0040,73.5
1-01838-0022,61.7
1-01877-0063,30.7
1-01842-0051,104.2
2-02314-0015,55.1
2-02314-0001,49.2
2032130040,76.1
3000200006,32.9
1-00078-0004,47.7
3022780002,37.2
2023190112,425.8
3005170017,1.6
3057420006,225.6
3066810225,99.9
3066830052,107.8
3066820045,160.8
1013257501,49.9
2038750017,136.9
2033350042,88.9
4097160118,31.8
1010350036,201.2
1010350029,171.5
1000640009,95.2
1020750061,124.1
1012200005,102.1
1012207506,102.1
3050560029,13.7
3065310006,92.6
2-03218-0066,108.7
2-05228-0041; 2-05228-0012,74.1
2-02842-0023,481.8
2-02690-0100,98.3
3063770022,72.3
1004810028,103.5
3050970005,46.3
2033050032,17.3
2033200033,69.3
2050690036,70.8
2025360005,18.0
2024530053,106.8
3066257501,75.5
3037380012,31.9
3-07111-0051,58.8
4-00393-0008,38.5
3053710051,105.3
1014980047,93.1
2033340053,63.5
2044240012,58.0
2024710011,75.5
3066120052,81.5
3014150016,89.9
3075790029,62.9
4099540049,85.9
4050510001,84.9
4097140138,92.3
4012710014,65.3
4097140152,79.4
4098240043,97.8
3021830016,89.8
2023440075,25.8
4-04034-0015,6.8
1008330047,225.7
3019840078,29.7
3013320038,182.4
3024630012,56.8
3021560023,41.2
3021560124,45.7
1-01213-0054,83.1
1008000010,84.7
4-00446-0010,63.0
4026880017,4.9
1-00374-0043,83.0
1-00594-0072,52.8
3-06780-0001,51.0
3-01169-0019,76.1
4-00256-0014,16.1
1021230070,6.6
1021360056,5.7
2-02690-0027,100.1
2-03204-0009,140.6
2-02675-0036,133.8
3061010005,68.4
1021760152,90.0
4-04994-7501,78.3
2-03844-0001,9.4
1020820001,97.1
4-02342-0001,17.6
3-06681-0035,14.9
3-07104-0144,81.5
5070540518,114.0
4-03175-0001;4-03175-0070,55.8
4-03175-0001,14.0
4-03175-0001,15.7
3027490011,27.4
3065530038,99.7
2033230050,26.1
3-02148-0004,91.2
3-02424-0031,94.9
4-00502-0041,59.1
4-00535-0051,48.5
2-03715-0011,119.3
2-03715-0017,122.7
2-03102-0009,137.4
2-02520-0001,175.9
2-02841-0083,129.1
1-01363-0043; 1-01363-0040; 1-01363-0037; 1-01363-0012; 1-01363-0031,15.0
1-00696-0058,9.0
1004590029,103.7
3011247504,34.6
4-04981-7501,72.3
3-06992-0120,5.1
2-03264-0001,10.4
3-01618-0015,16.7
3-07247-0105,33.6
4-00120-0075,13.5
3-00979-0018,9.5
4-08668-0118,2.7
4-09286-0001,20.7
4-05066-7504,18.9
4-04387-0001; 4-04387-0101,5.0
4006427501,50.0
4045740104,76.6
4045880052,72.1
4046030048,75.1
4045910082,70.3
4045910129,73.4
4046030034,75.1
4045880038,67.3
4046020030,73.0
4046030032,71.9
4045880001,64.3
4045910096,74.3
4046030018,74.7
4045880051,74.5
4045910083,75.5
4046020131,67.2
4045880024,79.5
4045910145,70.1
4046020120,75.7
4045880023,78.9
4045910109,74.0
4046020125,83.5
4045880036,75.2
4045910135,74.6
4046030019,18.5
4045910075,75.5
4045910103,70.5
4046020119,67.0
4045910066,68.3
4046020034,75.5
4046030002,77.6
4045910118,78.1
3055470018,54.1
1008807502,17.0
1004130043,67.2
1005007501,95.7
1011410013,136.4
1010260037,220.5
1-00840-0031,50.6
3-05026-0034,57.4
3-02033-7502,47.0
1-00425-0008,111.3
2-03028-0003,71.9
1013210022,55.3
3005200026,5.3
3060860033,95.4
3055770001,98.6
1002030017,52.4
1012620021,57.6
1013790030,50.2
1003360029,145.7
1012490001,97.7
4003620017,77.4
4097110125,87.5
2028730054,17.0
4050190005,267.2
3063140024,250.5
2031190052,113.3
2029570038,186.5
2031040045,172.0
2031150013,175.8
2045070038,401.9
3031480017,75.0
1-01035-0017,72.4
3-04452-0460,53.0
3-04452-0510,97.8
3-04452-0480;3-04452-0470,67.2
4092660032,59.0
1006417503,80.7
1006417504,115.6
4050760020,21.2
1-01433-0007,52.2
1-00895-0031,83.6
1011437502,26.0
1-01198-0019,37.7
1-01244-0044,53.1
3-01167-0013,107.2
1-01840-0033,16.8
1-01374-0045,70.5
1-01033-0032,71.0
1-00576-0042,41.0
1-00576-0036,6.6
3-06642-0037,74.1
2-03237-0092,117.5
1-01558-0031,70.3
2-04651-0073,104.5
1-02139-0159;1-02139-0152,47.3
4-05134-0059,31.8
3-04804-0040,111.4
3-01374-0054,62.8
4033290054,55.8
4092310091,46.9
3006250090,28.5
2040420236,23.5
3020117502,44.6
1-01047-7501,86.1
3005830036,68.6
1003527501,101.4
1003467501,61.3
1003477501,85.2
2031890030,53.9
1012327501,61.3
1004360044,86.8
3056220064,70.4
2033120080,86.2
2028390036,69.9
1006937503,65.0
3050240074,54.3
3050240053,34.7
1005937502,60.7
4021350050,82.6
1014387501,82.0
1005297504,114.7
4020900047,72.3
4051407501,91.7
4051017506,73.4
4050427505,102.3
3006550015,56.5
3011920014,123.9
1020620041,17.0
2030830034,163.5
2032080043,136.3
1004997505,59.7
1008567504,45.3
1013690024,80.6
3028930042,22.5
1005370037,162.6
3050560040,91.4
1012060037,60.1
1012060020,64.5
1021230080,77.8
4-09681-0067,43.5
4-00183-0009,108.6
3-05820-0005,39.1
3-05818-0027,79.7
3-03100-0074,48.8
4051010071,3.0
1002330002,120.8
1008770089,141.3
3011477501,21.6
3013127501,45.1
3-02392-0008,21.3
1-01269-7502,78.9
3-01466-0051,88.9
3-06733-0035,52.0
1-01262-0001,54.1
1004830001,62.7
1021710020,66.3
2039920032,3.5
2042260130,144.5
2050650075,96.3
1-00509-0019,48.2
3-02721-7502,58.7
1-00857-7501,75.8
3-00231-0019,65.0
1-01870-0001,77.9
1-00212-7503,122.9
2033260025,85.5
3-07459-7501,54.8
4-15543-0046,96.4
2-05803-0801,100.2
2-05803-0801,323.9
2-05803-0801,331.1
3-00224-0005,55.3
1-01117-0039,83.4
3023990001,59.8
4001280073,92.8
4096680005,28.5
1022280045,99.2
4092380001,86.2
4097270041,70.8
4092660045,82.7
4098840001,80.8
1011640037;1011640042,49.3
1011640042,68.1
4091210024,18.8
2022770082,26.7
4002950052,13.8
2032440120,24.2
3041450001,10.3
3018770044,10.5
4026117501,51.4
2023910052,12.4
2028990058,18.8
1021430020,42.5
1021430021,77.9
1021430013,105.0
1021440008,142.9
1021690060,110.1
1021690001,87.0
1021740241,45.5
1022270029,122.3
1021440033,95.0
1022260035,97.6
4043740035,68.2
4050510020,94.5
4050260007,130.9
3050830108,106.7
3050830095,86.3
4051860019,161.9
4051860024,20.8
3052790019,56.1
1012097501,61.3
1013920047,32.8
1012480051,71.8
1022420061,59.4
3053200001,76.4
3053200046,70.7
1018630049,94.6
1018300029,79.0
1018440055,94.4
1019320033,53.1
2042260070,79.2
2042267501;2042260040;2042260035,190.4
2040850096;2042267502,73.3
2038580001,76.0
2055597501,81.7
2027550062,82.7
1000720027,26.3
1019037501,47.3
1021530029,62.7
4093510001,82.3
4060240017,71.3
2032960027,88.6
1022380033,55.1
3026997501,28.1
1-01487-0002,25.4
1-00629-7502,101.3
1-00757-0001,159.7
1-00757-0066; 1-00757-0001,58.3
1-00745-0040,67.3
1012500040,82.3
3-01894-0054,37.4
2023450022,30.3
3001707501,54.1
1007167503,49.7
1010477501,86.1
"2-02374-0038, 2-02398-0030, 2-02374-0060, 2-02401-0007, 2-02374-0059, 2-02401-0023, 2-02398-0040",126.5
3012607501,44.8
1018420059,52.0
2-03210-0065,203.0
1017860009,71.4
2035960035,70.4
1-00773-0027,127.0
1-00773-0056,0.8
1005210043,68.5
1006930031,4.9
1005170011,22.9
5002130001,36.2
5002030001,38.5
2-05039-0007,56.7
2-03866-0005; 2-03866-0001,79.3
2-02876-0087; 2-02876-0088,87.9
2028090022,56.8
3064480001,82.0
1-01021-0019,73.8
4-04414-7505,31.3
3045020027,32.0
2038230007,73.5
1010430011,100.0
3030150001,26.5
1009990012,47.9
2052760001,93.4
2033070081,84.3
2045680008,38.5
1021860001,53.9
1021990001,42.5
2050640090,33.7
2-03636-0005,276.6
3008040001,206.7
1-01169-0042,96.6
2-02611-0001,43.1
1-02162-0001; 1-02153-0001,102.4
3029890001,55.1
2031420074,28.1
2024560070,36.1
4004620001,73.0
3-06603-7503,52.4
4-00602-0014,9.0
2030350048,68.7
3-00511-0028,16.4
4003920015,13.3
2/03052/0001,106.8
5-07487-0222,9.2
5054320001,64.7
1005900016,64.3
4004470040,68.5
1-01786-0004,36.9
4066340001,167.2
4001150036,44.0
2025920035,47.7
5001140052,165.1
2-05560-0077,57.2
4024510015,71.5
2-04732-0035,42.8
2-05287-0001,80.9
4002530027,53.8
4-04148-0100,44.3
3050600054,133.0
1-00476-0073,4.2
2045690020,83.3
3005220022,64.4
3067410006,46.5
1008290042,86.9
2028310044,94.7
2028310040,63.8
3-03154-0018,6.8
4050507502,5.4
3-07404-7506,40.5
4-09418-0012,54.4
4/10212/0011,71.9
3056290038,91.9
2-05280-0034,31.0
4-00307-0035,28.0
1006980061,50.2
3-00771-0040,71.2
3051010061,91.0
1010120026,29.6
2029910048,14.3
2-02878-0001,116.6
2-02861-0021,78.6
2-02861-0119,89.9
2-02878-0019,61.3
2-02878-0017,20.7
2-02878-0015,97.5
2-02876-0185,18.5
3013130014,166.8
3019250007,10.6
4-03175-0070,47.2
4093800001,138.7
1-01128-0001,72.3
3-03278-0008,70.4
3-03049-0029,35.9
2-03160-0009,133.8
1-02165-0001,48.0
1010720001,37.7
2036810001,83.2
4118850001,391.0
4000297502,37.9
3022830001,124.9
1001750020,39.7
1-008597503,43.7
3031830055,35.9
1012610036,87.6
3086797501,74.1
4001597501,63.0
1007690031,38.9
1012490036,19.2
1021100037,15.9
3087090084,105.2
1001467501,47.6
3050810070,101.8
1007697508,83.7
4052680028,56.3
4092460305,63.3
1001790017,56.8
4099700100,107.8
4015530035,71.4
3001330005,58.5
1019680039,149.7
1019680044,13.9
1013180019,66.0
3008957502,105.9
3027497504,45.9
3023837501,25.2
3009617501,34.3
3025217503,31.0
3023037501,41.1
3023197501,57.8
1008847501,23.3
1000920003,78.8
2031710005,17.4
2037660052,73.0
1019540011,77.2
3047540036,75.3
3020500104,62.8
1015400018,18.8
4019750009,88.2
1007590055,91.9
1004890009,26.8
4114040136,70.0
3018660023,66.5
4013097501,46.6
1021450012,105.1
1007630034,153.6
3057017501,96.7
1020980023,12.9
1020480021,31.8
1021140005,89.5
1021150001,26.1
1020830001,110.4
1021090041,118.6
1020070002,117.9
2031860017,0.9
3062850001,68.2
4049580044,93.2
3011760079,123.0
4082140008,25.1
4033717501,18.9
1012537501,66.0
3038960035,106.1
1000650006,105.5
1014160012,15.9
1005530041,12.4
1015280005,12.2
1004867501,37.2
2030900049,14.0
4035450069,71.4
3024160001,19.5
3025560058,28.6
3020160012,38.4
3013630001,98.0
4035450075,40.2
3030520022,38.9
3024950030,40.1
3028320015,50.5
3018710018,52.4
4025750300,34.2
2024530003,73.2
4006400003,42.9
1009350053,79.6
1008440008,40.9
1008950082,95.1
1013740047,88.8
4051867504,88.4
4051827501,93.3
4014677501,24.1
4-00590-0021; 4-00590-0023,92.7
2031100054,95.8
1-00787-0040;1-00787-0044,64.2
3063280043,83.3
1021340019,46.0
4099780038,110.6
4099780001,113.5
3009900369,16.7
4036080240,21.7
4025760001,0.8
3009547501,9.8
4097367501,80.8
2038430001,16.5
3036500028,19.0
1004150018,87.7
3014020029,96.8
3013750069,69.1
3048530082,53.3
3052520056,193.9
3050880001,104.2
3047960030,14.4
3050050026,77.5
3048900007,117.8
3048880001,73.8
2055190119,21.7
1012930007,65.7
1005937501,43.1
2054520090,56.5
4-01010-7501;4-01011-7501,74.2
1-00474-0026,19.0
1-00486-0002,16.1
4-01486-0013,52.4
4-03560-0010,33.0
1-01290-0052,62.5
1-01288-0024,62.4
1021680066,75.0
4-00842-0077,101.4
2-02460-0030,82.2
3-03452-0020,12.5
1-00146-7502,54.1
1-02071-0039,96.9
4076440002,59.3
4076580002,78.1
4076600002,43.6
4066780001,24.6
3053810018,82.1
3053990045,116.4
2023710006,102.6
4026810035,77.2
2033230036,37.5
3064680016,56.6
1021280031,91.4
1011430020,74.8
1022380011,18.8
1012520072,68.8
1021710100,91.5
1021410038,15.5
1021420200,120.5
2032790034;2032790035,78.7
1-00783-0034,78.3
1021347504,61.4
4004250001,47.9
2-03128-0013,78.6
2-03128-0009,167.7
2031280029;2031280032,133.0
2-03133-0013,97.6
2-03134-0001,101.4
2-03129-0029,94.7
1-01335-0005,72.7
1013030033,47.4
3001427501,66.5
1005470025,38.5
1005460030,9.4
1021760005,61.6
4-01476-0052,106.3
2-03252-0310,70.8
4013440022,101.7
3-06997-0117,38.6
3-01220-0024,80.8
3-04963-0044,66.3
1-00372-0031,33.0
1-00170-7501,84.9
3-06706-0048,98.7
1021530047,59.1
4118860016,161.7
1012520029,13.7
3048530090,71.1
3-01408-0001,66.2
2033630058,22.7
2028720001,24.5
2-05958-0001;2-05958-0010;2-05933-0425,99.0
4007180041,90.0
3001720024,85.8
1020640039,90.2
1020820045,21.8
3009497502,57.6
2042870005,181.9
3000417501,53.8
1007647503,30.2
2032230034,86.6
2031560044,93.9
2028790192,84.7
2032630284,44.5
2048330028,79.5
2033540033,58.7
1021770142,15.5
3019850014,121.5
2026030161,86.8
2026070068,86.9
4133800033,63.5
4133760040,48.9
3019970053,108.1
2030060024,86.2
3027147502,53.8
4035247501,40.9
3000207501,63.5
1008020054,44.4
1022220041,104.1
2023407501,52.9
1021220088,87.1
1021280008,118.3
1021330030,136.8
1021690029,95.2
1021410048,136.8
1021690034,115.4
1021430009,46.8
1021760054,123.1
2031430271,95.2
4007880001,64.8
3007247501,104.2
5050160005,56.5
2033970023,43.6
2027000053,135.2
2025500007,154.9
2025500017,99.5
2026120035,87.4
2026760085,137.6
2026850050;2026850051,96.9
1-00386-0001,60.2
1-00377-0016,80.9
3067660014,69.1
2-05000-0001,144.6
3029140035,43.5
2026010007,49.4
1-00760-0020,134.1
4035420070,7.1
2-02703-0018,88.7
1-00372-7503,43.5
3011427502,45.6
2032250001,100.4
2029790014,59.8
3017800131,19.8
2023710006,101.6
1017860018,97.9
1017720009,100.4
2042260006,373.7
1004677501,65.7
3017520001,23.6
2-02869-0047,81.9
3032060001,44.8
3-00704-7501,11.8
4-00214-0251,46.9
2028070027,106.0
2030310054,69.5
3024640014,60.2
4035500031,31.8
1012457501,63.5
4003190020,83.3
1014020042,193.7
1017880001,121.9
2032020055,13.5
2030530074,150.8
2029620029,51.3
3066070034,14.6
3066357501,38.8
3020990016,94.4
2023920020,52.6
3016830011,126.2
3051317501,23.9
3065410024,57.2
4035440027,59.4
4012720025,70.0
1021280051,196.5
1021290001,101.2
3050560033,190.3
3050560029;3050560033,96.3
1-01001-0055,69.2
3086780059,123.6
1-01931-0001,58.5
2030220037,41.2
2027630075,19.9
2025100023,19.9
1005580010,131.2
1005550014,101.2
1000087501,90.5
1007640007,60.8
4-01704-0018,12.1
3-02878-0006,56.2
3-01103-0037,83.7
3056250008,50.2
3056460006,64.7
3056460013,76.8
3056250005,78.7
3055900052,64.3
3049170006,100.4
3013960017,102.1
4013760032,86.8
2-03739-0012,43.4
4013207501,57.6
3-01751-0003,52.1
3086310001,185.2
3-05300-0055,68.2
4027530220,37.2
3067847502,10.2
2049530030,11.5
3064130042,78.2
3068630006,96.5
3064500035,99.4
3012800070,97.6
1021700251,96.9
4098460011,90.2
2032830022,95.7
4006390007,77.9
4007170009,65.9
3011420060,27.8
4103430070,26.6
2-03225-0123,105.2
2-03278-0059,33.3
2033350154,111.0
3-00772-0057,127.2
4026020020,121.1
3011047508,27.5
1006240060,56.5
2026040180,45.7
4-01939-0011,33.8
3-00512-0025,61.2
4003640025,85.6
3045250029,40.8
4050177503,153.6
1013497502,70.6
4096690012,71.5
1-00237-0014,114.6
3056210006,121.6
1019580015,97.3
3065787501,48.4
5-01760-0035,39.7
4-15568-0001,147.3
3022450055,46.8
4-09262-0095,96.8
4093540025,41.0
1-00801-0071,107.3
2-05541-0215,39.1
2023700035,58.7
3018620014,45.4
3011560090,100.3
3011560070,631.8
1012310055,210.0
2033010066,59.9
2032030044,136.0
2037410001,121.9
2038640012,109.5
3070520014,82.0
2043430005,209.6
3023447501,74.5
1014940015,63.3
1012830064,88.0
4014867501,28.8
3011327503,71.0
4014867501,30.8
3019600070,60.6
3039330016,81.0
3073240042,89.6
2024560248,41.3
3032930001,111.2
2028760070,43.6
1019490047,87.9
3008667501,35.5
3051070003,79.1
5011360237,117.6
4157620070,35.9
3064460001,80.9
3062850039,84.7
4057840100,252.0
3002797501,27.1
4051217502,26.0
4092667501,63.2
5010650007,84.6
1000790010,23.4
1008800082,33.7
1008800004,76.6
3007350085,75.3
1004817503,59.0
1019910032,20.8
3053750077,96.5
1018920019,72.1
3067390047,16.0
3014030048,112.2
2031950104,16.4
3062730039,63.4
3056907503,49.2
3081190068,3.3
3064360012,51.7
3081280041,98.9
2031430179,0.7
4043700015,28.9
5002380046,97.5
4133120015,50.4
4002240001,76.9
1021680036,15.8
1019307501,47.1
1011230001,63.6
1009930005,15.4
1010070061,14.5
1010110013,39.2
2033040126,108.0
3054160007,78.7
3011790023,75.6
2048250080,72.6
3054007502,113.6
3011790071,62.5
4005527501,71.7
1001740023,43.8
4049770050,117.1
4050490001,88.8
1001907506,28.8
1014710038,13.4
2046760110,47.2
1001780016,49.1
3002210001;3002210013,100.6
3002210013,124.6
3002210001,157.8
2041740010,59.4
4051357502,77.0
4141520060,74.1
1013050032,39.6
1007800015,56.2
4024400001,17.3
2044390001,74.3
4096810073,74.7
2030840008,101.4
3072797501,77.1
4050490027,94.4
4051800049,94.2
4050130059,142.6
4050130001,135.4
2024660011,41.9
4002900025,34.0
4049807502,57.6
2028747502,79.3
2025180036,81.6
2026907503,66.0
4161680017,32.0
1012347502,57.1
2032920023,13.2
1013270029,79.7
1-01373-7508,32.8
1-01331-0001,83.1
1-01291-0028,76.8
1012520060,20.4
1012520063,188.2
2-02689-0048;2-02689-0047;2-02689-0001,62.7
1-01821-0025,84.6
3-03354-0001,274.1
3-03798-0025,236.2
2-02926-0002,177.0
1012967502,52.5
1007390001,233.3
3054360045,39.5
4-12980-0001,49.2
1017500001,28.6
3024727502,55.8
1009030056,71.1
1-00053-7502,71.1
3035210022,42.7
1013910021,167.3
3012890001,53.5
4002757501,146.3
4010180002,186.0
1016440008,59.1
1014900044,19.5
1014900040,1235.7
1014900030,20.4
1014900032,19.9
1014900036,21.2
1014900010,31.1
1014900015,19.1
1014900009,17.6
1014900019,20.4
1014900023,21.2
1-01472-0034,62.2
4-05011-7504,52.9
1-00834-7501,86.9
1-01276-0023,228.2
2-03267-0011,54.7
1007590061,62.8
1011690001,41.8
1-01497-7501,71.1
1-00642-7502,58.0
2031640041,123.9
2-02762-0086,99.4
3-01982-0069,93.1
3-01982-0007,10.5
3-01982-0001,169.6
1012020026,52.7
1-01832-7502,71.2
2033990070,80.0
4157060001,59.0
1005947506,60.8
1002107501,26.7
1-00594-0008,69.1
3003897501,48.9
4049527503,53.2
4005390041,48.9
4005390039,87.8
1004887501,133.6
1020990036,80.9
2026030161;2026030157,82.2
2026030157,64.6
4132927501,52.6
4103520050,80.7
3032210031,51.3
4002150009,20.3
2028100045,100.7
2031570039,113.2
3075660006,54.9
3076350077,70.8
3057507501,75.3
3011787502,75.7
3023420001,5.2
3021220004,23.8
2031730029,56.8
2029000020,31.8
4002677502,113.1
3065797503,59.4
1020060045,97.4
4010720001,17.3
3039080010,66.1
3053120032,24.3
4158177501,69.2
3027910047,67.1
4050397510,52.3
4049607502,70.9
4050047502,50.7
1018420039,96.2
2031520011,246.6
4017067501,68.5
1-00204-7502,32.5
1-00837-0067,118.0
5-02102-0045,31.8
5-02102-0028,31.8
5-00138-0100,216.6
5-00138-0258,20.9
5-00138-0258; 5-00138-0100,120.3
2031510030,113.3
2029040001,52.4
3010960055,6.7
3054880015,79.7
1-01313-7501,123.3
1-00729-7502,88.1
3-05472-0045,87.3
1018420053,15.0
1018420055,15.9
1018420057,168.7
2037920047,76.0
1013320031,14.8
2026960103,110.8
2033420047,97.0
2029310011,61.6
3-05206-0050,54.6
1000290086,579.6
2-02843-0093,86.9
1019760006,0.0
1003900005,12.7
5028460001,15.8
2033100057,66.5
5001070017,16.8
2054210005,41.6
1009997501,21.4
2032620097,282.7
2032630104,142.9
2-03171-7501,96.7
1-00459-0032,129.9
3-03330-0014,11.0
1-00801-0019,18.2
1-00803-0029,37.5
1-01239-0058,92.3
1-01210-0058,103.6
1-01167-0104,116.5
1-01140-0133,77.5
1-01064-0002,110.5
3025220003,74.0
3025570007,8.0
1-01311-0040,101.2
2031690034,41.9
3061337502,22.6
4006540062,74.5
4006540067,36.1
4006540072,46.9
1007700051,68.9
1007380048,62.4
1021650038,191.7
4097120159,38.1
5008880018,166.4
1015700041,90.5
1015030001;1015030007,91.6
5005210037,53.3
4015840010,77.8
1013100010;1013090156,104.6
1013100010,60.1
1013090056,174.5
3051477501,42.7
1019500029,22.0
3048600031,84.8
4096790059,112.0
3013680040,147.9
4015020006,69.7
4027550023,58.9
4014587501,81.7
4031047501,29.5
4050127501,60.2
1015110021,72.3
1004430020,90.6
3054080031,81.2
1010720033,59.1
2033200031,95.7
3004070041,70.6
3029270125,5.3
3025430001,32.0
3043430020,146.4
3032180042,35.1
3021730035,145.1
3029230025,46.3
1007490017,0.0
1009250060,57.1
1-01139-0001,70.8
1008240011,71.0
1005700008,57.8
1005700017,74.8
1008500039,38.2
1008580014,58.9
1015640031,85.0
1008070028,49.5
1012850059,56.9
1-01299-0048,39.1
1009440010,74.7
1-01772-0045,16.3
4-12603-0063;4-12603-7501,45.6
4004460001,97.5
4052640001,72.1
4002200023,12.8
5012680278,188.6
4093750231,252.0
1022140008,705.1
3-06300-0006,37.3
4004710725,18.4
2032850041,79.5
2032520260,74.6
3022640063,80.8
3046410028,91.3
3014810059,86.6
3013680063,83.8
3025050028,34.4
3030500023,38.2
3029220047,39.9
4017857504,58.8
2045050015,112.9
2031570044,109.9
2028110007,108.5
2031640019,129.9
1021800083,94.6
1017750028,5.7
2027320008,70.5
3072987502,34.9
3065797502,5.6
1-00572-0049,108.1
4157610014,95.4
3013210067,77.0
3046220024,98.0
3051670011,113.7
3009800023,27.8
4108350028,31.8
4-00315-0001,19.9
4060300040,58.7
1008590015,50.2
1-01831-0033,17.0
1005767504,41.9
1005867501,84.8
1006107503,67.9
1004807503,31.9
3054951138,36.1
3-05064-0053,118.7
3045960049,107.4
1011620141,70.3
3074220801,15.6
2-04546-0012,18.3
4004550005,475.2
4067987503,67.1
2-02771-0185,7.1
3021830058,99.5
3024210018,86.2
3024360010,61.5
3024250032,98.3
3053630006,76.1
1-00282-7503,17.9
1-01887-0048,63.7
1-00819-7504,71.8
2031740018,27.2
2032700113,85.6
3-02430-7501,114.7
4005760005,69.3
2057790820,51.2
1014080040,56.1
1006090047,87.1
4097180002,84.5
3023690040,46.4
1012397501,141.4
2033080065,78.4
5079910100,140.9
3065960082,81.4
3036120026,115.1
5064750001,54.7
4049947505,43.2
4003700020,241.2
1010240131,72.8
4009140005,30.0
4002550010,66.5
2033030034,79.5
1012070015,53.2
5046337501,34.4
4004320025,50.4
3070227501,24.5
3055300019,27.9
1019090001,63.2
4117470052,9.1
1010090046,58.3
1012610042,59.9
4101510007,64.1
2057030168,67.4
3062307502,32.2
1008300074,41.5
3067380052,84.3
1014500043,13.1
3087090014,90.1
1012350023,146.0
4005850017,84.5
4006270025,51.1
4050490043,65.7
3063360006,83.0
5005270005,74.7
3000420018,51.1
3004590024,39.3
4051867503,55.8
3062980006,94.0
1020780005,10.8
1008260029,47.8
1005007504,65.2
4157800075,27.6
1010100051,50.5
1013240001,30.3
1000977503,57.8
1000970018,70.7
1004720028,67.9
3074540029,51.0
3023447503,51.3
3026977504,41.4
2032500071,113.2
2032610061,82.1
2032630172,95.5
4015560006,88.4
4015560001,85.6
4004380045,21.6
4098307501,57.0
3022880024,165.4
4-04143-0020,47.2
3-04452-0545,326.2
3-04452-0590,47.8
3-04452-0555,141.3
4-04143-0025,57.7
3-04452-0565;3-04452-0575,78.6
1-00136-7503,71.4
3058540036,140.1
1-01282-0017,36.9
1012520060;1012520063,99.7
1006927501,69.3
3-08723-0279,90.4
3-06576-0043,188.2
1-01994-0069,78.4
1-01025-0051,105.6
3023340011,83.9
1014460008,62.3
3050850051,36.7
1017500007,102.7
1019330020,106.5
1-01096-7501,59.8
4097100002,78.9
1002320005,93.8
1003990044,77.5
1004440059,60.8
3009430240,3.3
2033240089,54.7
2024780012,80.1
2037420070,93.5
2037390067,110.2
2025050046,134.7
2028310024,415.7
2027830042,115.7
2028880028,20.7
2028500016,30.3
2039200029,23.0
2039200024,151.0
4008110001,58.2
2029320015,111.0
2029480020,45.4
1020640036,95.6
3045930110,7.7
1017700072,137.7
1009300020;1009300034,188.2
1-00996-0009,472.1
3-01954-7503,24.9
3-05028-0001,85.6
1-01293-0005,84.4
1-01319-0016,87.1
3-02386-0018,50.9
2-03318-0011,16.4
2-03326-0134,14.7
1-01051-0041,97.3
2-03812-0017,16.6
2-03342-0051,21.5
3-00611-0011; 3-00611-0006,81.8
3-00611-0006,40.9
3-00595-0250,42.5
3-00595-0200,37.5
3-00612-0001,16.4
4-03551-0050,8.9
1-00729-7504,51.3
3-02290-0005,73.4
4-01918-0052; 4-01918-0055,62.7
4-01918-0105; 4-01918-0107,74.5
1-00149-7502,51.5
4-10322-0009,38.6
3-00812-0026,52.1
1019620011,17.4
1019860006,32.3
1019630056,15.7
1019930053,95.1
1019900022,8.9
1019900025,14.6
1020947503,7.2
1019620018,37.5
1018670054,13.6
1018670064,13.4
1019620013,121.7
1018670052,17.1
1018670049,74.0
1018670046,20.0
1019620001,17.6
1018670070,9.2
1018670023,17.2
1019900054,11.3
1019900053,970.2
1019900052,80.5
1019900033,20.8
1019760029,17.3
1019760026,180.7
1018850027,12.3
1018840021,12.3
1018850024,49.5
1018820042,154.5
1019760016,16.4
1018830018,61.6
1018840018,19.7
1018840043,16.2
1019760010,18.8
1019940045,91.6
1018830014,14.3
1019940093,79.4
1018840046,10.0
1018830011,26.0
1018850015,19.8
1018840006,19.7
1019760061,45.5
1018850011,23.1
1018810054,23.7
1019940088,85.7
1019940084,23.3
1018960028,64.9
1018950052,22.5
1018960032,75.4
1018960077,14.5
1018960034,10.8
1018950072,80.8
1018960053,165.9
3-03001-0016,134.8
4-00909-0001,117.9
1022130001,94.8
3048840054,94.4
3052250060,63.7
3049680050,82.0
3051620034,77.5
1021550039,82.5
1021320010,145.2
1021320018,15.0
1021710028,86.8
3011720003,63.3
2027070078,99.1
2032390077,75.5
3031380036,64.0
1020750043,42.0
3009427503,50.2
2033070061,88.8
1022430395,85.0
4005430002,47.1
1013450005,116.9
4049620004,128.1
3012050014,0.0
2031170001,84.8
1013770058,85.4
4090450117,38.5
1018650001,1.6
1004057504,111.2
1019427502,82.2
1004077502,104.4
4093370019,20.4
1021230086,61.0
1-01947-7501,67.1
2-02441-0002;2-02441-7501,48.5
1-00870-7501,119.3
4004410016,47.9
3-02290-0010,297.3
3-06370-0041,100.1
3056290012,58.2
3054090001,58.8
3018867503,52.7
3014280047,65.3
3013060042,46.9
5024000375,164.2
5024000300,160.2
3008730069,16.6
4033750001,31.8
2029770103,80.9
1016010018,138.3
2-03004-0020;2-03004-7501,49.5
2047580055,1.6
1016450007,79.0
4139490026,25.4
3-07072-0001,61.3
3-03156-0001,52.3
4/01688/0002,52.6
3027497501,31.6
4051057503,56.6
3029430002,1.5
3007670038,58.5
3007670043,127.3
3007330038,89.9
1017537503,35.0
1017520057,65.1
1017450055,150.1
1022430277,146.0
1017857502,92.6
2041140001,35.9
4005500007,89.0
1004867502,77.3
1004590019,39.2
4123810010,62.0
1011310050,116.3
2023150001,79.5
2050350034,86.9
4049720057,48.6
4083520051,50.2
4059000050,90.9
4021760001,62.1
1020630050,94.5
1021390268,88.3
4074710007,30.0
3014370015,72.4
4025750160,81.5
1010620017,70.0
2028620103,47.1
3012110043,44.5
4051820039,93.6
1-00187-7503,36.5
2-03805-7502,104.6
2-03805-7502,124.3
2-03805-7502,113.6
3021357502,49.2
3021357509,50.2
3017547505,38.8
3056640054,48.2
3054850007,67.6
4008397503,66.4
4008390007,77.1
4001890025,12.4
4049950050,61.3
3056370032,42.3
3006520036,23.7
2037020101,117.6
5-02172-0071,2.9
1006290013,70.3
1015070050,91.9
2041760003,37.3
2-05531-0021,47.7
2037340015,16.1
3-01259-0029,71.3
1-01048-0039,157.6
1004290029,31.9
3050800068,129.8
3050990116,98.1
2030610042,43.8
3-06557-7502,32.5
1002240024,24.8
1002927502,66.9
4001967501,19.7
5001090006,100.3
4049817504,114.9
3-04109-0107,11.9
3017780031,29.2
2042390005,118.5
3067667501,52.8
3043410001,8.5
4133760029,35.6
2027520009,90.2
4005770043,85.8
3-02186-7502,17.9
4015317501,12.4
4018377502,51.1
3009227502,82.2
4109750029,53.1
3054180012,98.2
1-00824-0015,42.5
3059290038,127.7
4-07067-0054,14.0
4-07067-0063,114.3
2-03016-7501;2-03016-0011,44.1
3011560015,77.9
1008300054,70.6
3063320037,97.5
3072930003,72.4
3067687501,20.9
3007490005,126.0
3-05590-0060,102.5
4-15537-0147,53.7
2-02961-0015,128.0
3-02365-0019,60.3
2044270029,81.4
3056390001,49.8
3036680002,320.3
4155050001,135.8
4108260006,175.9
2025330092,83.3
5005340120,124.9
3018240012,181.3
5005340001,33.2
3013620001,126.0
1-01426-9035,51.6
1-01302-0033,76.3
4098130001,189.1
1004600056,51.8
1009267501,140.3
1005320030,97.5
1008907503,75.0
2025320043,69.1
3011700029,63.6
3048377501,30.9
3051417501,34.2
1009130014,62.6
4005850029,91.9
4107410184,58.0
4107410178,68.4
3008870012,62.5
1014140017,104.4
5070720001,56.1
2028500034,44.1
1020020002,93.3
1020697501,71.4
2032500135,78.5
1002807501,51.0
1021370070,67.7
2042380018,97.0
1018707503,97.7
3007540017,24.5
4026220102,47.5
1007730022,48.9
2027690080,14.4
3014200004,40.3
3020447502,51.9
5074520030,40.1
1005847501,66.8
2029810021,99.2
2031540060,0.3
4012750061,63.5
3059340001; 3059340070,49.4
4005310017,46.2
3066080001,75.4
3066070016,50.6
1007860013,47.7
3024607501,14.3
2033110001,108.6
4014697501,41.3
4001840001,68.8
2-02361-0025,57.2
3051710032,119.6
3052070056,103.0
1001340011,67.7
1000770024,120.3
1017837501,31.7
3059790014,93.3
1010560052,67.5
1001990034,119.0
4002530001,336.8
3052080025,79.6
1020770050,13.2
4098307502,51.0
1008330040,8.2
4090710097,88.7
1-01171-7511,37.9
1020680067,153.0
1-00999-7501,52.0
5017070046,111.0
3050880027,104.1
2024470001,54.3
1014080022,51.4
3-08722-0475,60.1
3-05064-0047,53.8
1000297503,172.8
1021760123,80.3
1-01891-0026,77.1
1004997506,40.2
5/02705/0225;5/02705/0220,4978.1
1007120036;1007120038,154.4
1-00511-0019,69.3
2031630003,59.5
2030150062,145.1
3-06116-0041,57.6
3-06085-0001,60.6
2-03352-0069,14.2
3-01214-0002,45.9
2-03200-0016,90.7
1-00146-0017,84.6
3-02608-0025,18.2
4-00115-0239,68.9
1-00714-0014,40.9
1-00789-0069,129.4
3-02023-0001,29.9
3057120006,23.2
1-01436-7505,53.5
1012920064;1012920066;1012920008,102.1
1-01182-7502,55.1
1-01945-7502,59.5
4-01910-7501;4-01911-7501;4-01912-7501;4-01913-7501,83.8
1-01114-7504,65.6
3-00515-7501,31.9
4-01082-0001,135.7
2027680305,4.0
2032700018;2032700030,48.9
4157870054,146.4
4032550050,122.2
3001460007,61.7
1016227501,54.7
2033310048,125.0
1010187501,99.0
1009150023,43.1
2025040006,103.7
4004390014,47.7
1019930112,90.8
1015580005,74.1
1001790066,24.5
1012130062,20.5
3011360084,22.9
1019120001,135.3
2032840039,18.0
1020540092,15.3
1021530068,66.4
2027080040,132.1
1011460049,83.7
1012500110,88.0
2057440048,36.0
1005107502,53.4
3067410012,74.9
1017240033,76.5
4088400144,84.8
4015180044,119.8
1013040041,54.4
4003840031,51.9
2032250132,31.9
1019880053,44.7
4066200032,83.3
2023400028,31.0
2025430030,35.7
2033560185,73.9
4033220040,89.4
2024870010,93.1
2024870020,99.7
2024570010,97.5
2033360024,63.0
2032200096,77.5
1022300029,114.2
1015327501,65.3
2-02483-7501,51.5
2-04153-0008,85.8
5-00008-0099,93.3
2024560214,72.5
3031060001,159.7
2024640001,108.6
3-03589-0012,79.7
3-03424-0035,110.9
2023160001,17.5
3002667501,52.0
3001407503,78.1
3001407502,71.9
1001347501,59.7
3024250017,37.6
2024570029,105.6
2024570026,16.4
2024570023,100.7
1-01252-0060,20.4
1-01252-0063,168.5
1-01252-0060; 1-01252-0063,94.5
2-02993-0031,31.2
4013220066,21.6
3067427501,60.6
1002350013,36.7
1008460041,71.3
1005630019,80.0
1005620014,32.4
3061050028,78.7
3052340001,78.8
3065520001,90.1
3016170057,38.5
2023157501,40.5
2032930026,75.9
2031540070,25.7
2033170001,106.7
2031890025,86.5
2032810029,15.2
2033240016,100.3
2033140014,72.6
3029170007,77.8
1006907502,68.8
3016280044,0.1
4003830002,34.2
4026020090,132.4
1007070039,58.5
4020880001,58.5
3070870034,52.4
3034890260,41.9
5032230012,165.3
3036760009,66.6
3066940067,38.1
4097960005,50.5
1010940012,40.9
4026030087,40.9
2023487501,73.7
2-03287-0094,52.6
3-01814-0017,60.0
2033480077,72.8
1-01954-0038,92.8
1/01930/0001,84.2
3024250040,62.8
3-08683-0075,93.3
3-08709-0100,99.1
3-08723-0410,55.8
3-08685-0076,68.4
3-05122-0012,71.7
3-05122-0018,76.8
3-05123-0051,71.3
3-05149-0001,90.2
3-08685-0070,60.2
3-08711-0085,15.6
1-01868-0044,85.1
2025060044,68.0
1-01275-0044,53.7
2023620015,24.8
2037440049,75.5
2037440062,27.1
3032600001,228.0
3013110066,69.7
4003650001,14.9
2-02699-0007,69.7
2-02698-7501,47.5
2033260142,84.4
3-02428-7502,70.5
3-00051-0001,59.8
3-00051-0012,104.5
3-00036-7504,47.7
3-00286-7505,47.3
3-00027-0040,54.4
3-01007-0172,45.1
3-02110-7501,84.1
3-00277-7501,52.7
3-00286-0008,64.3
3-00037-0001,56.5
3-00036-0016,83.1
3-00019-0001,26.2
1-01082-7501,29.6
3-00028-0005,54.3
3-02414-0002;3-02414-7501,62.5
3-00038-0001,47.2
3-00158-7501,24.0
3-01141-0076,24.6
3-06803-0080,71.5
1-01570-0036,233.7
1-01571-0005,291.0
3074657501,36.3
2026757501,50.5
3-00980-0001,60.2
3018610037,72.9
3066817501,102.2
1003500069,66.2
3001597501,44.7
1008390037,74.8
3-01202-0022,61.2
1008430029,84.7
3-00805-0045,45.2
1008860005,55.8
4003640004,40.9
1-021760133,26.1
3058890014,8.8
3058890058,7.3
3068180065,79.0
1-01334-0005,122.6
2026190027,85.0
1-01769-0003,78.7
4138950065,1.3
1008280025,116.4
1002010004,39.9
3020920038,74.2
3067160075,73.5
1-01221-0007,76.9
1-02136-0235,67.8
1-01987-0017,72.5
1-01925-0015,84.5
1-01683-0018,76.5
1-02008-0013,88.0
1-00933-0025,94.4
1-01771-0059,155.2
1-01771-0010,22.4
1-02132-0047,77.1
1-02132-0110,131.1
1-02132-0100,69.6
1-02132-0094,57.2
4-05037-7507,42.1
1-01771-0010;1-01771-0059,88.6
3050820084,93.9
3013920044,94.4
3050550019,104.6
3050600001,97.8
3051010063,88.9
3050830032,92.8
3050550014,87.9
3050550024,101.5
3050600058,107.4
3066300001,124.2
1-00797-0037,79.6
4006427501,57.6
4034477501,39.4
1021440021,172.8
3056040001,117.9
4026030040,92.1
3018057502,26.9
3053220044,23.5
1008100001,66.2
4050190024,55.4
2042500026,73.7
1-00864-0028,71.7
2-02924-7501,54.0
1-01470-0007,18.2
3025510014,71.1
4-01516-0049,93.4
4-00200-0030,101.1
4-05263-0010,63.0
4-05101-0033,75.8
4-00157-0005,54.4
3014420066,95.3
3041650039,0.3
3015350056,68.5
4-00239-0026,23.0
2022780064,32.5
1015087502,78.3
1015517502,78.0
2-02338-0003,95.2
4012667501,50.8
3009577502,41.4
4050267501,83.9
4050460010,57.9
1012390044,31.6
4004750030,77.6
1014067504,27.6
4114290001,64.7
4052817501,75.0
4001617501,21.5
1017247501,77.8
4019390011,21.9
4001840009,84.6
4001960027,73.7
1012950020,58.6
4012940036,76.4
1017490066,79.0
1021770100,98.8
1005710025,42.7
1021760104,132.1
3074140033,85.5
1021770091,77.2
1008160063,15.2
1006340016,14.4
3008290020,68.3
1021090007,98.4
1019900001,52.0
4001700001,59.0
1011630001,38.4
2033560164,15.7
2025260078,44.7
2057760614,80.3
1009160055,62.6
1002157502,72.0
1007950014,39.6
1004747503,93.6
1001400001,62.0
1021347503,52.7
1004857501,13.8
1005130010,56.0
1001477509,108.2
1002300031,19.7
1004977502,68.2
1001807507,280.1
1002197504,45.3
5006107502,69.0
1006947501,52.5
1011657505,87.5
1005160026,42.5
1001367502,48.7
1005697501,70.7
1007977501,53.0
1001897501,22.6
1005290001,79.2
3020607501,168.8
1001507501,45.6
1001407505,78.0
1002207502,133.6
1002187501,37.7
1020337502,42.9
1007977502,66.3
1006987501,107.8
1002227502,28.9
1007927503,45.7
1005300007,31.2
1006380004,42.2
1005527504,46.5
1002157501,41.1
1012467501,63.8
1012167501,87.0
1001437503,66.3
1001787502,62.5
1007670019,12.4
1004870016,18.4
1007937502,46.4
3023677501,50.3
1001947501,28.6
1000527502,66.4
1001907508,37.8
1002177502,45.3
1001907501,42.0
1001747505,38.2
1000657501,61.5
1001717501,13.0
1002300020,64.8
1005137503,70.1
1002190026,41.4
1005297502,38.8
1001897502,44.6
3010417501,40.6
1005450007,42.6
1000727501,39.0
1005310001,75.7
1004980020,78.5
1002357501,45.9
1005147505,76.4
1000177502,118.1
1005150031,49.0
1004757505,40.4
1013470009,50.9
1005610014,69.5
3046750045,92.1
1005950016,11.7
3002680015,56.5
1006080074,10.6
1002100026,57.6
1004980018,109.1
1005020004,56.1
1005300044,68.4
1011850082,64.6
1012100017,63.4
1011200061,55.6
1001870030,41.2
1012290054,20.8
3011710002,56.9
1018950001,10.9
2033030001,44.8
3022880013,25.6
1008950066,82.7
1005390031,71.3
1004227503,41.9
1011830046,37.0
4099137501,46.3
2032010030,86.3
2032130051,85.4
2033080045,79.3
2033360019,80.9
3055970064,101.8
1-01988-0086,118.0
4-00625-0067,90.5
4-00625-0070,16.7
1013100041,33.1
3071167501,69.6
3051077501,17.5
4023440004,66.3
2041747502,46.2
1008910077,59.6
1-00223-7502,77.8
1-01643-0010,85.3
1-00601-0052,92.9
1-00931-0017,47.1
2-03328-0085,49.9
3-06576-0048;3-06576-0043,94.1
1-02170-0348,11.4
1-02170-0353,203.6
1-02170-0348;1-02170-0353,106.8
1018910026,77.1
1-02180-0400; 1-02180-0406,69.7
1009180001,70.4
1008340019,61.8
1013030014,97.4
1012100055,57.4
1021800480,114.7
1-01887-0045,83.7
4-02155-0001,136.5
1-01245-0037,42.4
1-01615-7501,43.2
1-00804-0018,67.7
1-01846-7501,64.4
4-03099-0042,83.3
4-02152-0106,71.5
4-02151-0101,109.7
1-01405-7501,53.4
1-01471-0045,65.6
1-01223-7504,74.3
1-01876-0007,58.0
1-00875-0055,80.3
1-01888-0076,12.6
1-01676-7504,97.9
1-01252-0065,76.9
4-03169-0036,68.3
1-01196-0013,60.4
4-02152-0101,98.3
4-02154-0001,138.9
1-00897-0075,105.5
1-01245-0034,79.9
1011710151,59.5
2-03827-0223,123.7
4-00381-0005,47.6
4-00183-0250,56.8
2-03220-0051,5.6
1-01860-0020,136.4
1-01336-0030,110.3
1-02154-0021,123.6
1-01026-0037,235.9
3-01307-0001,10.3
2-03061-0003,10.5
3-04408-0001,27.2
3-05301-0001,14.3
4-03540-0042,47.6
2-03827-0142,43.0
1-01401-7501,69.6
1-01392-0028;1-01392-0046,191.7
5028420001,19.2
3-06681-0389,98.6
4-15507-0007,66.7
3-06681-0230,100.8
1-00068-0028,111.1
1-01977-7501,52.8
1-00412-7503,79.3
"1-00929-0001; 1-00930-0012, 1-00930-0001",78.9
3070660010,87.9
3052310072,87.8
2-05903-0283,78.6
4006640005,69.6
4001610014,69.5
1007650035,79.6
1007750017,52.3
1021660033,80.3
1012487502,45.2
3009630067,75.9
1018790036,56.4
4062160001,50.3
1005647503,45.8
1021790098,105.8
3010750005,105.1
1021220048,76.5
3026390007;3026390009,44.6
1007700048,78.8
1019447503,87.5
1005957507,25.7
1008580058,30.7
3011497501,94.8
2054090493,39.3
3036420001,8.6
4008430061,95.1
4032360035,101.1
2031650055,111.3
1015430009,59.7
1006997502,33.7
2032300005,95.5
2032300010,99.7
2031930017,106.2
2032190156,123.7
2025770048,132.4
3001080012,43.1
2023817501,55.0
2031980031,101.0
2025770052,113.1
2024530030,72.3
2024310001,75.5
2024890054,43.0
2028000013,73.4
2028060033,72.9
2028090005,76.9
2042340052,73.7
2031610018,94.9
2032140025,83.1
2032880035,79.6
2033010092,97.8
2033150098,73.0
2033150094,86.1
2032490092,59.5
2032850001,67.2
2033110051,62.1
2033330001,78.9
2033240019,71.8
2048350018,67.6
2049960041,108.2
3-03785-0075,122.3
3-03785-0001,108.6
1-00267-0001,497.2
1-00243-0056,42.6
1-00259-0001,42.8
1-00545-0026,65.4
1-00545-0026,36.6
3-02732-0012,44.9
3-01933-0060,89.4
4-06216-0001,50.3
2-02950-0020,76.9
2-02826-0034,80.9
3056640006,78.2
3001670013,59.2
2025260090,80.2
4104750350,33.7
2026097502,42.6
2023720032,90.3
1020500136,21.8
3048370089,68.6
3053280023,56.9
3087650027,13.5
3073960053,87.1
4-00384-0022,15.8
1-01048-0033,144.9
4023650040,78.7
2027200028,76.6
1021800015,82.6
4-00237-0001,27.3
4043170001,19.0
3-01091-0040,84.9
4026110508,9.3
2033010063,96.4
2032790006,77.9
2-03360-0077,67.0
3026630028,3.1
1010437501,48.2
1015267502,71.3
1018817503,74.0
1021790500,117.2
2-02351-7501,47.0
1010697501,46.2
1010107506,144.5
2-02422-0030,121.5
1-02132-0007,108.8
2-02765-0146,98.0
1004417504,58.0
4093420007,41.4
4093640001,97.1
4093640010,110.6
4093630033,79.1
4093630008,58.4
3063690001,60.0
1007007502,29.6
1014700025,60.6
1004637501,59.6
1007050001,73.0
3-01341-0012,19.6
3-01341-0001; 3-01341-0012,110.3
3-00401-0001,79.9
3-01341-0001,186.2
3-01798-0077,59.6
3-01798-0020,69.7
3-01798-0020,131.7
3-01798-0020,103.1
3-02140-0026; 3-02141-0019,74.9
3-02140-0026,34.7
3-02141-0019,334.4
3-02176-0001,79.5
3-02172-0001; 3-02176-0001,23.7
3-02172-0001,59.4
3-02157-0006,61.7
3-02156-0007,61.9
3-02145-0008,51.9
3-02145-0018,77.5
3-01589-0022,74.0
4157040040,72.4
3-01844-0050,73.7
3-01834-0072,60.3
2051140014,47.8
1018310056,72.3
1004000031,70.8
2042850005,18.9
1021210024,23.4
4000457502,50.7
3015920100,81.5
1015300001,157.0
4017790006,103.1
1003930025,90.4
1-01950-7501,58.1
3-02907-7501,20.3
4012810054,12.6
4019470001,83.3
4050247504,41.3
4098437501,72.7
4022240048,89.0
1-00041-7501,123.5
3-01053-7501,38.8
1-02177-7501,25.3
1-02243-0004;1-02243-0008,56.7
1012400036,106.2
1012400029,75.4
4121300014,79.6
2-02614-0038,57.6
3-00087-0009,65.7
4-02611-0503,24.0
1-02001-9005,89.6
4001400010,62.6
4010160130,21.6
2033050036,33.9
1005200029,65.3
1013030045,78.8
4002020023,15.8
4022880027,68.1
4000510020,52.2
4000550020,66.8
1005447503,71.1
1-01294-7501,140.0
1-00766-7504,68.9
1-00930-0038,55.1
1009300041; 1009300038,46.6
4-00438-7502,0.0
1-00693-0059,29.5
1-01010-7503,56.1
3-03047-0015,47.1
2-02606-0020,2.1
2-03132-7501;2-03132-0002,53.9
1-01463-0021,271.9
1-01994-0066;1-01994-0069,77.7
3-01318-0051;3-01318-0057,75.6
3-02133-7502,83.2
1-00310-0027,37.3
1-00716-7506,54.6
1-02051-7501,45.5
4-00503-7502,65.0
1-00849-7501,61.3
4-00646-0030,71.9
3-03026-0001,181.6
3-03027-0001,115.6
3-03025-0046,64.7
3-03024-0001,82.3
1002310037,20.8
4035900085,42.5
1008110010,48.9
1008110062,37.2
1008400004,79.6
1015900019,96.7
1007620019,50.2
1-01306-0042,57.4
1-00815-0021,105.0
1-00867-0015,59.2
1-00010-0016,44.0
2057390257,89.9
1001807508,163.5
1-00760-0012,16.2
1-02037-0011,42.9
1-02037-0001,676.4
3-02132-7502,35.7
1-01845-7501,88.7
1-01220-7503,55.9
1-01896-0014,65.7
4-03347-7501,109.8
3-00164-7501,130.9
1-00841-0020,70.1
1-02014-0045,63.9
3-06803-0051,77.1
1009980012,38.7
1015147502,56.1
3025767501,50.6
3057087503,63.7
4-05185-0017,68.6
3021930001,7.4
5038750001,53.8
1008640032,79.0
4-01727-0008,76.0
4-05843-7501,54.4
4-06485-0003,83.8
1-00943-7501,91.4
1007910016,68.3
3050820072;3050820067,82.8
3-01060-0008,70.8
1-00771-0038,82.9
1-00909-0015,88.9
1-00500-0005,64.9
3-02679-7503,30.4
1000130001,42.2
1019760056,8.7
1019990036,83.8
1019610037,0.0
1019760048,51.0
3-00244-0026,10.7
4-00406-7501,27.4
3-01909-0015,54.2
1-01137-0010,51.4
1-01137-0001,108.9
1-01134-0001,42.3
1-01134-0001,44.6
1-01134-0001,192.3
1-00344-7501,30.7
1-01571-7501,110.4
1012900003,57.0
3057850023;3057850028,66.5
2023337501,53.7
2023847501,47.0
3029220034,55.2
2029760079,71.5
3063280001,72.4
1019200007,54.5
1008170057,87.9
4112310246,49.1
1001537501,34.7
1006957508,48.4
3065807504,21.6
1001357509,31.2
3011710007,62.1
4005047501,72.5
3010800035,72.1
3072807501,33.7
4000527503,42.9
3027427502,60.8
3018160031,31.4
3059880001,91.4
1015220030,14.9
1001337511,122.4
3061150006,61.1
3061150001,77.8
2025730087,66.2
2038120001,79.0
1013177501,71.1
3012017501,42.3
1002367503,46.0
3009377504,54.8
1008807501,31.3
3002447502,71.2
1006190026,445.2
1006190033;1006190026;1006190050,84.6
1006190033,23.0
3018930047,52.0
1005940115,0.0
1007620006,103.5
3050440053,32.6
3068027503,6.5
2037380010,54.4
2037380001,86.3
1021070014,88.7
4162310044,35.0
2024530035,90.7
2024530041,80.0
4156220001,135.6
2058411945,134.9
4161520046,342.7
3009560047,85.1
4002680015,75.5
4092540001,47.1
1021330046,69.4
1018470021,43.9
1019440036,114.1
1020310054,112.1
3012510001,102.8
3034660020,109.3
4101700023,73.1
4122770001,66.7
1019270033,67.9
3012050062,110.7
3050560073,69.5
3069270060,34.0
3012080001,126.7
1018250059,62.5
2028770202,109.3
2028780083,86.9
2028780169,84.3
3014740056,85.8
3015880001;3015880035,52.7
4102007501,90.4
4121820080,24.7
3032040004,132.7
2028780023,117.2
1016670043,44.6
3014330023,87.1
2028760025,46.1
1015990001,101.9
3035320025,72.9
3013990145,74.0
3013990115,50.3
3013090049,107.8
2028760031,99.1
3043350030,74.5
3016370005,93.3
1003790053,82.1
3066040049,60.5
2-03354-7501,50.2
1-00267-0001; 1-00259-0071; 1-00259-0001; 1-00244-0019; 1-00243-0056; 1-00267-0010,96.3
1-00545-0026,75.8
3-03276-0041,31.7
2-02866-0007,59.1
3011260029,81.6
4002890021,30.1
3-07418-0036,49.7
2023450018; 2023450022,23.1
2-02607-0034,130.1
2-02530-0009,151.2
1007890062,82.4
2-03673-0001,29.6
2036730002,238.5
2036730060,49.3
5-01696-0008,20.9
2-03645-0001,58.3
2028660015,110.3
1012160048,52.2
2030657501,13.1
3-06738-0035,60.4
1-01880-0007,51.9
1-01882-0036,78.4
2-05743-0002,72.8
2-05779-0815,79.0
2033100066,71.7
2-03291-0035,48.9
2-02869-0087,75.1
2027630220,90.6
1-01905-0063,101.1
2-02803-0002,73.0
2-03256-0005,89.3
2027740349,24.9
2038700028;2038920001;2038710030,85.2
1006010047,142.2
1008500025,33.5
2033280147,93.0
2028100024,86.3
2027920051,79.3
3051940001,160.6
3017477503,61.0
2-02690-7504,51.9
2-02552-0061,95.3
2031480006,94.6
1-00818-0010,54.7
1014710021,67.1
2-02835-0012,51.2
4025850021,68.9
4002750023,31.6
4002850001,21.8
3013380022,7.1
3013380017,3.4
3002457502,46.2
2-02351-0025,50.2
2-03014-0005,81.1
2-03013-7501,70.1
2-03014-7501,51.3
1-00933-7501,66.9
2-03001-0020,102.1
2-02996-0027,88.5
1-02132-0114;1-02132-0110,64.4
5024000118,27.5
3023410009,43.8
3025307502,69.5
3025307501,47.9
3004440061,60.6
3024157502,35.2
3-01799-0044,124.7
3-01804-0010,41.9
3-01809-0001,28.4
3-01809-0062,172.3
3-01803-0011,596.7
3-01794-0054,27.1
3-01794-0139,34.6
3-01794-0121,291.3
3-01794-0115,23.5
3-01802-0051,113.2
3-01803-0042,32.2
3-01803-0027,241.3
3-01809-0001; 3-01809-0062,79.5
3-01799-0044;3-01804-0010,85.6
3-01803-0027; 3-01803-0042; 3-01803-0011; 3-01803-0112; 3-01803-0113; 3-01803-0114; 3-01803-0115; 3-01803-0116; 3-01803-0117; 3-01803-0118; 3-01803-0119; 3-01803-0120; 3-01803-0121; 3-01803-0122; 3-01803-0123; 3-01803-0124,102.2
3-01808-0174; 3-01808-0173; 3-01808-0172; 3-01808-0171; 3-01808-0170; 3-01808-0169; 3-01808-0168; 3-01808-0167; 3-01808-0166; 3-01808-0165; 3-01808-0164; 3-01808-0163; 3-01808-0162; 3-01808-0161; 3-01808-0160; 3-01808-0059,77.6
3-01794-0011; 3-01794-0112; 3-01794-0113; 3-01794-0114; 3-01794-0115; 3-01794-0116; 3-01794-0117; 3-01794-0118; 3-01794-0119; 3-01794-0120; 3-01794-0121; 3-01794-0139; 3-01794-0054,91.4
3-01802-0051; 3-01802-0044;  3-01802-0043,77.4
2-02462-0042,28.6
1-00030-7501,58.1
4000840011,62.7
3-02006-0001,64.2
1-01735-0012,64.9
4-00017-0029,79.5
1-01539-0010,63.0
1-00343-0043,28.8
2-02810-0037,72.7
1-01063-0035,46.7
1-01558-0050,55.8
3-07049-0051,62.5
1-01057-0058,63.2
1-01033-0006,93.5
2-03050-0010,26.0
1-02051-0025,99.9
2-02669-0001,103.3
2-03310-0029,82.8
1005147506,29.2
1-01601-0027,66.0
1-01631-0025,91.3
1-01637-0028,82.5
1-01677-0014,59.8
4-00055-0017,94.6
2-02852-0021,81.5
2-02854-0021,70.3
2-02854-0018,63.1
2-02854-0015,84.2
2-02866-0110,54.4
2-02805-0031,58.9
2-02829-0068,82.7
2-02854-0064,86.2
1-01950-0041,75.0
1-01987-0024,85.7
2-02829-0063,69.9
2-02850-0047,99.8
2-02828-0017,69.0
1-01736-0001,43.0
1-01736-0060,140.2
1-01967-0040,46.3
1-01405-0001,359.6
4-07349-0001,110.8
1013127501,39.7
1008600045,48.2
1008990001,75.6
1008960032,78.3
1004097502,75.7
1010450037,64.7
4050447501,59.9
3019180006,70.3
4162160027,32.1
2056417501,27.8
4097110125,81.8
1018210014,13.7
2024560237,134.1
1015270035,71.7
1-01429-0013,51.5
3031607503,5.0
3022960012,74.8
4014560041,78.7
3015850031,74.9
3009640047,54.7
3036670028,78.8
4003210011,78.8
4001840037,73.0
3000327502,38.2
4096290001,88.9
3050800039,42.2
3051000091,73.5
1001897507,59.4
4161810042,51.7
4063240020,152.8
1005427502,63.0
1-00720-0049;1-00720-0047,81.9
3056630033,95.3
2-02795-0014;2-02795-0007,36.3
1013160001,90.5
4098350033,58.1
1008820052,43.0
1007880086,61.6
4003120089,23.7
3070457501,86.9
3064500001,117.7
4161510092,102.7
4158530039,109.2
2033160033,68.3
4161390011,22.8
4161510006,72.8
4158900042,51.7
4068510012,152.1
4008500380,6.5
4103430227,33.4
3-07440-0028;3-07440-0020,73.5
3033330013;3033330017,126.5
3051210054,93.9
1-00519-0036,84.7
1-00144-0001,52.6
1013760051,52.8
1-01492-0037,64.1
1-01492-7501,58.2
1006327503,64.3
1015760001,60.5
"1-01138-7502,1-01138-7503",66.1
1-01171-7513,63.4
1-01171-7512,68.1
1-01171-0157,15.4
4032340185,124.3
1-01993-0001,55.0
2-03111-0009,89.7
2-02691-0064,55.3
1-01154-0156;1-01154-0206;1-01154-0158;1-01154-0160;1-01154-0202;1-01154-0162,82.3
3-06818-0074,53.2
2030487501,54.3
2-03051-7501,30.9
4158537502,36.5
1020310014,81.0
1003767501,38.0
1014000060,199.5
1-00857-0076,39.9
1-00857-0062,73.3
2028450047,68.5
1-02114-0035,82.8
2024217501,57.6
1-02037-0011;1-02037-0001;1-02016-0060,135.6
1004720011,15.8
1004720004,28.8
2028450045,21.1
2028430079,101.9
2028450007,22.9
2028450077,78.4
2028380004,75.3
2028410025,81.4
2028590001,91.5
2028440021,92.7
2028450001,106.5
2028450070,85.6
2028460061,23.7
2028450020,75.7
2028450027,88.2
2028470029,126.6
1-00858-0078,38.3
1014950033,56.6
1021390578,64.9
1021390537,52.3
1018590015,54.6
1005610012,65.6
1-00390-7502,96.8
2-04042-0200,81.4
4096810091,57.6
4156290062,78.8
5028770025,71.9
5028930001,56.4
5028940001,71.5
2024260012,69.7
2024320005,106.4
2024330023,90.6
2024500029,86.2
2024500031,97.5
2024560051,97.0
2024570050,79.9
2028160070,145.1
3045710001,63.1
3045710050,73.4
3085560080,22.2
4156270021,89.2
3032310001,120.5
1022180035,70.5
2024330028,78.6
2024530055,53.9
2025220070,79.6
2026967501,63.8
2030380029,19.5
2042847501,76.3
2045457501,78.4
2051417501,41.3
3012230053,97.2
3045170003,44.6
3038080011,50.7
4092810046,54.1
4092810044,58.5
4156220100,93.4
5031250116,87.7
2024260004,109.4
2024260008,160.6
2024340047,49.4
2028160001,22.2
2028310032,78.8
2037107501,45.6
2046477501,49.2
3045170001,90.7
1000257501,59.6
3-02307-0038;3-02307-0027,56.5
3-03058-0001;3-03077-0001;3-03060-0075;3-03078-0001,86.6
1-01475-0005;1-01475-9005,54.1
3-01178-0026,50.1
4-00162-0028,85.8
2-04320-0014,102.6
2-04996-0060,114.7
2-03348-0008,139.3
2-03261-0018,99.6
2-04320-0022,57.2
1007580037,79.4
1012727503,183.8
4-01910-7501,10078420.0
4-01910-7501,360623.0
4-01910-7501,5677425.0
4-01910-7501,5638220.0
4-01910-7501,5638300.0
4-01910-7501,11082470.0
4-01910-7501,366667.0
1-01583-0015,58.4
1-00576-7502,4924282.0
1-00930-0001,261.8
4041330001,76.1
2057890024,64.2
3-01982-0001;3-01982-0007,90.1
1012980023,62.6
1018670009,15.9
2-03326-0045,82.5
1-02180-0522,64.8
1015210064,12.7
2032190175,121.2
2039100115,7.6
2036990037,51.3
1-01482-0020;1-01482-9020;1-01483-0023,233.6
1-01134-0001,142.3
3-00052-7501,76.4
1-01829-7501,61.5
4-00267-7501,71.8
3-00231-0017,1.8
1-00398-0008,65.0
"3-00231-0019, 3-00231-0017",61.8
1-00594-7504,57.8
3014650050,69.1
3013990062,67.6
3021060016,8.5
1018827502,136.4
4033940008,53.3
2027350014,56.0
1018310053,99.6
3030830006,84.1
3031010014,90.5
1011170019,96.7
3061200046,108.0
3052270013,48.2
1021520067,44.2
3051100068,50.3
3050660068,27.9
3048157501,50.9
3087920063,66.2
1006720001,82.0
1-00460-0052,98.7
1-00460-0051,90.1
1-00460-0050,151.6
1-00460-0049,126.0
1-00460-0048,123.5
2025860001,11.1
3015910045,77.4
1-00997-0001,160.2
1-00148-0015,28.4
1-00545-0026,109.6
4-09377-0001,26.2
1-01030-7501,44.5
3024727503,72.7
4-15661-0045,120.7
4-15661-0049,92.4
4-15661-0055,108.9
4-15661-0031,62.6
4-15661-0041,96.8
3023327502,66.7
1018420053;1018420055;1018420057;1018420059,62.9
4096950014,40.0
3031390021,46.2
3065630010,85.8
2025100069,73.7
2031600014,104.7
2033480071,65.1
2033520029,76.5
2046550001,92.4
2029460022,100.1
2031230056,126.6
2029470009,106.5
2029460018,24.8
2031230046,108.0
2029470035,159.5
2031230044,25.6
1021740166,125.2
4033480021,89.1
1022250042,110.5
1022390001,59.5
1-00823-0059,44.7
1-00523-0047,68.0
3-01280-0001,90.8
2026140004,29.7
2026097501,86.5
1-01016-0058,29.5
1-01016-0051,235.8
1-01016-0015,364.2
1008600001,14.3
1-00580-7501,64.5
1007780020,44.8
1010300001,298.5
1006970056,61.5
4-04343-0090,293.1
3031410001,74.0
4026810001,10.3
3027970011,59.9
3029090030,27.5
3-03971-0019,68.5
2023720013,43.5
3022507503,79.6
3022427503,59.9
3018847501,41.8
4-00015-7501,52.5
4032930050,82.9
3048530035,56.1
3048530028,75.7
3034087501,54.8
3022450058,47.1
1003030027,12.9
3-00156-0012,38.8
1014967502,92.0
1013760015,60.4
1005800011,57.1
1015407503,50.2
1002487501,54.2
1004077503,60.8
2-02933-0029,121.1
1017700071,58.8
1021700550,90.9
1013197503,48.1
4050667501;4050667502,28.7
2025820026,87.3
2025820022,83.6
2025820030,99.2
3054160069,100.8
3012140013,85.7
2030830068,101.4
3012300044,66.3
1018750010,100.9
1018750053,136.3
1017740033,44.1
1-00830-0073,72.5
3-08664--7502,53.1
2-02608-7501,55.2
3051620065,36.4
3-02290-7501,58.8
4012420032,80.9
1014510017,53.9
4091020027,50.8
4089250026,39.8
5015480100,63.3
5039830080,64.5
5020990024,67.7
5011580103,98.1
5038470030,40.8
3024080032,108.1
3009690052,112.5
3035310023,87.8
1012180010,62.8
3-05234-0016,57.9
1-01218-0001,75.9
1-02144-0029,20.5
4008900091,73.6
1010110038,63.8
4004327501,113.3
4102100022,88.5
3075570124,160.2
3039240029,73.2
2022900008,24.2
2025990128,0.1
2-02599-0128;2-02599-0123,1.1
1002307507,50.7
4092040009,69.2
4044147504,24.5
3069000011,66.8
3069440085,112.9
1007677506,37.0
1009207501,36.6
1022200043,70.3
3060500019,164.5
1013207504,21.3
4004227501,36.6
3055220036,86.3
3016230073,47.6
3022647517,50.1
2028080062,65.4
3024200037,65.6
3050840049,32.0
3056900042,70.6
1021560066,148.5
1004850021,76.6
1012430008,62.5
1-02180-0032,90.6
3020730028,45.2
1020920046,41.1
4088920071,53.0
4019557501,17.4
1001937512,43.4
3058710069,41.2
1013960048,97.4
1014050066,51.9
1-00827-0008;1-00827-0012,39.5
1-00827-0012,24.9
4098440042,53.9
2057710057,71.8
2058141225,93.3
5011570031,16.7
4030557502,52.5
3002020001,39.6
1005000011,56.4
5027050140,21.9
2043440042,71.0
2033210050,105.2
2043440019,95.5
4026680007,32.9
3073540036,62.5
3073540042,85.4
4051927504,45.8
5021620140,29.9
3087720078,67.7
3015527501,34.2
4010160075,54.6
2025750034,0.0
4004180014,32.1
4012720006,79.1
3051130024,57.2
2028730021,72.5
4028577501,31.2
4028600016,2.3
1-00616-0011,74.1
1008910062,52.6
1-01375-7504,123.0
1-01393-0014,77.1
1-00998-7501,54.5
4-00113-0035,31.3
1-01146-0018,58.6
3-08710-0055,16.3
4-09209-0049,64.4
4-05025-0064,63.8
1-01307-0029,110.4
4-01841-0001,56.7
4-01226-0001,44.7
4-01336-0032,60.6
4-01343-0031,62.9
2-02271-0001,96.3
2-02272-0005,248.2
1008597502,33.3
1015170062,81.0
2-03143-0155,134.3
1003730064,100.6
3056150048,65.7
4026810027,73.7
1-01602-0009,58.1
1-00890-0049,98.4
1-01590-0044,64.5
1-00616-0011,74.5
1013380005,62.0
4014570001,55.4
1011717501,106.8
1017700158,69.5
1016450015,91.6
1016160001,48.7
1003950012,27.6
3072790006,52.9
"1-01846-7501, 1-01845-7501",79.3
1005307509,46.5
3002470025,80.1
1011660007,62.1
1015500007,65.0
1008787501,51.3
1005680006,62.9
1006340036,113.4
4005867501,82.9
4002687501,42.9
4031717501,101.7
1011507502,55.0
3002657501,61.6
1011717501,73.9
1012237503,81.6
4004297501,41.0
1012377501,72.0
1006467501,74.5
3042570006,44.5
1022460130,69.9
2027520005,109.3
2029857501,69.4
2030020047,74.3
3014127502,99.8
4012920050,152.7
4-08393-0025,283.8
5-04000-0039,155.9
5-04001-0001;5-04002-0001;5-04000-0039,85.0
5-04001-0001,154.2
5-04002-0001,99.8
1-02129-0024,87.2
2-04291-0001,90.2
4-02265-0090,68.3
2-02841-0005,31.9
4004180024,105.8
1-01311-0058,82.9
3056060017,55.3
2029220002,88.2
4-00021-7501,59.1
3-00157-7501,93.2
4-00557-0003,105.6
1-01888-7504,33.5
2025680073,75.0
1008030016,63.3
1019950063;1019950044;1019950053,74.6
5028200095,47.0
3052200050,82.1
2-03740-0055,63.5
1021220084,155.5
1013820017,105.1
3073527501,31.4
2038990010,86.3
2039170010,105.1
2053840010,91.9
2032710002,75.5
2042610024,135.9
2057030160,116.8
2044380016,90.0
2044460047,94.7
2048300034,92.0
2048220021,95.7
1021800122,128.5
2040070005,125.8
2038710007,99.0
1022280018,109.8
2032400037,104.2
2043220043,90.0
2032590022,87.6
2033500001,110.4
2033500044,81.9
1022280049,110.9
2058251572,76.3
2044320028,69.9
2044390005,71.7
1013510028,105.5
2033550104,78.8
1002847504,24.4
4157310022,32.9
3085910150,18.3
3002780033,80.8
2032980028,65.7
3024310005,68.8
4007830042,67.4
4004020028,76.8
3009647505,33.1
3000367503,51.7
1008987501,47.0
1021430056,88.0
5015480050,76.2
1017730011,15.8
2-02707-0063,117.3
3037260013,114.9
3024240018,82.0
4051800035,115.0
3076350011,50.4
1000687501,61.8
3018950055,25.5
1010630015,58.3
3013330006,73.2
3013330013,78.9
2029310079,83.6
3020090001,73.3
1010040029,96.1
4002140040,60.4
1010130029,33.7
4-04117-0001,95.1
1-01678-0001,806.9
1-01656-0001,682.3
1-01656-0001,693.0
1-01656-0001,651.8
1-01656-0001,644.6
2-02443-0080,46.6
2-02443-0080; 2-02443-0170; 2-02443-9080,126.3
2-02443-0170,217.9
2-02443-9080,23.7
1021750015;1021750124,70.1
4-01471-0012,66.6
4003180022,17.0
4003180015,66.4
4-05020-0001,59.2
4-09706-0088,42.5
1012480049,80.8
1000650017,54.1
4000307503,29.5
1001170001,72.2
1011637501,23.3
1014680005,102.7
1011970029,56.2
1015180061,63.3
1005157502,60.2
1010617501,39.6
1008407501,62.7
2-02795-0014,38.2
2-02952-0014,127.5
4066720058,95.9
1021110010,49.2
2033240077,77.6
3-07250-0001; 3-07253-0001,174.9
1003990011; 1003990051,61.1
1021660066,65.2
1007920050,27.2
3-05059-0051,94.9
4002480001,45.8
5-03969-0057,132.4
3032740101,34.0
3032740002,44.4
1009940045,38.3
1000447501,37.3
1005250007;1005250016,95.1
1005250007,205.4
3050070062,46.5
4004230029,39.4
1018310023,45.7
1020087501,31.9
3043850020,32.0
3045210001,62.3
4034100180,78.5
3048510001,64.2
3047000025,105.4
3054430001,40.4
4-02864-0017,87.9
3085910125,20.9
1-01248-0011,100.9
2024290012,107.8
2057760621,48.8
3-00623-0100,47.7
1001770027,34.8
"2-03014-0005;2-03014-7501,2-03014-7502",30.3
1004077504,61.3
1010210050,107.8
1004250004,145.3
3079200006,3.7
3031670018,0.3
4-02575-0280,127.9
5028290031,47.1
4-04034-0001,402.6
4101070132,0.3
2033040170,57.4
4-02681-0044,27.3
3-00762-0035,131.3
3038830001,69.7
4004297502,47.5
3-00736-0013,8.4
3036890001,49.4
4-06280-0020,59.7
4008110032,30.8
4010780001,33.7
3050560097,33.1
1002310032,34.1
3036170001,9.1
4-00408-7501,36.5
3-00664-0029,52.4
3-08839-0053,8.0
1018380021,38.3
3-02992-0025,30.4
4026110096,89.8
4-02611-0452,32.2
1-00225-7502,11.6
4008720011,52.2
4155030002,2242.5
3011370019,15.1
3067460044,82.8
3074407501,97.5
3083747505,17.0
4-04995-7501,41.2
1-00787-0059,36.0
1-00787-0025,37.1
1-02124-0001,114.9
1-01287-0069,106.2
3009220045,51.7
1014680047,101.3
4-09694-0037,95.5
1-02116-0033,24.8
1-02107-0059,90.5
1-02068-0046,145.3
1-00580-0060,71.5
4003840001,122.2
4012600041,67.0
3-01118-7501,51.7
3-01129-7502,58.9
4-00229-0013,35.1
2-02699-0025,45.5
1010340044,73.2
3006390025,75.6
5000200008,138.0
2028087501,50.3
3053790004,108.1
5030340022,88.4
2029900001,19.4
2029400065,87.9
1011200014,12.8
4049440001,21.2
4012837501,83.9
4025500090,113.0
2030100012,66.7
2029400011,121.7
2029400058,84.1
"4063710010, 4063717501",64.0
1000087501,84.5
4051377503,69.8
4050420057,48.4
4051830055,40.3
4-01456-0035;4-01456-0041,34.6
2057790810,70.7
2028430031,89.2
1008000074,55.8
1016300005,69.7
1011200029,69.3
2046420033,143.5
3035200032,140.2
4162290041,6.1
3024207503,54.1
1018230001,56.7
3051620046,64.5
2031560027,74.2
2032800007,63.7
2028420042,44.0
4003120039,1.9
1012880033,134.4
3055470006,107.1
4103520125,43.7
4091150039,52.5
4091130029,55.7
4005967502,190.7
4001590028,30.9
1006980047,117.6
3025170035,34.3
3072330210,106.9
4-03886-0255,62.8
3011357501,78.5
2032560051,46.3
4155577501,83.7
3026610027,37.6
1-00702-7502,53.8
3012640038,76.8
1-00893-0014,140.7
1-01386-7503,19.5
1-00873-0059,54.6
1-01271-0021,68.6
4-03334-0260,40.9
1-01394-0005,59.7
1-01289-0036,67.4
"3-01086-0001, 3-01084-0039, 3-01084-0164",333.9
1005640022,69.3
1008490001,69.3
1-00092-0003,76.6
2-04063-0010,5.2
2-02438-0080,66.0
1-01413-0064,80.4
1-01514-0066,86.1
1005720045,72.9
1006420001,84.9
4050197502,39.0
3039710019,19.9
1-01600-7503,99.9
1003950009,188.8
1013780064,64.1
1-01550-0007,14.4
1020380001,81.4
1010427503,32.2
5-02871-0001,17.0
2-05912-0091,71.8
1016940003;1016940005;1016940007,48.7
2-05912-0001,80.0
4012530011,78.9
3035590001;3035740001;3035750011;3035870001;3036010026;3035880001;3035730001,107.7
3035590001,50.6
3035740001,37.1
3035750011,205.9
3035870001,39.0
3036010026,67.2
3035880001,28.9
3035730001,30.9
1016940007,90.4
1016940005,26.5
1016940003,0.0
2-02319-0100,46.0
3-00244-7501,104.4
1-02180-0326,32.9
3-01063-0026,68.8
1003110013,0.1
1004580006,273.0
1-00790-0028,51.1
1012307501,80.1
1007910036,33.2
1-00016-0210,50.1
4014570006,59.5
1015030025,78.4
3086680815,77.8
1005840046,107.4
1001427503,66.1
1004777502,71.6
1006017503,60.9
1003550054,47.0
1015140066,86.1
1006410010,64.7
4006420036,66.7
4003687501,33.8
1009007501,62.6
4004187501,80.9
1020900029,87.3
1020710061,68.7
1006990033,78.8
2032630185,71.4
1004807504,62.1
1-01249-0029,22.9
1013870008,137.0
3-02305-7501,45.2
1005417501,2.4
2-03256-0156,122.7
4-05105-7504,58.9
4-01600-0130; 4-01600-0086,18.6
4-02529-0040,49.7
4-00115-0239; 4-00115-0249,26.9
2-03248-0143,158.0
1-00858-7503,96.7
1-00645-0049,88.1
2032370103,13.7
2057550025,91.0
3070460001,79.8
4-04972-7502,13.4
4-04972-7504,120.8
1000787511,104.7
300-978-0016,360.0
1018670042;1018670052;1018670054;1018670064;1018670070;1018670074;1018850037;1018850040;1018850043;1018850061;1018857501;1018860001;1018950032;1018960057;1019610001;1019610037;1019610039;1019610057;1019730001;1019900022;1019900025;1019900029;1019900044;1019900050,155.8
1019970001;1019960023;1019950031,317.8
1019970001,0.0
1008340026,285.9
3-01905-0120,79.9
2033430326,123.0
1-01043-7502,120.7
2026090051,127.0
1008240028,64.2
3007350115,8.7
2057250767,67.8
3046410006,91.9
3013280016,128.9
3050630009,113.0
2039430205,54.7
1003310200;1003310065,50.0
1002820023,85.0
2025747501,88.6
2030910011,51.7
3024170034,81.1
1003000008,75.4
1014120025,6.7
3011850046,93.9
2024830068,4.9
3031170037,49.1
3020197505,34.0
3031310012,111.3
4021860088,101.2
3021357505,46.3
3056157507,25.2
1021770118,85.5
4020130026,82.5
4120080007,96.2
1022430347,69.2
3061340028,82.8
1-00754-0031,65.2
1-00768-0059,67.7
1-00754-0016,65.7
3017780042,50.8
3-01168-0006,150.3
1014809010; 1014800010,323.5
2036220018,62.0
2-03743-0063,89.5
1008367501,37.4
4004307501,48.7
4000167502,33.9
3050740040,60.2
1012620056,129.9
3002650005,36.2
1005900056,58.0
1-00464-9006;1-00464-0006,65.7
1-00078-7504,2.3
2058800686,88.8
2-03045-0019,64.5
2-03045-0019,155.4
2-03045-0019,38.2
2-02548-0002,56.2
3020220018,65.2
3010050031,545.0
3010050031; 3010057502,174.7
3072600020,84.7
3053340001,95.4
1003040035,97.9
1008580030,60.5
3078690011,59.4
3018977508,80.6
1005320030,88.9
3012120006,51.7
3033310025,67.8
1000720007,65.0
3044520425,42.4
1007840068,22.1
3021737501,53.6
4-03312-0008;4-03312-0001,78.4
1-01955-7503,71.8
2-03313-7501,71.5
3013250001,67.1
4-15747-0001,331.1
1016040006,992.9
1016040006,-0.4
1016040006,3.0
4049727503,62.0
3068000001,47.7
1-01930-0037,106.1
3-06779-0053,5.2
1-01951-0043,59.4
3068000043,83.8
3065620006,86.7
3-01918-0020,0.0
3087680001,85.1
3071580063,80.8
3019950006,46.0
3-00735-0015,59.8
4/15744/0001,93.0
4155840016,49.1
3-02205-0040,159.4
4-00600-7501,32.8
4-00382-7502,20.4
4162280035,120.7
1008320006,72.5
1-01379-0017,79.4
4161850041,120.4
4012570032,97.2
4-04047-0001,58.7
4007320018,68.4
4098110016,124.1
4094190049,23.0
1-01622-0001,27.2
1006460018,104.3
2030090025,0.4
1013770033,152.4
3067827504,30.4
4-00861-0005,66.2
2/05610/0016,23.5
2056100006,21.6
4-02657-0060,35.1
1012620027,101.3
2-02619-0017,0.0
2025230133,42.6
3-00676-0053,74.6
2-02388-0016,94.6
3072997504,24.5
2057370040,78.9
2025830050,39.4
3-01874-0001,71.3
1-01691-7501,22.0
3036680001,6.3
2032220100,48.3
2024460043,48.4
2032470070,54.1
2037180001,19.7
2057160725,66.8
3071850020,64.8
2032510201,68.9
3011880001,56.9
3083930001,67.5
4065070001,62.3
4096790067,41.6
4110180021,52.2
5056050001,51.9
5062620012,63.1
1-01270-0001,119.0
4-00420-0001,55.3
1002160001,234.2
1012277501,72.4
3055860033,53.7
4159390103,33.9
2-02856-0029,85.1
2023140058,40.9
2024320080,34.3
3073630036,87.1
1010260041,174.8
3011647502,25.5
4067430029,55.0
3013800014,71.5
3019780001,110.9
1019090022,61.7
2031870030,17.9
2028720216,27.9
3008030041,40.5
2033370015,13.4
2032480163,20.1
1020267501,61.0
2032860024,70.9
1013427502,89.7
1017227501,64.8
1017210070,57.7
3045240035,43.3
4014430006,61.7
3074460001,100.5
2029777501,81.4
1012710023,15.2
1013070043,13.2
1012610057,10.2
2049050265,45.5
4012720012,39.0
4012750045,67.7
4114210013,55.4
4044110001,64.6
1-01600-0015,45.4
3057857501,53.7
4058570002,150.4
4058570050,85.6
1008890019,34.5
4058630002,89.5
4058650030,99.6
4058630060,109.3
4058570110,169.7
4058630035,92.2
4058630110,92.5
4058650040,117.3
4021160059,70.6
4004230025,46.2
4005310017,49.4
1007870072,39.5
1007860023,54.5
4067920050,63.4
2051410260,46.2
3044310070,82.7
2051410265,19.1
1007647504,80.3
4006160024,97.4
1007920028,78.4
1008747501,76.2
4011770001,74.6
1004250014,16.9
1012490054,95.3
1010217501,84.7
1010080060,87.4
4000510020;4000510025,38.3
2025230061,4.3
4003890033,55.5
3075720070,69.3
1013800061;1013800001,56.7
1-00759-0031,29.5
3008460040,17.3
3008460035,8.2
2030360022,37.7
3-01084-0164,46.7
2-02879-0028,70.0
1-02110-0008,119.9
2-02452-0051,92.0
2-02451-0011,105.5
2-02613-0026,92.5
1010517503;1010510035,166.1
1003150070,2803.5
2038270223,123.7
2038270215,84.4
1018870022,61.3
1013210011,37.9
3-00118-0006,1.0
1-01235-0061,11.8
1-01150-0056,14.4
1-01600-0021,94.6
1-01020-0005,83.3
2-04508-0010,92.1
4012707501,76.7
1-01400-0001,66.3
3-06510-0001,13.9
4014510032,89.0
1-01169-0029,10.2
1-02130-7501,37.7
1-02180-0178,13.3
1-01890-0053,70.9
1008410071,181.7
1-01770-0053,140.0
1-01908-0055,66.9
1-00576-0022,68.5
1-01071-7502,45.0
1006200019,68.5
1021420115,60.3
3006540001,32.2
3-05194-0025,65.2
2-04573-0005,109.9
1016020060,42.3
1019587502,13.7
1013350022,80.0
1015250021,78.8
1011317501,65.0
1020760046,21.6
2-04337-0027,94.8
2-04345-0001,81.0
4-04357-0100,59.3
2-02768-0171,32.1
4-02885-7501,64.6
2-03344-0102,88.3
2043180030,64.0
1012870021,34.6
4006737501,56.8
3087267501,22.5
3061430001,88.5
3-06480-0006,119.8
1-01252-0044;1-01252-0041,26.5
2026040600,4.9
1000680016,55.2
2058030990,82.6
2-02556-0002,70.5
3053850060,18.8
1000787505,71.8
4123110030,128.3
4123110050,114.0
4050220018,75.6
4050130038,75.7
4108220001,62.2
4021440002,102.8
4106810056,86.8
4097680060,119.1
4156640001,109.3
1-00084-7501,288.2
3065870027,74.8
3037480047,13.6
1019880127,104.1
4005340015,70.2
3002360112,126.9
4030660052,125.5
3002680030,70.6
3002260035,77.1
4038100420,64.3
5011320001,90.9
1015140013,107.2
4092340040,71.9
4006360043,25.9
1011840077,70.4
3084060035,110.5
1003440017,112.1
4003070010,72.6
1008480012,45.1
4023450001,33.4
5000130060,41.9
2035627501,43.7
4050480019,80.3
4051927503,49.7
1021550026,53.6
4033597501,2.9
2031110004,92.5
2046710004,68.5
4002830022,56.1
1019820010,29.3
1019427501,61.6
3063817501,35.8
1021160023,98.2
5005930680,75.0
3050600043,80.5
1018410052,115.9
1015150001,60.1
2032840057,35.8
2029400001,14.4
2029400006,35.9
1021790158,92.5
2029400072,106.7
1020677501,69.7
3038260021,20.7
2-02523-0169,58.2
1-01538-0001,153.9
5-01410-0183,85.1
3050570024,15.9
3055900001,106.1
3075480006,82.6
3029990001,54.6
3016910012,97.8
4034510007,59.2
3006340001,46.1
3050570014,32.5
3011480033,67.6
3026570001,19.1
3031230037,24.2
3030140014,30.5
3029940011,52.7
2049050265,39.2
2-02876-0001,142.5
3053300024,63.9
3017390006,71.0
3068940027,106.8
1015157502,84.0
1017840002,47.9
3024790028;3024790023,41.9
3024790023,0.0
"4-08450-0001,4-08517-0002,4-08535-0002,4-08446-0001,4-08440-0001,4-08442-0001,4-08511-0002,4-08490-0002,4-08492-0002,4-08441-0001,4-08447-0001,4-08515-0002",117.7
2025200045,13.4
4002710030,28.9
2041960034,103.0
2031037501,72.5
4050517503,26.6
2040030016,2.5
4049710069,145.1
3067820038,25.5
4051817503,30.1
1005797501,61.6
3038627501,52.8
3-03862-7501,37.4
3-03862-7501,43.8
4061160015,44.9
4141950013,126.6
2-02684-0054,30.7
2-02684-0057,24.9
2-02906-0093,63.8
1-02089-0029,62.6
3-02437-0011,70.1
1000187501,81.9
1-00237-0017,81.5
2027350005,23.6
2039200005,14.2
3006330024,12.5
1-02122-0077,98.7
1008227506,31.0
1007207501,89.7
3059060018,96.9
3067300059,77.0
4024327501,29.8
1005950041,18.3
2051410001,44.8
1010700020,66.7
2035400040,180.9
3071090001,87.6
3072380049,70.0
3074627501,16.4
3068180025,64.9
1-02250-0058,60.7
1-02243-0378,97.2
2-05791-0388,80.6
4-03173-0013,84.8
3019780017,30.2
2-04692-0035,38.8
3010250052,24.9
1021680080,118.7
1022350041,152.0
2037170018,95.6
1014380044,33.3
1010720021,14.2
102006/0007,55.6
3053280051,67.5
3013680068,115.1
3056920029,130.7
1-01510-0057,53.9
4015360113,96.6
3056427504,75.1
4-12385-0062,88.4
4004090011,44.1
1010180013,59.2
1-00763-0028,61.1
3-04837-0017,25.8
3-04837-0027,33.7
3-01591-0017,70.9
3-01235-0050,110.4
3-05026-0185,56.2
3-01387-0007,80.1
3-01386-0048,102.8
3-01618-0003,93.3
3-05320-0055,41.4
3-01784-0011,80.8
1-01735-0001,61.7
1016490009,62.4
4008350027,48.2
1-00457-0128,452.1
1-00386-0015,75.0
2-02881-0040,59.1
2-02931-0073,90.0
1-00244-0040,115.0
2-02662-0019,77.8
2043180030,65.2
3043840001,74.0
3021810025,39.9
3021810025,34.3
3021810025,28.0
3021810025,17.8
3021810025,38.1
3021810025,22.1
3021810025,43.2
3021810025,21.2
3021810025,33.7
3021810025,32.3
3021810025,27.6
3021810025,24.2
3021810025,33.1
3021810025,26.1
3021810025,14.6
3021810025,26.2
3021810025,23.6
3021810025,14.4
3021810025,19.6
3021810025,27.7
3054951000,49.8
4-00290-0001,127.0
4036670578,6.5
2-02546-0067,22.5
2-02999-0042,79.6
2-02609-0041,61.6
3008190001,150.9
4134740004,46.2
1019580043,64.2
1000400016,84.2
1003930001,124.9
4002127501,31.1
1018790036,53.3
3024110001,55.5
3030070003,54.2
1007280060,35.0
1017560056,62.6
4052650001,92.6
4031680056,83.7
1007910013,70.3
4023250040,90.3
2032610046,101.6
1012910045,40.3
4113967501,13.3
4033217504,99.5
3024077503,40.8
1007677502,64.4
1022430306,25.1
2032950033,39.0
2032920019,604.1
1007750060,47.2
1008880031,58.9
3052200058,59.0
1017357501,65.0
2033430076,82.1
4051360037,89.5
1011950001,80.6
1007730012,193.8
1015240044,79.3
1013350039,76.5
1013870001,63.0
3050990040,72.4
1020510039,77.4
3051840025,79.3
3076020015,68.4
3050650065,56.1
3051210012,59.8
3002840017,54.9
3050810064,63.4
1021220015,80.8
1020690042,75.6
3051850064,74.8
1021220018,91.7
3051620038,62.2
3052210043,47.5
1021300009,72.2
3051610022,70.2
3013820004,10.8
2030020025,81.0
1019450009,14.5
2037370049,18.6
1019450005,16.9
1015550001,71.6
2037370058,19.9
2037370054,249.4
1019440018,16.5
1019250047,52.3
2030100017,132.5
1019450007,16.5
2029830030,24.0
1019440045,16.6
1021160061,15.7
2037370070,19.5
2037370062,20.5
2030100021,72.2
2029400029,121.3
2029400032,25.0
2037370066,224.8
1019450061,21.5
4004167501,62.6
1007387504,28.9
2023400014,80.0
4012720001,50.7
3010427501,82.9
2028050045,84.4
4030750034,84.2
3-03566-0006,71.6
4051650001;4064010019,285.3
3056377501,69.1
1003037502,29.0
3055907502,63.2
"2051410006;2051410009,2051410015",117.8
2051410810,109.9
2051411130,39.7
2051410035,59.9
4050050015,66.6
4001050001,90.1
2044290001,75.5
1-00090-7501,92.0
1-01272-0020,93.6
3-06513-0001,81.6
3-06512-0075,71.8
3-08692-0083,67.7
4-13406-0019,45.2
4-13364-0040,62.0
4-13365-0001,22.2
4-13408-0001,65.6
4-02602-0190,110.6
3-04524-0001,77.3
3-03733-0001,20.7
4-13376-0048,50.5
3-06513-0073,79.1
3-05425-0001,53.6
3-06800-0004,76.1
3-06803-0001,63.4
3-06732-0028,62.6
4-13380-0001,45.2
4-13379-0067,84.6
4-13406-0183,220.7
4-13411-0016,17.9
4-13413-0031,457.6
4-02602-0058,34.2
3-00820-0012,87.2
1013607501;1013609001; 1013609002,47.8
1-00113-7501,168.0
1-00349-7503,61.1
3-02307-0001,48.2
3060990051,10.0
1-01783-0005,79.6
1-01722-0022,25.9
1-02074-0023,32.3
1017210056,109.7
1013150044,153.3
1-00039-7501,43.3
1014210001,156.6
1006070038,85.5
3009790031,43.3
3044840013,103.6
4156120013,0.8
4033580013,108.2
4033580018,81.4
4001430010,105.5
4086680143,63.1
1021700066,103.6
1011970113,59.5
1018780052,74.0
2023190100,74.0
3-08722-0475,52.0
1-01083-0037;1-01083-0029,54.4
3-02181-0001,35.2
3-01874-0038,45.9
2-05603-0014,224.2
3-06491-0362,121.1
3-00654-0034,105.6
4-00534-7502,31.2
4-01469-0068,104.9
4-01271-0006,123.6
4-00775-0023,9.9
3-05042-7502,32.4
2-02765-0232,124.9
4-05048-7503,64.3
1-00837-0062,15.3
4-00446-0030,3.2
1-00882-0001,106.0
3-01163-0001,170.2
3-00788-0032,7.7
1013210001,61.9
1008310010,36.6
2033180069,68.9
5000017501,49.6
4031640012,71.3
3085900031,34.9
3-05055-0046,76.2
3-05859-0015,67.0
1-01542-0033,65.8
1-00597-7503,41.5
1004067504,69.9
1-01158-0018,74.6
1005040043,312.8
3027700001,69.0
3028850010,60.2
1022440001,66.5
1022440001,299.7
1019870007,11.8
3021067503,49.5
5031250096,114.6
2046580021,43.8
2057420120,80.7
2057960135,60.7
1021610009,196.3
3007090058,82.1
3011040032,21.5
1008017502,57.0
3023757501,34.6
1003507503,43.9
1022430317,80.8
4032587501,23.1
3027630001,86.8
1003450017,68.8
4014897501,50.7
2044340032,82.2
1010010001,92.7
3026987501,20.3
1008160016,41.3
4096817501,44.6
3034027501,39.7
4161000014,65.3
1010370029,5.6
1010370034,97.4
1010377501,668.3
3064940001,69.2
1003070024,204.8
1010390038,10.0
1006377507,119.5
1022400037,30.6
1005570012,87.7
1015090066,80.1
4004260001,34.7
4001100022,34.8
4002250006,85.8
4000360001,57.0
1012680021,62.1
1002030005,9.7
4041730010,31.6
4162280041,81.2
1020090023,60.4
1012037501,80.3
1018870036,92.6
1012500047,64.5
1013380012,106.7
1015850018,86.4
1022150561,94.4
1021590016,85.2
2024730012,56.3
2037440057,87.8
2037670025,52.1
2025220005,81.1
2033150032,59.0
2033270067,58.9
2032200110,63.8
2031540035,77.8
2033180020,61.7
2032500092,69.3
2032840034,68.5
2033190103,76.7
1016440059,100.4
4097130113,89.4
3001220032,34.4
4033480010,99.8
2033790001,80.5
1005230032,69.0
3059090001,67.1
2-03100-0065,29.2
2-03101-0023,113.2
2-03119-0029,84.9
2-02879-0117,91.0
4-00644-0028,31.2
3054280031,82.0
3050660071,74.0
3051240012,67.7
3051010054,73.7
3050650095,60.8
4-09331-0030,66.1
1-01330-7502,52.4
3-00295-7502,32.3
3024720050,55.8
3018670088,41.6
2-04494-0001,92.4
3-06777-0017,37.1
3-06796-0009,54.3
2027680065,157.3
3006800026,31.2
3067030055,37.4
3076560058,67.7
3001330017,42.5
2031420090,55.5
3004010050,41.3
4028577501,9.8
3-03639-0035,114.0
1-01914-0026,124.9
3-01224-0048,122.0
3-03799-0026,81.7
3-04586-0501,58.6
3-04586-7501,333.4
3-04586-0201,56.2
3-04586-7505,41.6
3-04586-7503,48.4
3-04586-7502,50.3
3-01781-0061,76.0
2037387501,18.2
1017160051,62.4
2023690045,62.0
2032620088,75.8
2033160030,17.3
2037770015,94.6
2033460023,64.5
3047940020,14.8
3051900061,73.5
3051900061,62.5
3051900061,66.2
2025070001,25.9
2025110068,73.1
3058740084,82.1
3065110001,72.7
3017347506,73.1
3017347506,50.6
3017347506,49.4
3022610017,52.2
1-02180-0157,101.6
1-02180-0199,88.2
1-02142-0130;1-02142-0136,17.8
1-01041-0011,97.3
5017600025,60.4
5017600045,43.7
3067407501,38.7
3086737501,35.5
3001407501,104.9
1008710070,69.7
1008710060,40.5
1008820076,53.6
1008040001,72.6
1008040044,44.9
1008590048,58.8
1008620045,67.4
1008590072,39.1
1008380015,23.8
1008390009,50.1
1008590039,38.9
1012310055,210.6
4098087501,20.0
3025220016,51.6
4004230005,55.1
4004130002,61.1
1010067502,96.0
3086910011,61.9
1-01076-0043,51.4
3-00305-7501;3-00305-7502,87.3
3-08341-0118;3-08341-0120;3-08341-0121;3-08341-0113;3-08341-0125;3-08341-0100,23.9
3-08341-0120,24.8
3-08341-0118,22.8
3-08341-0121,23.5
3-08341-0125,23.5
3-08341-0113,22.9
3-08341-0100,26.0
4049467501,47.5
3037180001,22.6
2-02735-0028,65.2
2-02997-0024,28.9
1-02026-0041,19.1
1-02026-0043,189.0
1-02013-0012,165.5
1-02012-0057,90.4
1-02012-0022,81.8
1-02011-0050,34.0
1-02012-0017,183.8
1-02031-0017,136.3
1012300008,65.5
1008460030,63.1
1012810069,83.5
4068520011,75.0
3086650547,11.4
4000550013,76.9
4-00243-0009,41.0
4006590047,83.7
1015990003,83.9
1018270036,67.3
4-01536-0013,33.0
2023190100,76.8
1011380001,66.1
2-02981-0014,38.7
3036680002;3036680001,209.3
1018840029,206.6
3057780001,55.8
1003497503,61.1
4082860185,53.9
4051450055,70.2
1013510017,20.6
2032840048,58.5
2028140059,87.1
4139470025,43.1
4018720007,37.8
2-04252-0017,77.0
4002510015,22.2
4002240022,100.1
4002580005,201.0
1005100037,60.2
2023400011,1.7
1021647501,91.0
3022750001,35.3
3011750001,23.2
4067130041,53.0
4074420001; 4074420050,43.5
3039720012,32.3
3032080041; 3032080038,26.0
4041110088,25.5
4022940026;4022940050,61.7
3033290016,69.3
4090980022,43.2
4086370006,50.0
4096230012,42.4
3063620029,60.2
4029280001,43.7
3052160069,43.7
4027120058,34.1
3049780001,177.5
4105710001,47.1
4092250001,28.6
2043170025,77.2
1004850022,31.4
1004407502,102.1
4017460027; 4017460035,39.3
3078810033; 3078810050,52.5
3075650039,58.9
3068550001,41.3
4081070024,75.4
2031750007,76.3
4-08401-0350,94.1
4-08401-0675,94.2
4-07227-0005,52.7
2-02328-0025,107.3
2-03741-0041,54.2
3006710001,37.3
4-05019-7501,32.7
3-02979-0107,35.6
3030560230;3030560200;3030560240,23.5
2045420001,41.9
3066210001,87.6
1020470025,92.1
1010300048,23.0
4005550029,39.2
3008460035; 3008460040,67.8
1020980013; 1020980053,90.2
2-02624-7501,50.4
4-02492-0079,223.9
3-08559-0016,38.5
2-02362-0013,52.3
1-00641-0052,66.2
4-16001-0002,83.6
1-00161-0001,72.8
3-00207-7502,25.4
1015790015,60.3
1006107501,98.7
1-01186-0048,56.8
1005737502,86.5
1013740001,134.4
1003537504,37.1
1-00843-7501,97.3
4021330016,54.9
3-01179-0085,63.4
1-02142-0133,108.2
2039200029;2039200024,87.6
3002410012,91.6
1011860048,56.9
1015600005,109.7
3003840016,49.3
1006100060,88.3
1015460023,41.6
1014710003,55.2
1014480001,72.3
4120990016,96.0
1008150020,44.1
1008147501,75.7
1010267501,79.6
1005130023,26.9
1001747506,30.1
1008437501,97.3
2035150065,62.8
1-01226-0045,93.3
4-16129-0001,15.6
1-00124-0011,73.4
3-07238-0115,77.6
4-16128-0001,14.5
4-16175-0001,65.9
4-16128-0001;4-16129-0001,69.3
1-00806-7501,37.0
4-04404-0001,76.4
2-0274-30055,122.0
2-02723-0068,111.7
2-02260-0192,67.1
2-02606-0252,62.4
1007620067,83.6
1012590011,75.3
1008387502,80.5
1013110020,70.3
2025050050,102.3
2028400047,95.4
3056460030,90.9
1-01436-7506,75.3
1-00555-0001,53.9
1-01842-7501,65.1
1018660002,22.8
3022820001,30.7
2023400208,6.3
2023400204 ; 2023400208 ; 2023400209,79.7
2023400209,11.9
3-00045-7501,73.5
1-00558-7503,75.7
1-01073-7504,50.2
1007990003,34.3
1001427502,51.8
4021360021,83.3
3041690001,85.5
1019520025,60.3
3075930051,85.5
2028310009,112.5
1020910038,84.5
2028610013,73.7
2033180098,84.6
1020650048,89.1
2024520015,87.1
2027430030,85.2
2025320026,71.8
1021390221,38.4
1020620054,68.0
2028670094,87.7
1007017503,37.6
3066787501,28.6
1008660001,58.8
1001640017,14.7
1020500140,4.3
1009167501,80.3
3011717501,58.3
3060990051,72.7
1007737501,67.1
3011580061,134.1
3050610040,71.8
1020957502,88.4
4013040049,21.3
3052180026,85.1
4050637501,46.8
4028857501,71.3
2024580006,26.7
1021740012,113.4
1012310007,72.6
1014920015,55.4
3017347503,43.3
2028190051,68.1
1005697504,90.6
1012530021,47.0
1018920046,163.6
4030990007,83.9
2031730013,58.7
2033070001,70.0
1021750100,70.3
1017270006,68.1
1019940062,57.3
2024790005,107.4
1021770218,130.1
4068317502,38.3
1008330052,104.4
4006137502,43.9
1004110058,41.2
1015430038,78.7
1020950031,119.8
3013090039,69.6
3015170002,81.9
3032040008,106.6
1003530069,81.5
3023740001,39.3
1015470032,28.6
3081380250,63.7
2031560070,53.8
3076207501,34.1
4004057501,37.0
3008927504,44.6
4032387503,49.1
1020750020,36.9
2046540007,58.1
2048250029,90.2
4101000001,103.6
3-03610-0034,102.6
3-03610-0023,74.1
3-03609-0028,107.5
3-03608-0032,99.3
3-03620-0031,132.9
3-03621-0035,108.9
3-03609-0031,85.8
3-03608-0027,82.9
4-07021-0100;4-07021-0075; 4-07021-0001; 4-07021-0050,34.8
4-07021-0001,1.0
4-07021-0001,8.5
4-07021-0001,0.0
2-03111-0010,31.2
2-03146-0063,100.2
2-03193-0001,30.7
2-02998-0020,51.3
1-00580-0063,120.3
3-00264-0017,45.2
1-00498-0005,44.9
3022447501,73.2
3022447501,48.7
3022447501,31.2
3022447501,23.2
3022447501,32.1
3022447501,33.4
3022447501,41.8
3022447501,25.1
3022447501,27.2
3022447501,17.2
3022447501,21.4
3022447501,23.0
3022447501,34.6
3022447501,26.4
3022447501,33.9
3022447501,26.3
3022447501,32.0
3022447501,32.3
3022447501,30.6
3022447501,31.6
3022447501,29.6
3022447501,22.0
3022447501,30.9
3022447501,28.9
3022447501,341.4
3022447501,24.8
3022447501,24.2
3022447501,24.3
3022447501,16.7
3050900073,123.5
1-01475-9005,52.0
1-01475-0005;1-01475-9005,78.1
4022830075,31.8
2-04205-0055,142.8
4030817501,39.6
3027710001,43.2
3003437501,46.8
4006330078,70.7
4021390001,57.4
1015277502,69.3
3050660011,35.4
2-02384-7501,39.0
3-01381-0062,59.0
3000420001,33.3
2-02976-0007,68.4
2049052002,271.4
1012910001,91.5
1-00451-0001,154.6
4007010003,59.3
2025270061,81.6
2024560237,143.5
2028420065,141.3
2031140044,84.7
2029060093,63.8
2024290012,76.2
2-02373-0001,79.9
2-02389-0020,67.5
5013840041,91.1
1-00606-0047,61.3
1-01393-0052,63.2
1-00420-7502,143.3
1016000026,73.0
1016390057,81.0
4092730048,52.8
1000970010,28.1
4150110006,21.8
4150110025,44.9
4150070080,78.3
4134120001,30.6
4150110029,29.8
4134110001,85.7
4150120006,1167.4
3-01957-0030,74.5
3-01148-0001,80.5
3011480020,66.7
4098150067,91.8
4096790052,74.1
4096930051,94.1
4098170001,103.0
3024250029,91.9
3024250026,108.7
2028010031,116.6
2027470024,103.5
2027470028,100.2
2027560050,99.0
2027550029,123.4
2027560001,115.0
2027560006,114.7
2028660091,58.1
2028660030,51.8
2028660034,77.7
2028400077,103.4
2028410089,96.4
2028400084,136.1
2026820001,103.1
2026730051,114.3
1020740033,41.3
1020750036,48.5
1020020067,134.0
4097940048,66.3
4-00243-0013,41.5
1007850023,85.7
3-00736-0001,47.9
1007027503,172.2
3055867502,40.1
1-00283-7502,133.5
1-00833-0018,65.0
4-04980-0001,60.7
1-00833-0057,79.6
1-00833-0063,79.3
4-07610-0040,119.7
2044270029;2044280019,90.0
2027800073,80.6
2048370001,67.2
2-03324-0089,82.9
1-01718-7501,71.0
1-00712-0001,39.9
3-02225-0042,59.1
3-02266-0001,51.6
3-02195-0001,35.7
3-02220-0038,68.4
1-01513-0015,57.9
3-01720-0001,133.5
1004970001,43.8
4042730090,45.1
2-02292-0035,80.6
4155540049,48.3
4134130001,47.2
1008380074,38.6
1-01286-0021,160.7
1012670041,81.3
1009970029,49.8
1013150001,77.2
1009990019,54.3
1013190047,80.3
1009950005,84.9
1009960029,63.8
1-01261-7501,83.8
1-01300-0033,57.7
1-01269-0041,48.6
1-01007-0029,96.9
1-00920-0012,67.3
1-01306-0033,52.0
1-01281-0069,56.6
1-01290-0021,62.9
1-01292-0015,76.3
1-01337-7502,91.8
1-01337-0014,85.8
1-02138-0040; 1-02138-0030; 1-02139-0001; 1-02139-0085; 1-02136-0245,235.1
1-01480-0001; 1-01482-0040,357.2
1-02244-0100,222.5
4-00079-0030,35.1
1012770014,60.6
1-00862-0029,44.9
1007830070,131.8
1007819002,42.1
1008690034,82.6
1010280029,97.2
1013137501,123.2
1013280001,53.5
1012670001,96.5
1008070001,53.5
1005540001,75.1
1013120041,84.9
1012670034,71.8
1012870033,78.1
1012930026,65.4
1012900001,73.3
4071170130,37.3
5012500090,25.4
4071170130,36.5
4004160010,76.1
4-00437-7501,54.0
1-01286-0035,66.5
1008560024,91.8
1-00047-7501,46.5
1-01089-0001,73.3
1-00998-0029,55.9
1-00786-0001,45.5
1000480001,42.2
1-00062-7501,60.8
1-00004-7501,84.1
1-01276-0058,80.6
1-01258-0009,87.4
1-00016-0120,58.8
1-00016-0125,67.3
1-00016-0150,77.8
1-00994-0001,47.4
1-01307-0023,52.5
3087797501,80.7
3084701018,41.8
5006310071,66.3
1-01463-7501,332.1
1-01461-0013,218.4
1-01443-0020,146.9
4/02851/0022,28.1
1-01022-0043,83.6
1-01309-0032,40.3
1-01271-0038,45.4
1-01293-0069,48.4
1-01006-0013,55.3
1-01259-7502,54.5
5024000210,35.7
2051410003,44.5
4018600102,43.9
1-01282-0034,57.1
1-01293-0014,65.8
4041430001,52.2
3044520520,78.5
2032450060,74.0
5074810001,77.7
1013060001,128.3
1008550037,96.0
1012950023,40.5
1000390012,59.5
1013090023,56.7
1013050013,46.4
1013250001,61.4
1000090029,87.1
1012870028,26.7
1-00570-7501,92.8
1000240001,66.2
1010497501,118.4
1013940023,61.1
1-01290-7502,191.8
2029390093,50.1
2028730027,69.4
2037900040,41.0
2026270009,47.6
2044930001,50.6
2029250001,45.6
2026710011,60.4
1016940001,41.7
1019250019,62.0
1015580034,31.3
1018800013,53.6
1016090007,82.2
1021550035,53.1
1014610007,50.0
1015950015,53.7
1021590051,58.9
1019880166,71.2
1020290011,61.6
1007420007,67.2
1009210064,65.7
1012150001,55.7
1022150824,42.6
2025290081,60.0
2033860001,64.6
2022800040,55.8
2029960010,67.6
2026860020,60.9
2029090032,64.1
2047190001,62.2
2050180001,59.2
2044440016,70.4
2038640001,59.6
3008690001,70.7
3055190001,64.3
3019830010,60.0
3020390002,82.0
3022270001,67.9
3060880001,54.6
3037440009,53.4
3075510026,95.4
4035490044,48.2
4124950166,60.6
4088550020,66.3
4106260001,69.2
4120190010,42.8
4109060001,66.0
4123410031,83.6
4119720070,83.6
3058990001,60.7
3041340020,64.8
3038020015,59.6
3057740001,79.8
3049040010,73.0
3070060001,65.9
3013750012,80.9
3044770001,66.9
3084840001,55.9
3069170001,48.2
3053620021,73.1
3066400013,53.0
3030600001,39.5
3031140011,57.9
3020280001,46.7
3036360007,43.3
3009500024,61.0
3039490018,36.8
3001920013,55.5
3032980001,45.0
3067880001,88.4
3062710001,81.6
3047420001,70.4
4019540037,74.5
4052010021,76.9
4124390032,76.2
4132220001,72.7
4029900045,77.8
4001850001,79.3
4011840014,81.4
4077740165,64.6
4057340001,50.0
4069030001,30.2
4097240173,64.3
4090670001,41.1
4002280020; 4002280046,44.3
4019630005,64.6
4117140100,55.3
4015380075,67.3
4033540039,76.2
5033030018,57.2
5012180001,61.6
5000220001,110.3
5051530108,44.2
2048230001,62.7
2026310048,40.6
2023900001,58.1
2025780027,67.7
1002730001,50.6
1019840033,69.3
1011480014,46.9
1018620011,43.6
1003940012,70.5
1009260001,40.5
1016560100,76.3
1002360038; 1002360006,68.1
1002450007,43.5
1003430001,47.0
1014300005,39.2
1004080030,61.1
1021600018,69.6
1002890001,65.2
1003010003,50.6
1014710005,45.6
2030690001,92.8
2029300001,56.1
2026420001,67.5
2032160002,74.1
2024030001,42.9
2024460043,43.8
2029490064,78.0
2030670001,50.6
2032950001,83.3
2049860081,86.0
2035240020,81.5
2025040082,79.0
2031700001,58.3
2030240021,54.9
2024460043,53.5
2030590001,62.3
2031140052,98.3
2053680001; 2053680002,75.1
2041330200,42.8
2029830015,66.1
2028620014,63.4
2031000014,24.3
2030580003,55.3
2032780014,41.5
3027870001,73.0
3003110001,82.0
3016740011,69.9
3041260047,66.0
3072660040,46.3
3007920026,55.0
3058900001,76.0
3026880042,41.0
3033170001,58.2
3010340001,51.8
3054160048,64.4
4096840008,74.3
4007940017,45.7
4035340012,46.9
4034900001,66.0
4099140001,81.5
4032700001,83.5
4028790031,68.1
4038460040,86.0
4097230150,69.9
4038120020,70.2
4022840006,56.7
3054450001,77.8
3067400025,62.0
3042430001,63.6
3014230014,99.3
3069650140,59.3
3001880014,59.6
3032410037,50.2
3085900650,56.7
3068910001,55.0
3070510001,42.6
3034420001,48.3
3012330026,74.5
3041550075,70.4
3001200020,38.9
3030160001,35.7
3032300027,65.4
3081290060,67.1
4009710001,80.0
4107560001,65.6
4111510081,68.2
4032120001,61.0
4067260070,54.0
4058650050,64.1
4071280010,31.1
4002060003,20.4
4053280001,58.3
4101780001,65.3
4099190006,51.6
4062030001,62.8
4102150001,66.6
4091770023,78.9
5010200001,89.8
5011350001,57.1
5017060001,61.0
5026340001,57.2
5037320006,45.4
5028880040,41.7
5077600001,71.7
2024950100,83.6
2028270001,57.7
2037180001,62.6
2024110022; 2024110012; 2024110101,63.4
1016400139,66.3
1019390011,41.9
1016930001,79.4
1016140021,52.6
1019640012,89.0
1017550001,153.4
1019320010,42.2
1019710001,39.9
1021110024,90.3
1015240023,35.9
1009220008,44.7
1021670029,73.0
1000520001,128.9
1000160220,46.1
1019400035,63.4
2053130092,76.5
2031860049,39.1
2059170140,58.1
2026640001,37.9
2031880020,80.7
2037860016,20.9
2031230003,68.6
2027930028,51.1
2045520010,75.5
2041250001,53.0
2024560100,49.2
2046330040,97.3
2030070008,41.0
2030370079,78.7
2040060003,60.2
2028510021,62.4
3002110001,55.6
3023450001,67.9
3024190001,67.7
3017490001,55.0
3018680007,63.1
3072740107,81.1
3011640057,93.4
3016360001,53.9
3015100001,64.9
3042160001,49.1
3032120001,40.7
4008420031,57.9
4092040028,43.5
4116940027,52.0
4080820285,65.3
4008800001,61.3
3013890035,62.0
3062390001,79.4
3077060001,70.4
3055510018,64.1
3013470001,64.8
3080340001,42.9
3047440001,62.1
3001110001,46.9
3037400001,65.0
3016300001,37.6
3036930001,63.2
3044520025,52.2
3033600001,46.1
3048060001,43.9
3018230038,54.6
3017010001,53.6
3020980013,85.1
3018440001,61.9
3051110001,86.1
3022360009,43.2
3032870001,62.5
1-01289-0014,83.8
1-01258-0021,87.3
1-01285-0036,57.3
1-01297-0033,58.6
1-01280-9010,79.8
1-01008-7503,58.0
1-00128-0002,75.2
4019010040,52.8
4079550002,69.6
4121510001,66.9
4061210001,62.6
4119420302,86.8
4072770001,71.1
4074820317,40.4
4024230001,68.8
4003430001,38.1
4014230001,54.7
4021890002,86.2
4075290001,54.9
4093270026,67.6
4065070200,55.9
4018730050,49.8
4020030023,73.7
4078700070,73.6
4004380026,58.1
4006340036,57.2
5005340075,26.1
5052210001,64.1
5036960100,46.5
5023640001,33.9
5028520001,72.3
5001000100,36.8
5067960044,54.8
2043410013,71.4
2039210030,86.5
2035910050,65.5
2029690001,43.3
2028970005,50.7
2026320027,64.9
1005850041,47.8
1007440024,72.7
1022330020,76.1
1010620003,57.4
1018280015,77.8
1021330040,58.0
1021650026,77.4
1016010001,77.3
1020780019,43.3
1019190006,59.6
1018550009,75.1
1011520029,40.1
1008780016,72.1
1008050071,81.0
2030050010,52.7
2026830065,69.8
2030920014,60.0
2026720001,62.1
2037110001,62.3
2029300075,73.2
2031060028,71.6
2057160725,57.8
2036220016,48.0
3027120001,50.5
3007550022,53.5
3014900001,74.2
3004370001,60.2
3074740001,52.9
3053910001,42.8
3083880002,49.7
3020080001,72.3
3071230066,67.7
3057020001,96.2
3033770001,41.0
3011010001,45.2
3063290032,58.7
3053190001,56.8
3046730001,100.3
3036220023,60.0
4037820027,76.2
4015140001,63.9
4017140018,80.2
4102500001,57.9
3043490050,50.0
3007320001,91.0
3054920001,71.3
3043270024,58.6
3065490024,74.1
3068210244,77.0
3017840020,41.8
3049940023,78.3
3019330102,54.4
3084960100,56.3
3035070007,55.2
3068830001,58.3
3010820001,76.7
3014570032,58.2
3035080012,50.0
3053340064,69.8
4068260001,49.9
4057560001,44.8
4020830123,51.6
4050020001,70.8
4030250038,41.4
4094910001,63.9
4005920015,51.9
4065070150,72.2
5002760007,76.7
5005560080,55.6
5001760010,57.7
5066130001,41.0
2044740001,44.8
2046750020,61.0
2026880001,63.1
2029650082,51.0
1003540080,35.7
1003740020,40.6
1010380014,51.3
1010430022,50.2
1004390017,59.0
1004310014,52.0
1015680008,37.9
1016590012,60.2
1004220072,55.5
1021250001,58.5
1002880015,49.1
1016540033,43.0
1018300019; 1018300047,60.8
1017520022,53.8
1021720016,41.9
1000160215,66.5
1021120058,46.7
1011540108,38.1
2046240015,58.2
2029030023,23.8
2027660001,81.2
2024350075; 2024360045,57.0
2033510001,66.4
2030810026,79.2
2030490037,68.8
2030080001,53.0
2027470001,63.5
2037750025,61.2
2035640001,57.7
2025760026,24.8
2036040039,52.0
2027100001,45.9
2030620043,53.2
2024450006,100.4
3038230001,51.0
3009810111,62.1
3040690001,51.8
3065350011,66.9
3072810001,62.4
3081600022,56.4
3054951101,63.8
3056030001,67.1
3056530021; 3056530055,88.0
4025030031,37.0
3006690001,87.5
3036060001,109.4
3030460001,51.8
3013670022,62.3
3043240001,69.2
3042780001,68.1
3007780023,84.8
3011880001,101.9
3047390001,63.3
3061740036,68.9
3015500001,48.1
3033430001,44.1
3072500025,61.4
3017730014,48.6
3000560007,51.2
3013010001,55.6
3009710028,74.5
3037680001,56.3
3039900001,44.7
3051030010,86.5
3017260014,53.1
3050500051,92.9
4007140001,53.9
4073160018,104.7
4091550025,78.6
4007520001,48.8
4048020001,45.8
4095400002,76.5
4098580100,64.9
4097680022,49.8
4018490001,68.5
4065070001,74.9
4122610001,72.7
4097740001,34.1
4130570056,66.2
4005290002,62.7
4091720001,58.2
4123350049,82.7
4120330010,55.0
4001000001,55.8
5078980001,59.5
5036450007,58.2
5032430001,36.9
5015800044,39.6
5039300010,37.0
5043730001,54.4
5024500305,85.8
2036520001,67.3
2032520182,80.1
2028770393,59.9
2049160001,79.1
2027140004,52.4
2025260083,60.3
2031430043,55.2
2022860036,53.3
2032530141,45.7
2026250001,42.9
2029510032,46.4
1002790040,58.1
1018500002,71.9
1009980041,61.2
1012530065,77.3
1019260017,58.0
1012230005,79.4
1020420035,35.9
1003440001,44.8
1017000001,42.9
1021420154,54.7
1021790365,78.9
1007740019,54.1
1011560030,74.9
1022340007,58.8
2028040031,67.0
2031720046,73.1
2026680001,61.7
2030210038,41.6
2028170002,63.5
2031150021,49.9
2051410150,47.6
2031680027,25.7
2031780014,85.5
2024800008,56.4
3019980001,63.9
3001720055,43.3
3017870014,66.6
3026220028,56.6
3030250001,56.5
3035440135,52.0
3050490055; 3050490028,57.7
3066670024,112.9
3039260045,51.6
3027590001,65.7
3051440064,61.5
3003690001,62.2
3072910030,44.6
3015520043,62.6
3018970013,59.5
3040150001,54.4
4006960014,59.1
4034920007,52.9
4034340001,30.6
4026310106,53.1
4036830001,63.2
4003440001,53.0
4116070001,93.3
4118820001,76.2
4005530001,72.9
4030270037,91.5
4030950050,61.5
3035410001,84.8
3014400056,68.1
3035970011,98.9
3062780022,62.0
3082270001,49.8
3051100025,86.6
3012160046,57.6
3082220001,54.1
3023300011,54.5
3075530041,26.5
3037040001; 3037040033; 3037040035; 3037040036,77.7
3053220069,59.8
3007010001,57.8
3060650043,167.7
3014820001,101.1
3018120001,102.3
4013490028,68.2
4052610001,68.9
4042290014,62.3
4121040001,77.0
4153130485,0.0
4101440042,78.5
4094100001,62.9
4005370014,41.3
4031340024,61.1
4050510027,69.8
4136550001,47.8
4076770001,65.9
4120510001,53.0
4087310004,55.3
4114030001,38.6
4033630001,59.6
4093210001,72.5
4124950270,40.3
4024500017,86.9
4014430019,64.9
5003310001,68.3
5054440012,54.4
5031710001,65.9
5019870104,56.7
5073150007,60.5
2033560042,69.1
2042880001,65.3
2049050500,50.9
2037890021,83.2
2049350001,44.7
1017680021,61.0
1016120050,29.7
1004460020,46.1
1003810038,66.9
1003090001,48.3
1021060050,16.8
1009040024,58.4
1017470001,45.4
1016520016,79.7
1019060011,17.1
1012190047,59.6
1019460001,56.8
1003560100,53.5
1015450005,51.4
1008720057,58.9
1021650069,17.6
1011570025,53.1
1020010005,47.2
1021640032,83.5
2029250056,44.7
2048390039,71.8
2022670015,87.8
2038170001,79.2
2023020040,55.8
2026960085,42.0
2028430040,72.0
2041710001,71.7
2058501550,64.4
2028660070,83.7
2032470070,63.9
2030610055,54.4
2043580001,71.6
2032510201,52.5
2034780018,48.3
2057160725,87.3
2033300001,92.9
2023440096,27.1
3005660001,51.7
3011450026,50.5
3010000001,62.3
3017650015,64.0
3004490015,29.3
3016020019,47.6
3068750032,75.3
3082560001,73.2
3007130020,53.1
3031530011,43.2
3037740016,81.1
3034060001,57.7
3052570001,63.5
3063990026,63.6
4046470001,50.5
4054460018,80.5
4008100001,48.1
3045990001,61.8
3038380018,74.7
3087520035,72.5
3049880066,63.2
3064070008,73.0
3062940001,73.0
3055710001,63.1
3072440001,78.6
3046500015,116.4
3059230001,88.7
1013940001,42.6
4-05165-0001,367.7
1-00923-0001,231.0
1-00889-0050,189.5
1-01271-0071,81.8
4004350001,63.6
4-01787-0020,92.7
1-01268-7501,53.5
1-01005-0029,74.8
1-01021-0026,64.0
1019630060,95.7
1-00768-0050,63.2
1-01374-7501,50.8
1-01500-0001,268.9
1000747501,53.6
1005780047,44.9
1-01289-0052,53.7
3035420001,60.0
3033580001,42.4
3058500030,79.3
3055060006,58.0
3045950015,60.1
3013700029,62.4
3018880034,69.0
4048030001,39.7
4089290058,53.6
4018910032,48.7
4091830001,56.8
4027320018,63.9
4060380013,57.2
4006100001,64.8
4137180001,57.0
4077530001,31.2
4065070001,74.0
4082760620,55.2
4012520001,40.1
4007380002,55.1
4110490001,75.9
4004040001,63.7
4035600004,89.6
4024510021,73.4
4091210011,72.9
4097070048,40.6
4012600001,63.9
4014600034,51.4
4028020001,74.4
4035610001,71.3
5000730064,93.6
5060500002,61.8
2055470001,53.7
2044320001,48.8
2036090016,50.8
2024240001,68.6
1014930021,54.7
1004530034,60.9
1003550001,39.3
1017520059,66.4
1002590044,29.8
1006060049,40.7
1017970100,54.1
1002690041,44.9
1007410010,61.1
1011490007,47.9
1022290012,69.9
1016390003,64.2
1016840101,55.9
1018160001,42.1
1019600001,69.7
1021730001,66.0
1018520099,36.7
1012140029,57.8
1021710036,61.9
2024110119,58.2
2054380001,81.7
2050760031,55.1
2030850001,54.3
2025710001,60.2
2027630279,68.9
2051350200,67.3
2026550030,39.8
2032240009,103.0
2028470041,54.4
2030130001,40.6
3003970011,39.2
3017430018,49.3
3001910001,62.2
3018210001,57.2
3015280001,63.6
3047940026,62.5
3031370026,55.9
3030910001,33.0
3012970026,79.4
4012880001,85.8
4033600001,120.5
4110180021,55.9
3052320001,71.3
3087120056,92.2
3063910024,65.6
3046060025,76.2
3048440001,77.4
3086660610,77.6
3068210123,68.7
3018450001,49.5
3046230028,82.9
3009410050,67.5
3004020001,45.0
3006960031,48.0
3072540001,69.5
3040130023,52.4
3011410005,39.6
3041060039,63.9
3057350032,101.4
4012390001,64.7
4100240012,105.5
4092800001,62.3
4094770001,49.6
4141680016,42.0
4116730001,69.5
4088010014,50.6
4067920100,47.4
4004170016,55.4
4068820001,63.7
4051470001,44.7
4098750001,53.5
5000180015,62.9
5062620012,86.7
5045860001,45.3
5070440001,47.8
4078700074,124.0
4158190148,88.4
4162580006,29.4
5065660001,56.8
5056050001,64.6
1009250012,48.1
1016320011,79.8
1005810054,61.8
1019570010,74.8
1017130001,56.5
1001420001,63.0
1008240015,40.6
1009960021,47.6
1003310140,42.8
2039830001,60.0
2023590240,60.8
2033360035,66.4
2028300017,65.4
2023330070,56.3
2032470070,49.2
2025520070,47.6
2030620006,50.8
3011600001,73.8
3020450011,59.2
3082300001,46.4
3012290028,67.4
3072610201,63.0
3014670027,50.2
3087600050,0.6
3077820034,39.2
3022070002,21.2
4035790001,65.0
4077230001,55.7
4035630023; 4035630001,65.3
4021260014,51.1
4068090056,63.3
4096770007,51.0
4078700072,53.8
5078940001,76.4
5002270024,74.8
5024500320,66.8
1014420001,58.6
1019570078,85.0
1007670068,44.4
1014180007,143.2
2039460007,80.7
2037180001,16.8
2029900006,48.9
2028820130,69.3
2025350010,50.1
3001540001,52.5
3034270011,46.7
3035350016,60.6
3042170001,51.6
3057450029,77.4
3078490001,60.5
3050750001,70.2
3081580035,69.1
3037880001,80.3
3008620012,62.7
3077750001,45.5
3013820012,56.1
3014540054,47.9
4092260057,71.0
4131700012,73.2
4002260001,49.7
4079300002,40.5
4004890001,42.9
4159740003,61.0
4043710173,57.0
4129730001,69.3
4161120001,80.0
5004230009,60.1
5046300013,52.7
5000190004,53.1
5060250030,38.5
5076640001,25.0
1003870001,64.1
1003250025,74.8
1015167502,56.9
1010590015,64.6
1009550001,53.7
1021180022,48.2
1001420025,0.0
1019310027,60.2
2029390045,69.6
2042750001,89.8
2031500010,75.8
2059180376,46.8
2032220100,36.2
2032530341,69.2
2055310021,38.3
2033290124,80.5
2042900048,72.0
3005250001,69.8
3033140001,61.8
3065950033,89.0
3059730001,139.2
3067690018,49.7
3073810201,63.9
3045300001,65.3
3081880001,69.4
3074200026,67.6
3051030093,63.5
4105820016,63.5
4135780001,87.6
4096790067,42.2
4157720031,54.5
4158610035,75.3
4043700050,52.4
4158940011,75.2
4093810044,70.1
4155410001,82.1
4016000061,99.4
5000180006,103.1
1007240023,87.0
1009130007,44.0
1013730001,70.0
1000510015,128.5
1008487502,10.3
1020840129,86.7
2024380050,55.0
2029020001,79.8
2054400001,60.2
2032070040,59.3
2024430190; 2024430079,44.7
2026160001,38.9
1022150080,48.7
2032220100,75.6
2028760008,41.3
2028980001,50.3
2032480062,97.4
3056000001,70.6
3066310001,53.2
3070840001,63.9
3084640001,49.9
3001400010,69.9
3058730084,16.2
4109260050,76.9
4039760001,60.0
4129270028,81.6
4061850001,77.7
4158200001,71.9
4096770016,73.1
4066290035,45.4
5062620012,57.9
1017760020,92.1
1001130100,83.1
1022150831; 1022150827,47.4
2057560195,76.4
2023290075,59.3
2029320001,31.4
2032470015,84.0
3016920017,79.9
3087670026,51.9
3047530001,79.9
3076290030,53.7
3011870001,92.6
3067340109,61.0
3067390077,66.3
3004550001,55.7
3050220002,79.3
4016070001,60.2
4049560055,27.5
4116230001,77.2
4056740002,113.8
3040940001; 4088340001,79.0
4101410043,33.3
5042440001,59.3
5023660073,54.9
1010790029,57.7
1020160100,65.9
1010650001,40.4
2026920014,42.6
2031820004,39.3
2038420002,43.2
3032890027,52.9
3032100001,54.1
3053710001,51.2
3060430001,76.3
3076250001,73.3
3047690025,59.5
3046690037,85.1
3048150020,49.4
3071850020,72.6
3083930001,176.4
3031570037,46.5
4019850001,70.5
4034370001,51.0
4060440001,51.2
4162570001,74.0
4022180021,88.2
4028640036,58.4
5056050001,46.4
5011210001,75.9
5000160007,40.3
1014890001,57.2
1008897501,39.0
1016340003,23.1
1005770019,54.3
1008040001,11.2
2026640029,63.8
2027650269,53.5
2041250015,70.0
2048640035,81.2
3002660020,88.9
3074240001,43.1
3024230001,48.4
3077860001,36.2
3083930001,57.9
3001690009,50.6
3001920001,52.1
3051030079,63.3
3011480050,72.2
3002690014,63.6
3081820052,109.2
3055870038,76.6
3012670001,80.5
4114750011,69.8
4063730001,68.8
4160390014,92.0
4155570025,66.8
4161670099,48.6
4002820001,56.6
4012810038,66.2
4014230057,51.2
5028850001,47.7
5005060081,102.9
5047160060,44.7
5006830001; 5006830302; 5006830305; 5006830306; 5006830303; 5006830304; 5006830301,141.3
1012300001,64.8
1004910016,61.0
1017840012,61.7
1-00763-0024,63.5
1-00788-0011,44.8
1-01509-0020,64.1
1-02136-0210,56.2
1-02097-0040,67.2
1-01048-0020,34.6
1-01603-0001,52.3
1-02202-0009,191.7
2-03233-0070,72.3
2-03233-0082,70.9
2-03233-0090,63.9
2-02823-0046,63.8
2-03230-0016,66.1
2-02511-0022,100.3
2-02454-0019,65.9
2-03219-0055,58.0
4157800100,51.8
4157800020,52.1
4158100001,44.7
4158150220,47.6
4158100071,92.6
4-15815-0071,67.9
2-03154-0040,106.7
2033420001,85.6
2-02869-0009,151.6
2-02457-0040,82.5
4021390026,57.5
3-05374-0041,73.1
1002330026,63.9
1000327501,66.5
1-00749-0024,936.8
1010250025,82.4
1-01503-0057,53.0
4-06401-0019,2.8
1012917502,77.9
4062590016,196.1
1-01282-0001,69.7
1-01283-0001,45.0
1-01281-7501,53.5
1-00010-0014,60.3
1-01277-0002,74.0
1-01263-0071,44.7
1-00892-0020,61.3
3-01059-0061,79.7
2-03311-7501,111.6
1-02250-0054,71.7
1-01232-0037,28.9
1-00892-0020,61.5
1-00890-0049,95.7
1-02246-0110,70.3
3-01071-0014,64.6
2-05950-0406,58.3
1-00775-0022,70.8
1008670033,74.2
1013630020,71.2
1011717505,43.4
1012477502,33.1
1-00838-7501,87.3
1011717507,63.5
1006187504,97.9
1002287502,50.4
3023637501,59.8
1019237501,38.3
1-00819-7502,96.0
1014920069,55.5
1-00559-7501,46.4
1-01602-7502,96.9
1004747506,41.0
1-00969-0005,219.3
1-01303-0001,95.7
1-00016-7517,99.4
1-01008-0019,62.3
1-01285-0015,46.2
1-01483-0001,118.5
1-00882-0085,55.4
1-00882-0003,69.0
1-00598-0058,43.0
1-01295-0040,46.9
1-01284-0052,79.8
1-01311-0050,42.0
1-00581-0063,57.1
1-01282-0021,118.9
1-00884-0084,38.5
1-00757-0031,70.7
1-00818-0066,32.8
1-01065-0012,49.9
1-01336-0030,99.5
1-00088-0005,71.5
1-01258-0040,82.4
1-00785-0001,51.2
1-01275-0061,48.1
1-01162-7501,68.9
1013170015,97.8
1-00815-0014,40.4
4-08520-0175,215.9
1013360031,13065.3
2-02867-0108,81.7
2-03100-0001,77.1
2-02614-0061,89.0
1011717503,86.1
1000430002,45.1
1012927501,73.8
1010117505,71.2
1010117502,69.6
1013407501,66.6
4158420100,215.4
1-00070-7501,46.2
1010090005,58.1
1008830001,65.0
1008470040,71.8
1008400071,55.9
1-00604-0033,52.9
1-00641-0017,53.0
1006420004; 1006420012,65.0
1-01062-0019,78.2
1-00016-0210,53.8
4-00021-0060,76.4
1-00075-0001,78.0
1-00940-0012,87.9
1008190010,42.3
1008250012,38.6
1008800014,41.7
1008340049,67.7
1-00834-0022,51.7
1008380076,63.1
1-00812-0069,20.6
1-00815-0039,45.2
1-00867-0001,54.5
1-00993-0036,79.5
1-00811-0001,47.8
1008260046,31.8
2-03311-7501,112.2
1-01103-0015,46.3
5005930590,0.2
4050460020,47.6
4099370025,58.9
4099370001,52.8
4099500009,60.5
4098490130,50.4
4050490006,68.3
4050480001,50.3
3051550017,31.6
3051550050,60.7
3073090040,15.2
3073080032,66.2
3064680016,52.6
3064680016,117.1
3074330013,56.1
3072740020,60.0
3072740035,65.6
4099450048,44.5
4096440001,74.8
3064410001,62.8
3064710090,68.0
1-00701-0001,18.6
1-00694-0047,28.9
1-02001-0001,27.8
1-01456-0035,22.6
1-00443-0005,7.2
1-00250-0001,21.9
1-01861-0040,28.9
1-01704-0001,18.3
1-00693-0014,6.8
1-02231-0001,77.2
1-00412-0053,79.1
1-01072-0010,15.0
1008080040,31.2
1007570054,42.2
1012720066,121.7
1014920049,91.8
2033200013,65.6
1-00825-0001,35.1
5000050057,52.3
1009457501,64.5
1-01425-0001,48.0
1-00220-0031,45.1
4-04065-0001,66.0
3-03650-0001,9.5
2-05610-0025,13.8
1004107501,64.2
1009040005,72.9
1009010048,95.5
1009040007,90.8
1007400013,141.7
1-00904-0010,80.2
1000200016,62.6
1021380040,402.6
1021240017,529.9
1021240043,610.6
1-01067-0044,3.0
1-01151-0017,95.4
1021390051,613.2
1-01062-0019,79.2
4-00021-0060,75.3
1010200046,46.3
1013760036,114.4
1-01308-7502,80.3
1-01308-7501,76.3
1-01294-0001,71.1
1000090014,52.6
1013070001,100.6
1008160037,43.8
1013910014,102.0
1-01440-0049,217.8
1-01199-0036,54.3
1-01377-7502,88.7
1015037501,63.1
1-01381-7504,72.2
4001430001,38.6
4014450034,81.6
3051610033,64.0
3051560021,61.8
3051020063,65.6
1-01403-0033,58.8
1-00875-0047,71.3
1-00555-0028,60.0
1013690007,51.9
1-01495-7501,64.5
1-01390-7502,82.5
1-00609-0001,72.5
1-01487-0039,59.6
1-00892-7501,42.4
1-01378-0048,44.7
1-01510-0030,57.8
1-01532-0022,84.2
1-01500-0045,82.4
1-01544-0019,90.4
1-01368-0025,57.0
1-01890-0001,49.5
1-01409-7502,46.4
1-00877-0030,61.4
1008170085,61.8
2-02458-0090,72.3
1-01139-7503,112.2
1-01396-0071,66.7
1-01085-0001,201.5
1-01085-0023,535.8
1-01085-0041,387.7
1-00095-0027,78.8
3-01922-0001,131.4
3-01921-0001,110.7
3-01947-0001,61.9
3-01905-0120,107.0
3-01920-0001,239.8
3-01923-0020,82.3
4008840065,56.9
1-01290-0056,85.8
1007637502,41.2
1022220035,92.3
1013090066,62.2
1008217501,52.7
1008650014,62.9
1007860051,44.1
1008570024,78.2
2-05774-0240,57.1
2-05773-0328,104.8
2-05776-0632,6.2
3087170029,69.7
3067670080,68.8
3072190015,75.7
1021740077,85.9
2039330070,91.0
2038050043,74.1
2038140001,67.8
2040870033,82.9
1021420001,79.1
1020570039,78.1
1021420089,60.8
3087160064,68.3
1019690040,77.8
1021420058,75.2
2033440005,99.4
2028010001,86.8
2033160013,51.8
2032590001,72.4
1010540056,61.6
2033350110,14.7
1012290008,55.8
1021070072,62.4
3001480007,170.9
1000660001,107.2
1012820021,118.9
1000460001,57.0
1006007501,85.0
1012930059,114.1
1008227507,94.0
1006030037,39.1
1014950004,66.6
1014270034,58.8
1014280009,66.7
1015117501,64.7
1018660001; 1018670001; 1018850036; 1018670005,244.7
3076680024,269.7
1005970012,48.0
1013130005,85.5
1008410054,81.1
1001270018,56.2
1000927502,51.6
1012870052,45.3
1013080033,46.0
1010287501,63.7
2-02387-0032,63.3
2-02478-0007,81.6
2-02878-0090,91.3
2-02876-0194,21.8
2-02877-0233,22.1
2-02878-0044,84.9
2-02878-0044,73.6
2-02878-0005,17.8
4105330001,112.2
4022700013,123.7
1-01311-0033,72.5
1-00016-0185,109.0
1-00826-0001,97.2
1008340049,65.6
1-00812-0069,23.7
4-00116-0021,81.5
1021120001,54.6
1008550016,44.1
2022740023,50.4
2031040007,68.4
2026980012,45.2
2031420048,105.1
2032510201,81.9
2032090001,65.3
2038340070,64.6
3049650001,43.4
3061800001,71.0
3025950001,45.9
3073930001,79.4
3066810169,67.0
3071960001,59.4
3032420001,26.6
3079160001,36.1
4104470007,105.4
4129930118,64.0
4127230076,47.6
4096790067,41.4
4157360001,70.8
4161590012,53.9
1010920036,46.8
1005630046,27.3
1008580006,40.5
1-01264-0005,50.2
1-01264-0005,64.2
1-01264-0005,175.8
1-01265-0050,277.4
1-01265-0050,71.3
1-01266-0001,95.5
1-01266-0001,82.0
1-01266-0001,78.6
1-01266-0001,241.7
1-01265-7501,119.4
1-01264-0005,73.8
2-02985-0038,88.7
2-02486-0025,76.1
2-02486-0030,81.4
2-02975-0013,99.3
1-00993-0001,113.4
1-00823-0029,77.1
3044520080,50.8
3-06765-0012,85.5
3074220101,79.6
1-00842-0023,60.1
1007610033,57.2
1-00747-0001,38.5
1-00748-0001,14.6
1-00749-0001,3.0
1-00751-0001,5.3
1-00752-0001,6.1
1000650007,41.1
1004820016,47.3
1-00822-0009,45.3
1-00822-0070,35.3
1-00826-0013,63.0
1-01035-0001,83.8
1-00776-0033,63.6
4043710008,64.0
2-02331-7501,70.9
2-03292-0062,30.1
1-00144-0040,285.9
1-00124-0004,67.8
4013010010,107.3
1000220020,58.1
1011397502,104.0
1000200004,59.7
1000200009,57.9
1000220017,76.2
1022410014,79.9
1-00759-0037,46.4
1-00841-0089,95.7
1-00863-0067,43.7
1-00843-0020,52.0
1-00813-0031,50.2
1-00823-0055,37.5
1-00846-0033,40.4
1-00927-0055,70.3
1-00696-0065,44.5
1-00867-0009,58.7
1-00849-0070,43.2
1-00869-0016,53.3
1-00840-0023,38.5
1-01274-0006,101.0
1-00847-0001,69.3
1-00847-0062,77.9
1-01290-0036,51.0
3-01764-0001,68.9
4-00409-0001,29.0
4-00410-0038,31.7
1-00800-0061,29.9
1-00874-0001,70.1
1-00874-0004,49.6
1-00869-0061,84.0
1-00762-0050,49.0
1005580037,67.4
1009210051,483.2
1013747502,84.0
1011137502,101.6
1-00823-7503,40.9
1-01247-0029,47.9
1-01524-0001,52.5
1-01150-7503,65.0
1-00864-0041,70.0
1-01229-7501,56.5
1-01331-0014,63.5
1-01569-0010,73.3
4-03353-0059,63.9
1-02177-0175,70.2
1-02177-0170,66.8
1-00787-0011,45.5
4066770001,52.1
4066780001,73.9
4050500004,61.1
4049950064,64.9
4076720002,92.5
4008940030,85.5
4008600001,84.8
4008590001,79.6
1-00863-0067,38.4
1013740065,127.5
1012240001,67.5
1-00766-0039,53.1
1-01237-0061,64.1
1-00557-7501,41.8
1-00511-0008,32.4
1020530014,72.8
1-00026-0021,72.6
3023327501,83.1
1-00016-7509,101.8
1-00016-7518,62.3
1-00016-7511,101.2
1-01542-0019,88.0
1014127502,49.7
1-01582-0034,76.0
3023247501,71.1
3064890001,63.1
3064690001,0.4
3072380082,63.9
3072340100,1.2
3072350001,1.2
3072340001,0.9
5039830045,4.4
5039830001,119.4
5039830045,4.0
5039830045,130.4
5039830065,3.7
5039830065,78.1
5005950015,3.9
5005950015,0.4
5005950015,0.3
5005930590,74.7
5005930590,66.4
1-01092-0007,34.7
2040850180,91.6
3-05979-0046,100.4
3-07405-0052,83.8
1-00999-0003,47.6
3051000051,71.3
2028190001,73.8
2025050084,75.8
2024770034,41.5
2024350007,97.7
2028210032,76.5
2025370047,83.1
2033040030,48.6
2033150054,57.4
1007010062,78.6
2028020046,86.8
2031950012,122.4
2033110072,62.6
2031830013,64.5
2031420018,72.6
2028460047,63.1
2031460055,103.7
2037970001,94.2
1008290007,66.4
2028190005,80.9
1009440001,63.2
2032110009,71.3
2033430359,72.8
2031970001,79.0
2033490027,64.1
1020580047,32.3
1020700012,79.1
2028660009,83.0
2033560140,68.7
2033050001,87.9
2045980007,80.1
2028720331,88.9
3073970085,70.9
2054810048,48.3
1000167501,60.9
1-01250-7503,74.3
1-00890-0005,85.4
2-05793-0467,65.9
1-00818-0041,35.1
1-00052-0021,61.3
1-01240-7502,34.4
1-00071-0001,86.8
1018917502,51.8
1-01325-0024,61.2
1-02179-0099,91.8
1013417505,74.0
1-00851-0013,66.5
1-01497-0028,54.6
4-00198-0001,88.5
4-03095-0081,68.2
4-02474-0022,77.0
4-03171-0001,85.3
4-05025-0050,76.3
5-00589-0053,85.9
1-01407-0026,57.8
5-00589-0044,78.8
1-01119-0036,62.2
5-00589-0035,84.8
5-00590-0001,117.0
1-01585-0001,64.3
1-00629-0044,81.4
1-01473-0038,65.2
1-01252-0001,70.7
1-00468-0001,82.0
1-01425-0017,66.3
1-01320-0018,96.9
1-01126-0029,54.1
1-00828-0041,66.9
1-01289-0021,48.5
1-00774-7501,61.6
4-04078-0026,8.0
1013110001,102.6
1-00784-0019,41.1
1007960058,82.1
1007970018,109.4
1007960060,91.0
4-08520-0002,397.2
4-08520-0002,110.2
4-02131-0016,252.5
1-01411-0001,251.7
1-00764-0001,45.5
1005590022,85.3
2059030283,78.6
1-01289-0045,146.1
1018510005,52.0
1012120110,85.0
1005680024,62.3
1018900064,48.5
4-00161-0033,14.2
1-01868-0001,52.5
1010460036,84.0
4000610011,44.7
4000270005,19.0
1008210064,30.8
1-00760-0043,51.4
1-01244-0072,65.8
3-05150-0021,119.9
4071170002,10.9
4071170300,15.4
4071170008,47.4
4071170006,133.5
4071150002,29.0
1-00776-0001,49.3
1-00762-0033,53.1
1-00150-0031,39.5
1-00519-0070,51.1
1-00814-0001,42.2
1-00838-0058,32.5
1-01437-0007,63.2
3-02100-0072,68.3
1-00289-9001;1-00289-0001,49.5
3-00232-0001,28.2
1-01397-0066,61.8
1-01150-0037,50.0
1-01141-0039,58.1
1-00100-0026,69.7
1-00101-0001,57.7
1-01150-0055,40.4
1-00143-0001,40.0
1-00637-0081,58.4
1-01413-0027,59.4
1-01224-0001,67.3
1-01361-0012,136.4
3-00252-0008,65.5
1-01129-0045,47.0
2-04293-0010,15.4
1-01437-0001,90.6
1-01333-0042,80.6
1-01166-0061,47.5
1-01891-0035,68.2
1-01247-0047,62.4
1-00143-0021,17.3
1-01451-0031,69.4
1-02139-0530,65.7
3-01943-0006,72.3
1-01333-0023,81.9
1-01233-0002,56.6
1-01250-7504,83.8
1-01237-0061,63.6
1-0218-00371,72.2
1-01225-0029,34.8
1-00557-7501,43.4
3-01068-0037,51.7
1-01334-0010,68.8
1-01224-0023,30.0
5005340049,162.2
1018960047,13.9
1018850037,13.5
1018850007,88.2
1008330054,64.2
1-00863-0027,80.9
1011450025,71.6
1-00803-7502,51.2
1005207503,57.5
2028920011,81.9
2024780030,65.9
2024560181,80.3
2024560175,72.2
2028540056,83.4
2028280030,74.3
2030220010,83.4
2032900042,70.6
2028050001,75.9
1-00760-0032,34.3
3038820006,158.3
1-00788-0037,49.6
1014840001,87.0
1008780065,51.3
1008610015,48.7
1013377501,66.8
1013750021,51.2
1012730001,95.8
1008280033,51.6
1-01263-0014,68.7
1-01276-0069,86.4
1-00869-0058,54.2
1-01043-0013,56.5
1-01263-0005,73.3
1-01276-0051,91.3
1-01581-0045,68.9
2042520025,63.1
1013680005,98.0
1008720035,97.0
4096770167,40.6
1015270028,104.8
1005720038,72.9
3002210020,71.4
1015340012,107.8
1013620012,53.1
1011210017,54.0
1013120033,70.4
1018750036,98.9
1008910039,124.3
1010290036,103.9
1011430060,100.1
1008940032,74.1
1008160042,113.1
1010080008,85.5
1011440056,76.6
1012160140,68.3
3002440013,91.0
1013000050,107.6
4002530017,48.7
1008350056,95.7
1007720018,47.8
1015680001,133.0
1008360007,55.4
1014240010,28.5
2027770292,138.8
3020017501,89.5
2-03273-0001,110.3
1-01132-0001,69.6
1-00788-0073,39.7
2032620077,80.3
1022460120,71.0
1021750027,108.4
1021420120,60.8
4014750027,80.4
4015700046,79.1
1021800028,63.7
3062400037,62.1
4003420024,104.9
1-01871-0052,76.3
1-01251-0063,78.1
1008190056,33.5
1009230011,19.8
1-01314-7501,94.7
1-01397-7505,164.2
1-01584-7501,81.6
1-01523-0034,78.2
1-00016-7509,100.7
1-01533-0001,102.1
1-00816-0007,75.6
1-00132-7501,83.9
1-00913-0028,109.5
1-00016-7510,79.4
1-00016-7505,78.3
1-01419-7502,110.0
1-01115-7503,80.2
1-00016-7506,51.7
1008210038,58.7
1-01029-7501,58.1
1-01264-0030;1-01264-0045,80.6
3-06597-0052,105.9
3-06738-0037,73.7
3-06751-0023,93.9
3-06794-0043,104.1
3-06766-0057,72.0
3-06741-0054,86.2
3-07299-0071,72.0
3-06826-0077,62.9
3-06663-0023,87.1
3-06738-0024,59.9
3-06731-0039,80.0
3-06622-0001,66.5
3-07344-0020,69.5
3-07380-0071,55.9
1-02175-0128,78.9
1-02136-0190,77.2
4-07128-0002,49.5
1-00728-0042,112.3
1-00776-0047,100.9
1-00776-0055,57.4
2038420055,58.2
1-00836-0020,52.3
2-03281-0040,37.9
1008580049,52.5
1-01320-7505,65.5
1011220023,69.8
1006150086,39.5
1011200011,48.4
1-01370-7501,29.8
1011860059,67.1
1015157501,64.7
1008470038,65.2
1010460013,53.0
1013700046,80.9
1010100061,50.8
1-01377-0029,55.4
1018700004,51.1
1011210036,62.2
1011220029,50.1
1014080001,82.5
1-01407-0033,62.6
1-01349-7501,67.3
1008910066,65.2
3063310018,74.0
3072980007,66.5
3050800054,83.5
4104610057,98.0
1012170064,75.4
1012520034,53.4
1-00900-0001,96.9
1008990040,80.3
1005630001,61.3
1008120063,28.1
1-01392-7501,76.2
1-01367-0026,73.7
1-01491-0007,99.6
1-01348-0016,87.2
1-01449-7501,53.9
1-01487-7501,68.3
1-01508-0031,67.7
1007860020,9.2
4010107501,74.6
4010117501,73.8
3-00018-0001,15.4
1-01288-0027,59.7
1-01283-0069,70.0
1001700020,67.5
1007537502,58.2
1021700096,93.6
1021700105,65.9
1021700112,83.8
1021807501,45.1
1021807505,66.4
1022230005,62.6
1-01233-0033,56.0
1-01417-0001,49.6
1-01386-0049,16.2
1-01576-0027,54.8
1-02180-0067,63.7
2057600100,75.1
2057600112,95.0
2057610444,100.6
3011890020,99.4
3012800058,113.8
3050800024,87.5
3051210026,83.3
3051590053,94.9
2042850016,75.5
2041730029,75.8
3067210070,103.0
1012537503,73.9
3076110054,77.4
4014600001,86.5
4021117501,49.6
4050407502,71.0
1-01497-0001,70.7
1-01499-0001,77.6
1008890022,77.2
1-01362-7502,29.4
1008920001,65.5
1014390030,90.1
1015117502,79.7
4049940078,115.4
1011430049,97.8
4-09712-0161,101.0
1-02149-0112,65.5
1-00771-0046,62.4
1012830069,83.0
4-10814-0008,98.5
4-01138-0030,132.5
4-04981-0050,65.8
1-01441-0031,17.7
1-00902-0030,70.2
1-02243-0030,53.7
1-01490-0028,29.6
1-01490-0122,23.6
1-01250-0030,62.7
1-02170-0134,72.3
1-02180-0173,83.0
1-00900-0027,72.6
3064670012,0.6
2037380033,66.4
2024650025,70.2
2024810028,76.0
2028300001,110.6
2028300013,83.1
2027860030,87.5
2027860002,32.3
2028430024,90.4
2028440033,64.6
2028670060,21.6
2028670070,51.9
2037940034,54.7
2032160048,70.6
2057050036,106.4
2032000001,111.2
2033290064,83.3
2033280064,110.5
1020610060,95.5
2033280097,67.0
1021310044,132.1
2025820034,78.1
2033260100,20.8
2026230180,96.6
2026960075,15.9
1008360026,43.1
4022360043,75.2
4162270037,53.2
3082060005,87.7
3065870051,46.9
3067300063,69.4
3067300072,74.2
3066810399,79.9
1010260026,70.7
3066040001,64.1
1005280001,89.3
2057460584,34.8
1005420025,12.5
1013470044,16.6
2057870137,52.8
3011700005,59.0
1007320007,72.6
3056920040,56.9
3060270031,84.6
2059090152,81.9
4021140001,62.8
3058530001,55.0
4032910001,62.4
4032930064,78.6
4032910016,85.9
1005257501,68.1
2057500357,87.0
3059980001,104.6
3063160006,67.5
1-01369-0016,42.3
1-01331-7502,71.0
1-01382-0069,47.1
1-01400-0001,63.3
1-01514-0069,78.1
1-01501-0033,65.7
1-01446-7502,66.2
1017180037,119.1
1018870003,86.0
1020647502,62.2
1020970027,79.5
1020970034,62.3
1021140052,56.3
1021680001,116.2
1021700560,29.6
1022370023,84.0
1-01493-7501,56.1
1-01499-0020,106.6
1-01496-7501,95.3
1-01233-0033,57.1
1-01877-0001,75.2
1-01509-0056,51.9
1013860049,16.2
4050530021,81.1
1-01599-7502,49.9
4031050001,83.8
2032560053,110.5
2033350005,87.2
2036680001,102.3
3046670001,89.9
2043420010,115.4
2044260017,90.6
2050570027,53.1
3002580017,99.1
3011890017,91.5
3011907501,103.3
3045880001,86.0
3050260264,79.9
3050550065,105.0
3050650040,80.4
3050820079,73.6
3050840080,107.1
3050850027,109.4
3051240026,117.7
3051520001,90.6
3051610014,86.2
3051850016,104.1
3057700036,94.8
3057700045,97.0
3066940072,104.3
3071590146,78.3
3068350026,73.4
4001660006,92.7
4012490033,83.4
4013040071,102.5
4014460033,81.0
4014550001,98.3
1013700015,142.9
4015040062,82.4
4015040068,85.0
4005770023,85.7
4015040080,91.0
4015050001,84.0
4015060047,85.7
4015180060,81.4
4015180050,80.3
4021117501,75.1
4031040023,100.0
1001531001;1001530001,132.3
1010390032,85.7
1008790017,79.0
1014720022,70.1
1015110008,53.2
1018780021,45.5
1018780025,44.8
1021490108,47.8
1021790100,57.2
1021490097,100.7
1021490120,78.6
1021760115,112.5
1021800046,35.8
1022480117,63.0
2024830059,72.2
1-02241-0025,68.6
1021800497,100.0
4157710038,72.4
4033400052,63.7
4155410017,92.2
4032580001,70.0
4088470214,78.3
4098440110,91.5
1012060001,22.9
1018320043,65.4
1001420025,111.8
1020720039,110.7
1020730001,99.8
1020900036,100.4
1021220120,89.0
1021360145,32.2
1021390187,74.9
1021440061,97.1
1021760138,131.3
1021760050,72.5
1022170001,71.2
1022350029,123.0
1021760074,118.8
1022460125,96.1
1004680027,96.3
1008290068,51.9
1004690030,105.3
1007990028,75.3
2028800115,103.1
2028810058,73.8
2036700001,60.4
2036820001,103.8
2042900008,91.5
3010100026,124.7
3011890060,125.6
3050990106,90.3
3067060014,73.7
4014510001,108.4
4002450009,42.6
1014970001,70.7
1007900028,117.4
1013890001,46.0
1014990001,77.6
1012390023,68.4
1007467503,84.8
1013690026,38.4
1005270027,84.5
1007910036,106.6
1013627502,29.4
1013947501,65.0
1010200005,89.3
1008650032,82.9
1014370041,64.4
1012360037,72.9
4097120161,101.0
1021490112,65.5
1007710046,62.4
4108140008,98.5
4005760036,94.5
4011380030,132.5
4049810050,65.8
1014410031,17.7
1010450054,71.4
4050160011,83.0
1009020030,70.2
1022370001,99.7
1012090001,87.3
1022430030,53.7
1014900028,29.6
1014900122,23.6
1012500030,62.7
1021700134,72.3
1021800173,83.0
1018760061,70.1
1009000027,72.6
1-01024-0001,69.6
4051867501,95.0
1-01418-0006;1-01418-0032,256.2
1013170021,51.8
4-09950-0001,150.1
1012520005,52.1
1000800004,112.4
"1-00825-0024, 1-00825-0056",33.8
1008120019,44.8
3012210001,96.7
3046500052,97.1
3066000045,81.0
3-08821-0010,85.7
2032250027,86.7
2030220001,106.3
1019900029,16.9
1019900050,11.3
1019900044,10.1
1018850043,28.0
1018860001,382.4
1019730001,438.0
1018857501,32.2
1018670042,65.2
1018860001,25.4
1018860001,0.0
1019730001,3876.2
1019730001,0.0
1020530033,122.7
2028080032,101.9
1021360150,90.5
1021360160,75.4
1021360205,39.8
1021360120,70.7
2024760044,67.9
2024630021,426.3
2025060016,108.8
2028210061,85.3
2038030001,51.0
2-03741-0005,91.0
3-01412-0001,94.8
3-01189-0007,60.3
2-03852-0001,42.1
1011160029,83.7
2057807501,82.4
2057830300,105.6
2057950518,60.3
2057590364,68.6
2058911601,67.7
2058640526,85.5
2032810001,15.2
1014170001,49.6
3-05874-0063,85.6
3-06124-0012,81.7
3-06124-0005,67.7
1-00029-7501,54.5
1-00887-0014,69.5
1-01871-0042,81.9
1018850036,36.5
3007170001,19.4
1000160260,90.3
1-02077-0001,49.1
4006730042,100.2
1-00860-0022,85.0
1012700038,141.4
1-00814-0052,63.4
1-00993-0055,77.2
1-01991-0001,56.8
1013447502,55.9
1014997501,62.1
1-00869-0020,26.0
3-08688-0035,64.1
1015900007,66.5
1014040052,63.8
1014910016,53.9
1013130001,39.7
1005127501,53.5
1013110065,46.3
1013987502,68.1
1014060046,57.3
1013847501,78.8
1013690012,18.4
1011177502,101.1
1014040014,67.8
1015120070,77.1
1010087501,107.3
1013500011,58.2
1013980060,63.4
1014020033,75.1
1014980010,59.6
1015040069,50.4
1015900044,60.7
1014020021,65.0
1014107504,72.4
1013810035,68.2
1015100072,92.3
1015130005,57.6
1016040001,57.4
1013950017,88.4
1006977501,68.1
1013790021,58.3
1008427502,113.7
1004817502,94.5
1013740037,56.5
1013777501,68.2
1013780033,46.7
1013870037,69.6
1013770040,62.9
1013780001,60.7
1013820036,75.6
1013920001,65.9
1014020006,71.2
1014070016,46.8
1011147503,92.9
1014960034,56.1
1014070051,69.8
1014990069,70.6
1013800035,64.9
1013957503,79.9
1013870031,53.9
1013930038,61.5
1015697502,116.1
1014060065,43.5
1014460038,59.9
1015090016,61.8
1013810069,75.7
1014070001,56.7
1014130001,45.9
1013870014,66.9
1013890036,55.3
1013910054,77.8
1013930043,77.4
1014000069,57.4
1014060069,64.3
1015180001,45.6
1014910030,70.1
1013700021,51.5
1013760037,77.7
1013920070,63.1
1014980001,54.0
1015020040,58.2
1015070033,60.6
1015890002,53.7
1016030069,57.7
1016080001,64.2
1013850032,51.9
1014060050,46.2
1013680024,50.5
1013840001,49.7
1011970036,55.4
1013860046,72.3
1014107503,71.2
1014667501,75.4
1005307505,58.9
1008697501,84.2
1008770013,57.4
1013860069,57.2
1013910072,25.3
1014040022,15.2
1014910012,67.2
1015010001,92.7
1015080020,59.4
1015210069,62.5
1013277502,70.0
1014930001,60.7
1014950001,63.8
1013870069,58.0
1013880068,80.3
1013870027,55.0
1013897501,87.0
1015050069,35.4
1011840010,64.4
1015267501,79.1
1013850037,64.5
1013790001,60.2
1014430001,75.8
1014070008,46.6
1014080066,76.9
1013800069,85.9
1013860033,79.3
1014130057,84.3
1014917502,78.3
1015090001,26.8
1015140001,55.6
1015030038,59.9
1015330122,68.2
1014120071,58.6
1014020001,77.8
1014950049,77.0
1013610021,67.7
1015010040,61.7
1015230001,53.3
1-01347-0030,58.8
1-00497-0018,50.2
1005660018,75.6
4-03322-0112,72.1
3002440001,45.2
4-05014-0001,74.6
4-09649-0053,98.4
4-01560-0029,75.6
1-01490-0001,51.1
1-00765-0001,91.8
1-00632-0017,43.4
1-01333-0001,57.6
1-01409-0001,60.2
1-00574-0039,80.9
1-01590-0030,55.9
1-00031-7501,70.4
2-05953-0550,86.8
1015810023,63.8
1-00525-7506,60.4
1-00877-0022,68.9
4-03257-7501,107.8
1-01520-0004,52.0
1-00800-7504,56.6
1-00493-0041,55.0
1-00472-7501,41.3
4-06690-0001,65.9
4-06671-0001,104.0
4-06670-0001,108.9
1-00535-7501,76.6
1006450029,62.2
4030790076,61.3
4050140001,74.6
1022480032,113.9
4096490053,98.4
4015600029,75.6
1014900001,51.1
1013317503,78.5
4015040074,92.9
1013720062,58.9
1013900035,72.4
1001887503,69.7
1018800001,58.3
1011290039,51.9
1013630026,57.0
1018790001,56.9
1010300048,59.8
1013980010,43.6
1013100059,82.0
1018400029,48.9
1015100001,71.2
1014090069,23.4
1006320017,43.4
4039070975,73.9
1013770003,76.6
1014270001,137.2
1014990032,61.2
1014980033,67.4
1013300038,79.2
1013900003,53.7
1012700008,39.1
1016020069,66.4
1014090001,60.2
1011230029,57.3
1015220050,73.2
1013620038,46.4
1014510023,57.2
1018820028,77.8
1009350006,76.7
1015000015,63.1
1015180069,50.4
1015080072,50.1
1013857502,23.1
1012000031,50.4
1015220001,51.8
1005740039,80.9
1014050033,59.3
1014090009,71.1
1014910001,85.9
1013880033,72.8
1015900030,55.9
1012400001,89.6
1013400001,95.8
1013440041,47.7
1012060045,212.6
1015030014,55.2
1005257506,57.3
1011660035;1011660135,73.5
1008770022,68.9
4032577501,107.8
1015200004,52.0
1010107505,74.3
1008007504,56.6
1001007501,77.1
1007937505,62.2
1000167507,48.0
1007167501,47.7
1001737501,47.1
1013700038,90.8
1000167502,59.5
1000167503,35.0
1000167504,75.9
3004760019,74.7
2031150021;2031159021,76.1
2031140052;2031149052,94.5
1015370022,63.1
4021670001,115.9
3002077501,40.0
3002077502,17.5
3001697501,60.3
1-00805-0022,55.3
4005710001,64.1
4005780013,68.8
4005810033,65.4
3042719001,21.9
1008890015,89.7
1004930041,55.0
2031150005,87.5
3042710005,466.4
1004727501,41.3
1015000040,55.7
4066900001,65.9
4066710001,104.0
4066700001,108.9
1013447501,103.3
1005357501,65.4
1013310017,107.0
1008357501,66.0
1000290070,87.6
1007800036,62.2
1000640012,40.9
1-01465-0001,57.6
1-00545-0059,74.8
1-00789-0009,58.7
3-06532-0076,67.8
3-06682-0013,77.7
3-06498-0068,71.6
3-05233-0025,73.1
3-05044-0056,65.5
3-07381-0079,66.6
3-06509-0013,64.1
3-05327-0041,64.4
3-06558-0001,74.5
3-06651-0006,63.6
3-06578-0041,80.8
3-07457-0046,91.3
3-06781-0027,71.5
3-05123-0001,83.9
3-07575-0006,67.8
3-07593-0041,71.9
3073800013,80.8
3061140001,95.8
3051570021,86.6
3061180042,65.7
1-00812-0013,48.3
2052860015,27.7
4028050010,24.7
3-01314-0021,35.0
3-05810-0021,31.0
4038100161,36.8
3044280001,11.8
3077310033,28.8
4038570300,27.0
3064910190,9.4
3053580077,67.6
1-01272-0063,92.7
1-01369-0019,36.7
1-01467-0001,62.1
1-00903-7502,56.2
1-01225-0001,54.3
4-06698-0040,89.0
1-01263-7501,64.2
1-00892-0062,23.4
4-05137-0067,94.5
3-06129-0012,73.1
3-05495-1018,41.1
1-01484-7501,68.1
4-02118-7501,92.8
1-01274-7504,95.2
1-00015-7502,64.0
1-00856-7502,49.6
1-01115-7502,84.7
2-05953-0550,86.6
1-01158-7501,47.0
1-01179-7502,58.2
3-05825-0001,103.1
4-04772-0001,76.2
3-02068-0001,83.6
3-07449-0030,2.6
4-05192-0055,95.5
4-05193-0009,89.0
1007890052,39.6
1008120006,56.1
1008210032,52.6
1007880049,57.3
3071550004,81.7
3067960075,88.9
3061300001,80.4
3-02929-0042,29.0
1014680005,101.2
1-00016-0020,20.6
1018700056,65.8
3001470004,53.0
3002390001,59.8
3-02047-0040,70.6
1010240015,39.0
3020957502,153.5
2059080210,67.6
1013330001,57.6
3004767501,85.8
1-01464-0028,311.7
1-01483-7502,577.3
1-01464-0021,79.4
1-01464-0030,90.1
1010130012; 1010139012,133.0
3020020001,100.3
3002700001,21.0
4018437501,25.8
1009960001,99.3
1013490049,68.7
1004450014,39.4
1015180033,65.9
1015310035,52.9
1013130014,50.2
1015600001,128.3
1008150046,89.4
1008010034,79.1
1-01009-7501,57.1
2-03922-0032,96.1
1012770006,72.8
1-00823-0017,35.9
1-00718-7501,71.9
1-00719-0020,89.0
1-00772-0056,50.6
1-00822-0045,68.1
1-01033-0001,110.5
1-01051-7501,110.1
1-01068-0003,91.3
1-01151-7501,95.6
1-01131-7502,84.5
1-01142-0064,84.4
1-01164-0005,73.9
1-01171-0063,88.6
1-01336-0040,63.5
1-01337-0006,56.2
1-01497-0009,83.2
1011587506,56.2
1007947501,37.5
1013840037,38.8
1010407501,70.1
1013410001,62.1
4-00577-7501,72.7
4-01547-0001,75.6
4033340250,76.5
4-03154-0001,68.0
4-00872-0068,56.2
4018557501,78.6
4-03166-0107,93.7
4-05137-7502,84.8
4051230051,31.7
4015510026,70.2
4006070018,81.9
2043400001,15.4
2043450005,13.3
2-04999-0068,15.7
4-05004-7501,78.6
1-00474-0030,55.3
1-00747-0001,302.2
1-00751-0001,21.1
1-00747-0001,362.0
1-00748-0001,386.9
1-00148-7501,57.8
3001567501,73.1
4-11429-0034,164.7
1-00522-0012,40.1
1008360043,14.6
1008690066,75.9
1008140046,40.2
3002650040,43.6
1012600042,60.1
1012920048,23.7
4003760001,20.8
1008680072,51.2
3002550001,43.5
3002650043,46.7
1013040033,108.3
4-04078-0001,24.1
1-00785-0015,58.0
1-01307-7501,90.7
1-00023-0019,196.5
1-00688-7501,94.4
1-01290-0037,35.2
1-00895-0045,79.2
1-01263-0041,99.4
1-01276-0033,95.9
1-01010-0021,66.9
1-00797-0054,47.6
1000420031,40.9
1-01009-0029,65.1
4-05294-7501,66.7
4-00160-7501,16.8
4-03156-0114,80.3
4-04999-0033,58.8
1-00916-0001,102.2
1-01844-0020,54.1
4-15926-0001,55.8
1-00910-7501,84.7
1015437501,65.7
1-00492-7501,71.7
3-04981-0001,113.0
3-04981-0050,106.8
1-00564-0054,66.3
1-00069-0018,76.3
1-00069-0006,41.5
2054090100,113.3
1005760025,71.6
1000167516,69.6
1005730043,90.2
1-00903-7501,42.1
1-01151-7503,77.0
1-01237-0017,69.1
1014920015,51.4
1-00643-0001,52.6
3072737501,28.7
1022390031,77.5
1021710001,71.9
1021610033,86.3
1021370157,71.2
1011430015,59.3
1010060063,93.5
2028380012,103.1
1022460135,93.7
1021800486,396.5
1012440008,57.0
1021420100,133.1
1021770150,85.5
1021790090,78.8
1021750080,102.9
2058640516,55.3
1021770105,43.3
1021790093,94.4
2032490001,62.3
1-00579-0030,25.0
1008887503,65.2
1015367501,46.3
1000160015,51.4
1009107501,84.7
2032510490,126.7
1-01169-7502,58.9
1004927501,71.7
1011950018,59.1
1015210001,52.3
1018687502,80.6
1005587502,69.2
1005660001,57.1
1013280021,73.2
1005640054,66.3
4011110001,21.3
1006957506,97.9
1014560026,104.9
4000627501,54.4
1015060069,55.3
4096660001,102.2
1013710014,49.5
1014960001,65.1
4022397501,56.2
1014940001,51.8
1013990013,65.9
1012170014,46.6
1012450003,56.5
1012940033,67.7
1015000020,42.4
1008820028,32.5
1012500067,81.5
1012107502,95.6
1018930035,59.3
1009060001,93.4
1013867501,73.1
1014120001,69.8
1013360015,51.8
1009037501,42.1
1010110045,59.9
1011517503,77.0
1011700012,56.3
1012370017,69.1
4050200001,97.7
1014060017,60.9
1009157501,55.2
4-11459-0001,84.5
1-00016-7512,171.7
1-00556-0065,85.1
1005330001,81.0
1005410001;1005418001,0.0
1005410033,105.0
1005460010,44.6
1005560048,50.0
1005460015,82.1
1005470020,43.5
1005480009,71.9
1005440050,61.2
1005460026,13.2
1005520060,64.5
1005520026,27.4
1005470030,4.1
1005450015,117.9
1004650001,106.8
1005350008,0.0
1005620030,47.2
1008430022,51.8
3011800001,91.9
3011810018,88.6
3011850021,79.5
3013080052,94.2
3048530093,66.9
3048650001,100.3
4014320034,50.1
2-05952-0374,124.8
3011640064,51.2
1013100012,65.8
1012050029,78.2
4050227502,51.6
1018390029,72.0
2032190232,97.8
2032340006,106.3
1013680036,57.0
3000367501,63.4
1015630032,61.9
1015760023,47.5
1014970073,47.2
1008440003,52.7
1008210055,59.7
1008220015,42.4
1008000065,46.6
1008030067,66.4
1008010055,44.6
1-01405-0040,54.4
1-00028-7501,115.5
1-00616-7501,63.5
1-00576-7502,52.9
1-00898-0001,69.6
1-01330-0004,66.8
1-01566-0001,122.1
1-00892-0025,139.5
2036230001,80.9
4021010001,95.8
4021010016,74.9
2036230020,224.9
1021360195,80.9
3-01905-0120,78.5
3-01921-0064,105.1
1-00609-7503,70.1
3-01921-0001,106.1
3-01920-0001,87.9
3-01920-0001,103.8
3-01920-0001,147.1
3-01920-0001,103.4
3-00192-0009,105.1
3-01920-0001,92.3
3-01920-0001,107.1
3-01920-0002,246.0
1007790063,46.0
1-00487-0010,56.3
1-01291-7501,56.7
3-02557-0024,56.3
1011130051,74.8
1008800084,55.3
1013407502,65.1
1008580022,38.3
1008300062,47.1
1008610049,64.8
3-04967-0040,109.3
3-04964-0047,17.9
3-04995-0030,122.6
3-04964-0040,96.1
3-05000-0200,94.0
3050650075,65.2
3059280006,79.7
4015540051,85.2
3002650006,64.7
4013120043,87.2
1014537501,66.2
1009210019,63.3
1015447501,73.3
1015697503,65.3
1012907501,84.4
1006400021,81.1
1014387502,58.2
1-01012-7501,103.2
2-04117-0001,558.5
2-04205-0003,636.0
2-04222-0084,63.8
2-04205-0002,50.8
2057240685,57.3
1015107501,29.0
1005560044,51.3
3044147501,2.4
3044237501,18.5
3044147501,85.1
1-00844-0001,29.1
2-04161-0001,61.8
2-05826-1685,77.7
2-05797-0213,64.9
2-05902-0193,72.3
2-05789-0015,85.2
2-05803-0985,62.9
2-05747-0590,61.4
2-05906-0331,20.1
1-02243-0366,54.0
2-05908-0203,52.8
1-02240-0029,17.9
2-04251-0011,74.6
2-05738-0366,75.6
2-05758-0442,65.8
1-01882-0051,67.2
2-03311-0138,80.8
1-01882-0054,57.3
2-05799-0032,72.7
1011990055,60.3
1014220021,61.6
1008660035,69.5
1013090050,65.8
1011990045,58.5
1012000015,49.3
1012160051,58.4
1011980029,52.3
1012030033,67.3
1011950014,55.1
1012170025,66.7
1014230010,82.3
1014250005,51.9
1015820031,72.8
1013900067,62.3
1015170001,60.3
1000290036,68.0
1013170001,60.0
1015300034,70.0
1012920052,53.6
1013180033,70.2
1008410008,67.7
2057040050,62.2
1015300019,54.6
1014370022,48.2
1014530021,53.1
1015320016,56.3
1010450012,58.2
1008430003,55.3
1-01277-0008,65.4
1009110064,85.4
1012600056,73.0
1013890056,42.5
3067000038,58.6
1008830058,77.8
5000010216,42.9
3011690001,63.9
1001357504,66.7
1-01222-0029;1-01222-9029,50.6
1-01512-0123,91.5
1015997501,56.3
1008670057,65.6
1014100014,90.8
1013207502,37.2
1014130040,72.5
2-02483-0023,49.7
2-02483-0015,63.2
2-02474-0028,58.9
1-02109-0046,119.8
2-02479-0042,80.7
3-06138-0001,15.1
3-06818-0017,54.2
4-05294-0013,62.9
3-05904-0001,65.7
4-01263-0044,61.9
4-01268-0051,63.4
3-06712-0066,59.2
3-08717-0002,61.9
4-01264-0047,77.3
3-05113-0001,47.1
4-01461-0035,56.0
4-00190-0020,52.5
4021530025,47.6
4-09845-0086,56.3
3-08771-0129,76.5
2-05798-0077,36.4
3-06614-0064,79.5
3-06795-0047,58.4
4-06712-0001,68.2
4-01131-0001,66.5
1-01534-7501,101.6
3-05329-0001,47.1
3-07638-0036,55.8
2-02496-0040,44.6
4-03173-0055,64.8
3-05328-0015,51.6
4-05294-0006,61.7
4-02248-0125,66.6
1-02141-0029,71.9
4-03321-0018,63.2
4-09845-0012,60.6
1-02179-0095,69.0
3-06541-0027,73.5
2-03290-0014,69.8
2-03807-0048,85.8
3-05495-1014,89.3
2039250018,48.3
1-01561-0001,48.2
1-02179-0005,69.6
1009950033,188.4
1011050029,80.4
3002500007,73.3
1-02180-0150,73.1
1005750077,50.1
1-00523-0044,64.8
1-00522-0010,53.7
1-00789-0075,42.0
1-02180-0069,72.5
1-01345-7501,71.5
3060690013,85.4
1-00895-0001,48.1
1-01070-0029,84.1
1-01557-0025,90.9
1-01299-0027,51.7
2039360001,91.6
2024790015,67.9
2032870056,122.0
2032850065,71.3
2033560180,77.8
2046530015,87.6
2048310064,80.0
2033040098,99.8
2033240063,85.0
2044340001,15.5
1-01248-0014,137.7
4-02248-0099,127.0
4-03321-0113,80.8
1-01993-0096,65.1
1-01235-0061,46.5
1-01438-0006,64.5
1-00427-0002,17.8
3-05059-0022,63.3
3-05026-0028,86.3
3-05657-0048,71.0
1-01621-0014,69.1
3-05058-0016,71.6
1-00345-0048,35.5
2-04293-0023,54.2
3-05125-0006,69.9
3-05207-0004,69.8
2-03309-0010,71.6
3-05026-0350,79.8
3-08690-0083,80.8
2-03354-0047,60.6
3-05062-0014,66.9
3-05062-0001,72.0
3-08689-0097,57.2
3-05099-0123,84.6
3-01422-0064,38.3
4-03257-0009,67.4
4-03342-7501,81.6
4-02246-0011,66.8
4-02248-0074,67.3
3-07556-0053,96.0
3-06747-0052,65.8
4-00188-0021,84.8
4-03087-0025,69.2
4-02212-0001,71.8
4-03078-0103,90.1
4-03159-7501,69.5
3-06508-0006,75.2
4-01451-0032,97.4
1008040044,42.0
1008590072,35.3
1008820076,53.9
1008620045,59.8
1008710060,37.9
1008040001,68.4
1-01272-7501,65.0
1012330016,91.4
1009030047,44.8
1008630029,21.1
1007620011,0.0
1012760004,59.8
1008590052,57.3
1007610022,62.1
1013160030,72.1
2031670001,96.0
1011210029,95.3
4022230038,112.4
4022230020,76.8
4098350003,96.2
4098340056,64.3
4099540066,72.8
4015040001,101.1
4014900018,94.7
4014910021,82.3
4099370042,83.7
4098330035,64.6
1011260038,67.6
3012280017,117.7
1008340080,82.9
1-01519-7501,92.0
3072370002,67.1
3072370002,62.5
3072380002,50.1
3072380002,53.8
3072380002,62.3
3072340150,55.6
3072140039,42.3
3072160038,40.4
4087430102,78.1
4087620001,128.0
1012727501,65.0
1011850042,61.5
3021660001,93.5
1010267502,129.8
1014257501,96.7
1011190050,54.1
1013830001,41.0
2059010001,67.7
4081780008,63.1
1-00148-0010,65.5
1-01726-0069,27.1
1-02009-0029,108.2
4-09858-0039,226.1
3-04434-0075,67.1
1-01026-0032,17.0
1-00149-0033,62.2
1-00152-0025,90.9
1021390017;1021390030,248.9
1021240025; 1021240033; 1021240035; 1021240039,353.0
1021390210,31.9
2-02606-0230,28.7
2032340011,77.7
4063010016,76.7
3-00250-0044,64.5
1-00758-7501,77.8
2052630059,141.2
1-01278-0065,94.2
1012680001,70.0
1015557501,84.5
1013820001,60.4
4001830146,61.1
1010110001,101.1
1-01054-0041,58.8
1-00796-7502,59.2
1-01891-0001,47.4
1-00753-0051,50.4
1-01185-0019,47.0
1-01138-0053,34.1
1-01513-0020,184.2
1-01210-0015,59.8
1-00222-7501,36.9
1-00830-0046,71.9
1-01529-0001,61.5
1-00548-0045,57.7
1-00190-7504,35.4
1-00850-7503,97.9
1-01045-0029,91.1
1-01550-0001,64.8
1-01832-0036;1-01205-0034,70.1
1-00560-7502,69.2
1-00884-0001,77.3
1-01895-0076,58.3
1-01896-0001,19.2
1-01990-0040,59.6
1-00561-0037,96.3
1-01888-0025,54.8
1013290001,78.0
1009990029,82.9
1012940046,62.8
1012700071,74.3
1013180001,60.6
1013010033,41.9
1012750027,50.4
1012750001,48.4
1010867502,96.6
1012807501,53.0
1010240038,87.6
1008730067,61.2
1013010023,58.4
1010160036,81.6
1012960001,75.5
1013157501,64.5
3-05826-0001,96.3
1-01207-0001,78.2
3-07449-0025,116.1
4-04285-0010,127.0
4-06527-0052,87.5
1-00427-7504,87.9
1-00064-0008,66.7
1-00561-7502,49.5
1-00569-0001,83.7
1-02248-0001,64.7
1-01562-7501,78.7
1-01889-7501,59.2
1-00905-0026,73.9
1-01472-0014,83.2
2-05836-3250,81.3
1-01142-0048,39.7
1-01351-0001,71.4
1-00143-0004,47.9
1-01138-7501,44.5
3000560003,48.8
4-01759-0023,94.8
4032760024,76.2
3-07398-0002,74.4
4014970023,70.4
4-09209-0055,86.8
4021440020,99.7
3073970001,123.3
4021000029,81.7
4021000015,73.5
4021000021,87.6
4021010024,83.2
3-05471-0008,50.8
1021790070,64.6
1021790066,76.6
2024560065,95.8
4050030028,72.2
3067650028,85.6
4014550041,78.5
2033560120,71.6
1021320032,91.9
4096790200,69.4
3-01919-0001,103.4
4-05066-0644,59.2
2048230024,210.1
2040830013,22.6
2033430300,125.9
2033430245,61.6
2057690105,64.5
2033270001,1029.6
2049930001,14.3
2029910034,437.3
2033430283,521.2
2033270001,293.2
2033430283,16.2
2033430283,1281.2
2033270001,744.1
2033270001,347.7
2033270001,165.7
2033370035,5.6
1016030063,63.8
3-05358-0041,132.1
1-01045-0051,57.1
1-01444-0023,79.0
1-00850-7506,65.0
1-01240-0061,43.3
1-01559-0010,71.8
5-02986-0012,60.5
1-01075-7502,55.6
1-01483-0028,68.0
3-02350-7501,54.9
1-00747-0028,54.4
1-01386-0001,44.7
1-01375-7501,33.2
1-01889-0036,51.7
1-00837-0040,68.1
1-01569-7501,45.9
1-01381-7503,68.1
1-01498-7501,49.9
1-00894-0001,49.7
1-01195-0010,61.7
1-01874-0061,65.7
1-01589-0023,51.8
1-01114-7502,27.6
1-00577-7502,58.6
3-05052-0027,48.2
4-00034-7501,22.4
2-05723-7501,52.8
2-05743-0203,48.6
2-05745-0012,71.0
2-05920-0653,81.9
2-05770-0069,59.2
1001737502,100.0
1022217501,62.0
4088920050,105.1
2057870148,75.2
1-00807-7501,70.4
2-04042-0350,156.7
2-02839-0068,90.0
1-00636-0022,67.5
4-02611-0362,1.7
4-09306-0001,48.8
3-02114-0001,79.8
1000057501,81.2
3046020005; 3046020001,246.0
1008560058,49.9
1008570076,43.8
1-00501-0020,41.1
2-02504-0075,98.4
2-05814-1195,77.7
2-03156-0039,118.8
2-03295-0070,82.1
2-03296-0050,84.9
2-03152-0060,74.2
1-00789-0021,45.8
1-00867-0062,33.3
4108120091,89.0
1-01311-0052,62.1
4-03334-0186,73.1
4-00583-0011,25.7
2-03319-0029,123.1
2-03318-0110,82.4
1-00869-0064,37.7
1-00785-0075,25.2
3011690024,62.6
1015250009,44.8
1012740057,53.9
1012197501,67.1
1017460021,73.6
1014290005,67.5
1014110023,59.3
1005897501,75.9
2-03249-0065,69.6
1-02162-0063,99.8
2-03398-0097,17.2
2-03398-0087,17.0
2-03368-0010,19.8
2-03353-0033,61.5
1-02243-0317,18.6
3-04389-0001,43.1
4-09795-0001,69.7
3-06681-0440,55.0
4-05021-0025,84.6
4-03322-0014,69.1
4-05053-0011,72.5
1-02170-0083,89.7
4-03084-0039,58.4
4-00156-0005,14.5
3-06122-0038,88.4
4-00186-0001,11.4
3-07566-0011,59.5
1013147502,70.9
2026060204,23.8
2-03179-0052,18.0
2-03209-0009,115.0
2-02987-0025,52.1
2-03070-0030,92.3
2-03098-0001,98.5
2-03293-0135,106.8
2-03031-0021,69.1
1-02139-0214,54.6
1-00011-0014,63.5
1-00816-0059,44.9
1-02180-0169,45.6
1-02180-0039,50.8
5010520001,193.1
1-00065-0010,116.9
3086880084,65.2
4051900014,72.7
101366-0001,50.6
1012317501,70.1
1014970034,15.5
1014910037,62.8
1021750196,46.0
1021370119,66.2
1019880074,142.2
2026410036,87.9
1021420244,108.0
2-03319-0107,66.2
1006377504,215.6
1-00815-0001,64.8
1-00016-0140,79.3
1-00879-0081,53.8
4-02112-0014,66.0
3028220001,65.8
1-01446-0008,62.3
1017300045,78.0
1017300036,78.5
1017300064,72.7
1017300075,81.0
1-00735-0006,73.9
1-00775-0044,105.4
1-00775-0046,25.9
4-00021-0070,71.9
4031630015,84.2
3054230014,91.9
2023380003,90.6
3034460001,66.0
2027630227,111.6
1012240029,106.3
2033240123,75.7
3-05322-7501,33.0
1-02123-0048,86.3
1018960009,53.2
1005650011,122.4
3053760068,56.3
3078220045,72.3
5033550032;5-03355-0065,313.3
1-02011-0038,63.6
1-00021-0006,45.2
1-01169-0008,59.3
1-01878-0012,78.0
1-01261-0019,63.8
1-01387-0056,24.6
1-01508-0001,13.6
1-01349-0035,53.1
1021390219,47.2
1021390250;1021390219,582.7
1021390275,61.3
1021380095,93.0
1-01989-0001,94.6
1-01989-0050,62.4
1-01963-0030,70.3
1-01845-7502,72.7
1-01896-0072,86.1
1-01896-0080,84.7
1-01896-0083,62.5
4015570023,82.4
1-01089-7502,31.5
3052850001,57.1
1-01969-0048,60.1
1-02138-0134,85.4
1-02118-0007,55.2
1-02139-0335,81.0
4-00410-0001,87.6
1-02139-0204,134.0
1-02117-0061,97.0
1-02002-0069,91.5
1-02229-0005,51.0
1-02169-0053,155.2
1-02224-0025,71.9
1-02142-0095,89.3
1-02142-0038,52.6
1-00729-0163,37.8
3086610001,115.0
3055360042,97.7
3073220027,91.2
1014470013,73.3
1011280029,51.0
1021800614;1021800628,52.1
1011417501,57.7
1-01247-0001,50.5
1-01413-0050,64.2
4-11434-0025,78.6
3050550082,53.8
3054910001,73.0
3014260040,71.1
4096800018,84.0
3012500053:3012500060,58.8
3046520069,63.9
3012960039,73.0
4108210060,71.7
3014190062,60.2
3014250006,71.5
3012500053,107.8
3012640023,81.7
3013920023,41.9
3013040129,62.0
3013150027,63.9
3031400001,25.9
1-01460-0022,48.8
1-01459-0001,17.2
3-01179-0096,59.6
4-09711-0032,85.2
4-03321-0063,71.7
4-03321-0069,76.9
4-01450-0032,71.5
4-01450-0039,65.2
4005767501,99.5
4-00141-0015,62.1
4-09665-0001,61.9
3-07475-0001,65.4
5029220265,73.8
5029220150,95.4
5029220001,98.9
4-09712-0102,98.8
4-09711-0056,82.0
1-02243-0090,83.2
4-10219-0001,77.0
2025880001,122.3
4097640091,147.6
3-03679-0022,55.7
3-03679-0030,178.9
3-03679-0001,103.3
3008530001,22.8
1010137501,44.6
1018850061,23.1
1019610001,0.0
1018960057,8.4
1019730001,12.0
1019610057,1.2
1019610039,59.3
1018730052,89.0
1-01293-0016,92.9
1-01220-7504,67.5
2037420026,73.6
1-00928-7502,50.0
1-01946-7501,86.2
1-01945-7504,82.2
1-00890-7501,111.3
1-01012-0015,62.1
1-01456-7501,84.7
2-03255-0065,89.5
2-03258-0013,91.6
2032820007,56.3
2041620032,42.5
2024580072,76.5
1022220025,164.5
1020020050,132.4
1020960034,90.3
1021340095,47.3
1021150005,30.3
1021370110,105.4
1021370168,73.4
1021420109,54.9
1021420237,97.2
1021440053,117.2
1021630032,80.6
1022220001,79.3
1022220007,22.2
1022220017,102.0
2057850284,73.9
4005670007,80.5
2024610022,71.5
2024550006,61.7
4-04385-0030,27.3
1-01952-0051,78.4
1-01717-0033,55.4
1-02087-0078,77.8
2-02638-0001,28.0
2-04599-0017,104.0
3020587501,79.4
4-04350-0050,94.2
1-00870-0024,109.7
2-02543-0060,105.8
4-00850-0001,93.7
1-00674-0001,141.5
3-00968-0001,96.9
3-00162-0001,81.8
1-00990-0001,177.3
2-03653-0001,88.9
1-02180-0500,71.0
2-04319-0040,89.4
2045340045,64.5
1012880003,85.7
1012880001,120.9
1012967501,84.3
1016040006; 1016070005;1016070003;1016080005;1016040013;1016040023; 1016077503,259.5
1016040013,12.5
1016040023,168.6
1016080005,58.6
1015560040,88.6
4005440019,132.7
1020950033,60.9
1021220001,133.4
1021220153,171.3
4050240001,116.8
4014630001,104.6
4005797502,80.0
4098300001,124.0
4006190006,62.6
1020800005,63.1
3038860001,61.5
3038860005,75.6
4108910021,45.4
3019250001,92.5
3019240036,100.4
3011490018,63.1
4006010001,57.6
4011240001,145.7
4022700041,57.4
1-00834-0039,47.3
1-00844-0026,77.7
1-00812-0016,27.6
1-00840-0028,94.4
1-01279-0045,67.3
1-00015-7501,36.1
1-0141-90010,57.4
3-00416-0017,68.6
1-01299-0023,87.4
4-03292-0028,55.7
3-07559-0023,74.5
3-06299-0032,81.5
3-05399-0021,76.6
4-03079-0100,71.0
4-09712-0169,14.4
4-03329-0004,79.3
4-03341-0024,66.8
3-06379-0050,56.3
3-01189-0068,88.1
4-02473-0031,56.2
4-00184-0023,52.7
2-03319-0083,58.6
4-01557-0033,62.1
4-09814-0026,90.0
2-02822-0012,45.3
2-02456-0163,23.5
2-02881-0084,77.3
2-02881-0075,62.6
2-03218-0011,25.8
2-03328-0075,62.1
3-00264-0015,88.1
3-00236-0088,54.0
3-00302-0009,41.6
3-00180-7502,84.9
4-11431-7501,13.0
3-00254-0019,53.6
3-06299-0043,71.4
3-00242-0027,51.5
3-06737-0023,93.1
4-01448-0032,64.6
4-01275-0001,57.4
4-01279-0001,52.2
4-09715-0146,83.7
4-02265-0079,80.3
4-03322-0156,72.5
3-07299-0001,69.0
3-06089-0044,83.8
4-09716-0126,74.0
4-03322-0024,73.8
5-03543-7501,59.0
1-01433-0034,96.2
5-00250-7501,99.3
4-01432-0039,85.2
4-03155-0055,78.0
2-04284-0001,80.3
3-05904-0002,66.9
1-02054-0062,14.6
4-01268-7501,86.0
4-09837-0044,64.0
4-00196-0032,60.7
4-01455-0030,79.9
4-01188-0055,15.7
4-03083-0061,57.9
4-05122-0029,134.6
4-05137-0055,82.6
4-05045-7501,67.1
4-01279-0046,76.6
4-04981-0078,17.5
4-03239-7501,104.5
1-01318-0022,97.3
1-00788-7501,32.4
2-04430-0028,74.3
2-03253-0099,49.6
2-03304-0119,53.8
1006990005,51.7
1-02137-0126,76.3
4-16232-0045,79.4
3-08224-0022,94.6
1-02180-0530,93.8
1-02180-0182,12.4
1-01426-0029,62.5
1-01447-0005,67.0
1-01565-0035,65.5
4-00587-0034,91.0
4-00638-0031,58.3
4-02210-0018,71.3
4-02210-0001,58.6
4-02138-0029,68.6
3-06612-0001,82.9
3-06034-0060,84.2
4-00587-0018,16.2
1-00548-0001,107.7
1-00841-0075,249.7
4-02138-0011,79.8
4-02138-0043,81.1
4-01463-0035,22.4
1-01496-0021,63.1
1-01025-0058,96.1
3029740170,53.8
1017460002,45.2
1014010020,43.2
1-00834-0048,62.5
1-00785-0011,43.7
1-00529-0072,62.8
3-01959-0027,74.4
3-01708-0001,22.0
2-03097-0016,66.6
2-02615-0057,78.8
3-01717-7501,30.5
2024430100,102.1
3-06597-0045,72.2
3-06825-0008,79.3
3-06503-0051,87.1
3-08734-0018,58.3
1-01914-7503,74.1
4-00117-0001,92.3
2-02607-0078,90.9
4-02324-0035,95.4
1-01883-0036,82.1
1-01859-7501,116.4
1-01950-0014,71.0
2-03140-0007,9.2
2-03132-0001,81.1
2-03139-0001,125.5
2-02929-0078,113.3
3-06133-0025,87.2
3-05906-0001,83.2
1-00928-0040,99.1
3-08719-0038,90.6
1-01067-0012,29.9
1-00891-0027,65.6
3-05418-0049,77.7
4-04717-0016,101.1
3-01799-0013,88.6
3-07182-0046,82.7
4-01518-0023,96.4
3-03752-0002,131.0
1-00100-0001,280.1
2-03273-0150,66.4
2023400186,84.0
1-01213-7504,62.4
3-00235-0020,72.1
1-01465-0021,71.2
1-01482-0001,67.2
1-01466-0003,47.8
1-01527-7501,62.5
2-02872-0326,65.9
2-04230-0015,58.5
1-00765-0041,58.1
1-00775-7501,37.0
2-03156-0141,70.0
2-03161-0010,77.2
2-03083-0001,134.1
4-15762-0008,82.9
1-02139-0152,12.8
1-00899-0032,75.4
2-03343-0204,53.3
2-03287-0109,69.8
3-07269-7501,33.1
3-07449-0001,76.0
1-02170-0287,70.9
1-01247-0050,56.1
1-00746-7502,55.0
2-03356-0122,89.5
2-05795-0537,64.2
4-05012-0012,11.8
1-02137-0145,78.7
1-02137-0190,119.9
1-01366-0047,70.7
1-01066-0029,60.5
3-00746-0039,34.4
1-02137-0147,71.0
1-02138-0155,65.2
1-02137-0174,69.3
1-02138-0147,65.3
1015560017,82.0
1015580040,72.9
1016240001,58.2
1016030039,56.5
1016240069,49.7
1-01482-0020;1-01482-9020,226.1
1-01424-0001;1-01424-0004,73.6
1-00939-0038,61.8
1-01483-0033,71.3
3-07181-0001,74.2
1-01508-0046,44.5
1-00819-0027,51.2
1-01184-0087,66.9
1-02177-0087,64.4
1-00818-0078,53.0
1-01235-0002,64.4
1-01239-7502,13.5
4-01458-0001,66.6
4-09660-0030,77.4
4-09668-0027,63.7
4-09713-0102,76.2
4-09715-0228,83.4
4-09667-0001,78.5
4-09667-0015,96.2
1-01209-7502,67.1
1-01233-0029,61.2
4-09666-0052,81.7
4-09666-0040,80.8
4-03321-0100,77.1
4-01274-0020,44.4
1-01872-0043,71.5
4-09667-0025,78.9
4-09666-0080,72.6
4-09660-0135,69.2
4-09631-0232,88.9
4-01272-0040,88.7
4-02082-7501,67.9
4-01872-0011,81.0
1-00842-7501,63.5
1-01252-0057,59.1
4-09660-0002,43.8
1-00501-7501,56.5
2041740005,91.3
2043280030,37.4
1008597502,31.6
1018937502,43.7
1013960033,72.8
1014170028,88.0
5066700001,322.8
1013767502,86.5
3-05349-0001,48.5
1-00788-0019,52.0
1-00816-7503,64.8
4-03253-0062,111.1
4-03173-0046,66.8
3-07617-0025,61.0
3-04693-0032,69.8
3-04610-0001,96.5
3-04693-0056,66.9
3-04670-0001,73.3
4023137501,64.7
1013910040,59.6
1013840065,61.2
1013840010,73.8
1012747501,75.4
1013887501,68.0
1014980027,54.7
3002170001,77.1
1013910031,41.6
1016020001,66.2
1013920030,78.2
1016137501,78.6
1013840063,50.8
3-00086-0011,77.8
1001960005,29.0
1004960036,55.0
4-09793-0001,36.6
3-02085-0001,44.6
1-00916-0023,65.4
4-01513-0028,63.7
3065420070,70.4
3066810449,72.5
3065180005,66.4
3053580071,96.1
3-05881-0038,73.0
4-02139-0007,99.3
1-00531-7501,64.6
3-05872-0007,64.9
3-05219-0040,59.4
4-01340-0001,74.2
3-06801-0001,62.8
1-00136-7505,102.8
1-01391-0045,69.5
1-01450-0001,113.7
1-01444-0008,28.0
1-01448-0017,52.7
4097360108,75.6
1016760011,119.4
3-00707-0001,7.6
3-00726-0001,59.6
2024840015,74.9
3054530018,59.2
4031050028,82.6
3-00649-0001,19.8
2033380035,106.7
1-01445-0040,49.4
1-01470-0016,294.2
1-01512-7502,23.5
1-01011-7503,97.1
1-01411-7501,65.6
1-00206-7501,102.8
4-00061-7501,46.3
1-01124-0046,82.6
3-02721-7504,73.0
1-01451-7501,73.6
1-01848-7503,40.2
1-00769-7505,64.2
2-03931-0006,45.8
3-05872-0071,116.0
4044100056,105.4
2059111102,77.4
1000680011,50.7
3088080045,124.4
1007790041,98.4
4001150001,43.1
4001390035,77.6
4001390011,84.2
4001890019,79.8
4001960022,11.8
4001960012,75.9
4001930047,72.2
4001690001,74.1
4001410027,99.8
4001400025,121.6
3051620052,62.8
3052080004,61.0
3050620051,69.5
3051600048,67.0
3032230003,100.3
3051230062,78.6
3050800013,69.4
4031700001,67.5
4099510011,88.2
4012730001,76.0
4021130001,93.8
3087107501,72.3
3060830001,67.4
4035450001,81.8
3066530034,85.3
3050560083,77.9
4093040011,68.2
4015090057,91.0
3002350046,69.1
4051820001,87.3
4019560029,91.8
4019090001,70.0
1022470007,13.9
1022220029,83.1
1022470041,80.1
4089320033,60.2
1022470035,75.2
1021490007,85.8
4088570075,78.3
1-00068-0007,94.5
1006077502,107.2
3-02058-0017,40.0
3-02059-0001,74.2
4-00488-0114,138.0
5-00137-0001,102.7
1-00819-0044,70.4
2-02678-0068,71.4
1-01233-0011,99.2
1-01874-0052,62.2
2033320042,98.0
4001370004,81.8
1013740060,143.5
4-05048-0025,37.7
2025050064,81.9
3025320033,76.5
2028780120,82.2
2028780126,84.6
2028780132,86.9
3012970006,92.9
3013160001,59.4
3014240063,75.6
5-01780-0200,50.4
4161770001,60.7
4161770035,38.6
4161770055,6.7
3001400160,18.8
1017680033,70.2
4-05045-0001,75.2
1015160032,37.1
1-0130-50033,115.3
2-05743-0029,81.4
2-04416-0001,126.5
3-06104-0001,60.4
1-00498-7502,16.7
1-01775-0006,70.9
1-01775-0165,90.5
1-01921-0001,83.3
1-01635-0017,76.3
1-01778-0006,76.0
1-02119-0036,82.5
1-01767-0016,84.9
4-03094-0005,15.3
4-01263-7501,63.9
4-03100-7501,94.0
4-01474-0058,78.0
4-04995-0058,73.3
4-01505-0012,81.0
1-00847-0029,27.9
2-03153-0009,68.9
2-02488-0046,104.8
3-05629-0054,67.9
3-06770-0040,65.4
1-01890-0015,64.3
4-01450-0001,97.7
4-04995-0073,59.4
4-05134-0030,75.0
4-05025-0070,76.7
4-05025-0001,66.3
4-05026-0024,94.1
4-00207-0001,75.7
4-00343-0024,67.3
1-00773-0134,122.5
1-00857-0066,91.3
1-01015-0001,130.9
1-00828-0061,33.4
3-04820-0001,0.3
2-02465-0001,91.6
2-02481-0001,70.0
2-02858-0001,157.6
2-02826-0054,88.3
2-03319-0050,39.5
2-03306-0053,57.8
2-02804-0052,77.3
2-03163-0011,77.5
2-03154-0074,92.5
2-03256-0089,71.0
2-04569-0039,20.2
2-04569-0034,54.9
1010340037,101.4
4040450001,67.7
4040320001,63.9
3-02992-0043,14.2
4040310001,108.1
3026660101,53.3
4026110141;4026110241,17.6
2-05950-0475,68.3
1014940023,22.1
1014940050,93.3
1-00760-0007,57.5
4033480028,46.6
3060520021,86.0
1-01436-0003,12.9
1-00871-0068,64.1
1-00778-0043,57.8
3053090029,74.5
2-02379-0051,72.6
2-02380-0051,80.3
2-03138-0001,84.3
2-02926-0027,28.4
2-02927-0050,19.1
2-02929-0035,81.7
2-02929-0031,84.5
2-02929-0028,61.2
2-02929-0024,103.5
2-03061-0005,68.7
1-01950-0057,84.1
1-00934-0024,100.2
1-00935-0013,48.3
1-00931-0001,104.6
2-03121-0046,70.4
1-01388-0026,64.5
1-02010-0050,53.0
2-03111-0065,95.2
2-03111-0049,84.2
2-02929-0074,94.6
2-03128-0001,69.7
1-02088-0016,78.4
1-02137-0152,101.3
1-02138-0175,66.6
1-00857-0018,73.2
2-05778-0879,58.0
4097610018,3.8
4097570023,68.4
4097560018,4.8
3-06111-0001,66.5
1-01497-0021,51.2
4015590007,78.2
4015170033,100.1
1-0089-30025,63.4
1020950046,62.4
2033280108,60.5
1-01833-7502,48.6
3-06510-0001,64.2
2057450001,93.7
1-01288-0051,63.8
2052230001,182.7
3053000045,28.4
1-00822-0049,79.0
1-00828-0056,80.5
1-00827-0064,63.8
4-00246-0001,87.1
1-00883-0088,73.5
1-00544-0008,32.7
1-00473-0001,67.0
1-01086-7501,146.3
1-00861-0072,42.1
1-01001-7501,61.9
1-00779-0075,102.3
4-01640-0020,76.2
4-01640-0025,63.5
1-00803-0026,60.3
1013670001,81.2
4-04362-0024,31.7
4041450001,68.8
4043310001,47.5
3-07576-7501,30.2
2-05141-0390,30.5
3014240057,67.5
4-00439-0002,42.4
4-02602-0200,48.8
4-00295-0045,110.8
1-00022-0024,42.7
1-00022-0028,64.9
1014970021,51.2
1013847502,77.2
1014470023,96.9
3065100001,64.2
1-00602-0010,75.4
1-00734-0037,56.1
1-01129-0059,66.1
1-01200-0011,68.3
1-01162-0046,69.4
1-01171-0129,75.9
1-00907-0025,68.1
3-00250-0030,77.7
1-01546-0001,98.1
1-00944-0045,71.5
1-01851-7501,43.7
1-01314-0021,80.1
1-01083-0029,65.9
1-01226-0029,47.9
4-04976-0015,92.3
1-01397-0069,69.0
3-06111-0057,95.3
4-03161-0001,83.9
3-06083-0041,144.8
4-02234-0006,70.8
4-03293-7501,63.7
4-02251-0027,60.2
4-06494-0003,102.8
4-04573-0001,81.0
4-05938-0003,72.5
4-05938-0007,82.7
4-05878-0003,40.5
4-05878-0050,76.9
4-05893-7502,21.7
4-06227-0088,68.5
4-05872-0002,51.0
4-00571-7501,22.8
2-04425-0001,77.5
3-01062-0011,63.4
2-05713-0107,87.7
2-03251-0420,95.1
4-01277-0050,64.5
2-05777-0772,111.2
1-00430-0001,0.0
4-00159-7502,72.1
1-00382-0100,82.5
4-05137-0012,99.5
4-00177-0001,86.2
4-05137-0005,95.8
4-05137-0084,103.4
4-05137-0093,86.0
4-05137-0102,92.5
1-02170-0520,65.3
4-00178-0025,81.1
1-00524-0001,55.7
4-01932-0009,72.3
4-02382-0020,47.3
4-02376-0101,17.8
3-03633-0001,66.2
4-01334-0022,65.0
1-00431-0001,451.3
4-02099-0040,63.3
3-04847-0004,92.8
1-00432-0001,15.8
4-06482-0003,100.4
4-06493-0003,99.8
4-06482-0100,98.5
4-02225-0019,70.2
4-06793-0225,73.9
4-03907-0960,71.7
4-11466-0001,79.0
1-02170-0140,85.2
3-00271-7501,51.6
4-01948-0001,65.5
3-04881-0034,83.4
3-07612-0011,54.3
3-07820-0011,73.2
3-07630-0027,67.8
3-07653-0001,66.3
1-01259-0048,40.5
4007640001,43.2
4007650001,25.7
3026660052,29.8
3026660001,36.4
3026660125,54.4
1014130071,66.5
1014100005,59.6
1013720073,56.0
1013840032,65.6
1014047501,51.8
1015190001,54.6
1014990010,71.3
1013900037;1013910034,61.4
1014110040,69.9
1015820046,69.4
1014070020,77.8
1014487501,69.1
1014010054,75.7
1013770001,97.0
1013910001,90.1
1014180001,58.3
4015670040,74.5
4014690050,94.8
4026660006,155.4
5059000036,18.9
3014030025,57.8
3066630063,60.1
3013270001,65.4
3046680069,69.6
3050580024,57.1
3013890072,88.0
3048680034,65.6
3-08720-7501,74.4
3-08720-7502,65.5
3-08720-7503,63.8
3-08720-7504,60.5
3-08720-7507,59.4
3-08720-7505,63.1
3-08720-7506,61.2
3-08720-7512,76.6
3-08720-7509,74.3
3-08720-7514,59.2
1-01586-0005,80.1
1-01071-7501,79.9
1-00602-7501,54.8
1-00879-7501,63.5
1-00563-0037,54.3
1-01162-0029,55.7
1-00796-0007,32.5
1-01535-0003,78.8
1-01586-0043,72.2
1-01586-0013,73.1
1-01586-0035,82.7
1-01505-7502,92.7
1-00572-0017,42.9
1-00140-7502,69.6
1-01011-0042,69.8
3-06099-0013,72.2
1-00796-0001,16.2
4097100037,66.0
1019630016,48.6
1019940072,110.5
1019900010,12.8
1018757501,88.5
1018810003,108.7
1018930003,66.5
1018950039,66.1
1018960087,65.5
1019620038,15.0
1019900067,31.8
1018840015,67.4
1019900013,135.4
1019620061,106.8
1019620044,74.1
1019630001,9.2
1019630060,78.6
1019620031,134.4
1019620070,155.2
1019900061,8.1
1019760036,56.3
1019940081,89.4
1018840011,54.1
1018950023,220.8
1018950016,38.4
1018950055,87.2
1018960065,87.6
1019620019,69.6
1019620056,93.7
1018840061,147.5
1018960074,95.9
1018950032,133.4
3-01919-0001,135.1
1007120029,88.1
2025900051,29.7
2025980001,37.4
4011137501,20.4
2023080015,54.0
2023080001,53.4
3-00992-7501,58.9
3-06739-0030,56.0
3-06754-0052,74.4
3-06501-0013,64.8
2-05803-0801,61.0
2-05803-0600,53.6
2031780055,136.0
2032130018,69.7
2033350050,56.7
2041770007,62.2
2041940025,106.8
2028790053,84.2
2031590007,74.1
2033630001,46.5
2045120001,93.4
2045120060,79.8
3078130003,80.8
3051590047,79.1
1019750029,2.6
2030430001,62.0
1017830012,66.7
2026907501,92.6
2026907502,22.4
1017690021,64.5
2-02748-7501,40.7
2-02749-7501,50.2
3-02007-0014,21.9
1-01165-7503,93.4
1-01864-0036,92.4
1011310031,127.7
1011310016,100.6
1022420019,46.6
2024430053,58.9
5000050051,38.1
3011560001,498.6
4032340150,126.3
4-09815-0056,23.5
3011560025,19.8
4019020039,69.8
4014890018,86.6
4-10001-0001,26.8
1-01461-0021,106.0
1000690053,87.2
1008570062,87.1
1-0130-50020,79.6
1-01047-7502,74.4
3-05185-0042,69.0
1-02007-0036,77.9
3-01633-0060,110.1
1-00798-0041,56.3
3-05369-0006,104.2
2049050001,153.0
2-03352-0045,76.9
2-02455-0018,717.5
2-02473-0001,60.5
2-03324-0082,71.6
2-02623-0151,30.2
4003120309;4003120315,21.1
3024910051,86.0
1-01227-0029,122.6
3-02302-0006;3-02302-0001;3-02302-0034,19.2
3043440016,25.2
2032520052,27.2
4097240096,75.6
2032520143,16.9
2032520340,355.8
2032520276,110.3
1008230065,63.3
1005770042,73.1
4097240196,62.7
1018707501,110.9
1005957501,35.3
4-15631-0017,109.8
2-05141-0280,140.8
1-01312-7502,103.0
2-03327-0119,79.4
1005400014,4.5
1005460011,5.4
1005700042,66.8
1005460001,4.0
1008797502,44.5
1005520024,2.0
1005470014,57.8
1005410018,31.1
1005320008,6.8
1005380040,22.5
1005680001,37.6
1009300020,186.4
1005470001,70.1
1005240009,250.9
1004670001,86.8
1005590012,35.8
1005350001,52.2
1005350036,6290.0
1005470005,0.0
1005480004,10.0
1009300034,191.0
2037370001,104.3
2026540002;2026650001,6.5
1003070001,95.5
1011540101,157.2
1011560020,122.3
1018720029,110.3
4004900101,126.8
3020070001,150.0
2032390004,302.6
4122350022;4123350044,182.7
1003230001,4.7
3083290225,127.8
4159550003;4159600060,89.4
5035320500,86.3
4050370008,130.9
3030800010;3030800020;3030800040;3030800050;3030800070;3030890134;3030960001;3030960030;3031050001;3031050109;3030960014,82.3
3030810001;3030810040;3030810050;3030810060;3030810070;3030810075;3030810080,112.6
2044310001,134.4
2052630040;2052630070,125.6
2037140036;2037150023;2037150025,60.3
1003860033,115.2
3081580001;3081580205;3081740001;3081910001;3081930001,164.4
3016880001,146.2
2038860002,160.2
2038660031;2038680033,2.9
2023590210,65.8
3014600001,90.4
3035440001;3035610001,0.0
2029970030,110.3
3033160001;3033250001;3033340001,63.7
2028940001;2028950001,126.4
1003950009;1003950022,78.4
1003960010,10.6
3070150015;3070560014;3070570012,145.0
4160830037,35.5
1016050024;1016080023;1016100023,106.4
5000710001;5000710011;5000710025,172.1
2035340001;2035370001;2035700001;2035730001,127.3
1007230015,75.1
1007240010,17.9
2024270004;2024270006;2024270009;2024270022;2024290028;2024300030,102.1
2024280004;2024280009;2024280015;2024340074;2024340080,81.9
2024270003;2024270007;2024270010;2024270012;2024280003;2024280012;2024340053;2024340057;2024340088,109.9
2024340018;2024340026;2024340034,83.7
2035910001;2036330001,112.5
1016320001;1016330001;1016360001;1016370001,151.8
2024330001,126.7
3070670001,107.2
3070590026,525.7
3070530013;3070530012;3070530014,99.0
3070460022,290.0
4102120033,98.4
3028670001,142.1
1016880045,114.8
3042920061,124.7
1012410025,83.7
1018360001;1018550001,0.0
1020270001;1020270025;1020280001;1020280016;1020290001,106.1
1022160001,131.6
1018070030,22.0
2023980014;2023990010,167.5
2027480025;2027490025;2027560010;2027570001,85.3
2029880001;2029890001;2029890011;2029880018;2029880019,39.8
2031300100,133.3
2030620006;2030620021,90.5
1016960001,139.1
2045810001,137.3
3000680001;3000710001;3000900001,122.5
1004300010,139.1
2026390001;2026400001,149.2
2032610102,97.3
1007140031;1007150010;1007160017;1007170019,128.6
3034940010;3034960013,147.7
2039630043,88.1
3035070001;3037090001,111.3
3079780001,122.5
1003380001,98.6
3003920001;3004040001,138.8
1019640001;1019800001,118.4
3069640002,136.4
2046290050,180.0
3070700001,59.6
4161140002,55.9
1010830015;1010840009,100.5
2028690116,106.1
2028680144;2028690077;2028690110;2028690122,62.8
1004170001,133.9
2025270032,140.2
2029900011,114.5
1015730020,149.5
3034890001,101.2
3035260021,124.7
2027400013;2027400015;2027400016;2027400018;2027400019;2027400021;2027400022;2027400024;2027400025;2027400027;2027400028;2027400030;2027610003,17.9
3030980001,37.5
3020340001;3020500001,0.8
4098020041,76.5
1015730001,210.3
2024160001,95.1
1016620001;1016620016;1016840001,108.9
1016400001;1016400021,165.6
1015960001,125.5
3013440001;3014380001,24.3
1002560001;1002580001,167.7
1002560014,23.6
3019380001,116.6
4049510008,35.1
4049570024,113.5
1016130023;1016150023,142.8
1016260001;1016260021,100.7
1016050024;1016080023;1016100023;1016260001;1016260021;1016470001;1016490001;1016520001,26.1
1017570001;1017570020,155.2
3037870001,41.4
2027570020;2027570080,230.3
3037270001;3037450001,18.3
1004160001;1004200062;1004210052,73.4
1003750001;1003750045;1003870020;1003870129;1003870144;1003750063;1003870033,108.6
1019840001;1019840033,131.5
1022150116;1022150623;2032650001;2057020001;2022150116;2022150623,118.4
3017190001;3017380001,169.9
5012450001;5012480200,168.2
3071370001;3071400016,124.1
2026380090,27.5
1004290021,118.6
1016730006;1016730001;1016710039;1016740010,137.4
2041710024,157.6
1016220017,89.2
2022630019;2025480001,160.8
2025480042,24.3
2022980040;2023110001,147.6
2036370001;2036630001,180.7
2025570083,143.4
2029010001;2029100001,23.8
1017490010,39.3
2023900024,4.2
2024090059;2024200171;2024209020;2024099059;2024209078;2024209978,7.4
2023030021;2023040001;2023060009,169.7
2029440001,104.9
5028320068,91.0
3073890001;3074080001,1.0
4158920001,366.6
3015280033;3015290001,158.6
3070470014;3070480015,138.7
2045070048;2045420100,63.2
2023240001;2023250001,126.6
2043490001;2043630001;2044440001,150.5
3044860001;3044880001;3045080001;3045100001,116.9
1021060003;1021060050,146.0
4067920001;4067920030,128.1
4004700001;4004700100;4004700200,36.0
4004700001;4004700100;4004700200;4004650001;4004650100,51.5
4004650001;4004650100,63.4
2055680001;2055680050;2055680100,130.9
1021060320,132.1
4003320002;4003350002;4005230002;4005590002,105.1
3005380001,0.2
3005380001;3005330001;3005570001,15.5
3005330001;3005380001;3005570001,127.8
4155010002,29.1
1018730009;1018750005;1018750009;1018750057,69.2
1017180001;1018270042;1019230029,194.6
5000510001;5000510030,144.6
1003620010;1003670001;1003620001;1003560001;1003230001,15.5
1014450023,105.8
1017770005,68.2
3015970001;3015980001;3016010024,98.7
3015950001;3015950024,16.4
1002550001,93.2
2035930001;2035940001;2035980017,98.7
2026230135;2026280001,165.7
1019330001;1019330050,130.9
1020070043;1020070045;1020090044;1020090063;1020090064;1020110001;1020110011;1020110013;1020110014;1020110015;1020110022;1020110031;1020110033;1020110061;1020110063;1020120001;1020120003;1020120006;1020120008;1020120011;1020120014;1020120015;1020120018;1020120020;1020120025;1020120052;1020120056;1020120058;1020120061;1020120063;1020120064;1020130014;1020130016;1020130018;1020130022;1020130024;1020130026;1020150005,86.4
3014950001;3014950013,9.0
3014920001,277.8
2028770001,158.1
1003470080;1003510001,120.5
3073870001;3074051001,1.1
3073870001;3074051001;3073890001;3074080001,136.9
4097610036,85.7
1001110100,108.3
2037230001;2037250001;2037300001,119.2
2035150001;2035510001,116.2
5032430100,130.4
5005450100,93.1
1009080017;1009080027,108.9
3016310001;3016310009;3016310031;3016350003;3016350041;3016350126,127.2
3016360024,121.8
3015800001;3017490015,139.0
3070070001;3070490015,126.4
1-01268-7502,32.6
1010460021,54.6
4-01970-0025,147.1
4025450026,36.7
5000030015,88.1
3/05392/0071,65.0
3076690029,69.2
3/06772/0001,70.9
1/02136/0170,81.2
3/05376/0033,79.7
3/05232/0029,19.4
1-01067-7503,93.2
3-02061-0040,70.4
3-02061-0080,73.3
3-06099-0001,54.3
3-02061-0060,64.5
4-03360-7501,62.2
1-01244-0019,54.0
1-01233-7502,66.6
1-00214-7502,77.6
1-01493-7504,74.9
4-02611-0106,62.9
3-05393-0079,75.0
4-08100-0002,55.3
4-05040-0032,101.4
1-00788-0016,75.8
1-00761-0020,58.9
3-06773-0080,86.8
3-06511-0012,90.7
1022370008,145.5
1015770027,84.8
1021750150,113.9
1021750170,99.2
1021750039,120.1
1022470056,164.5
1022370012,107.6
1022420005,98.9
1009010021,86.2
3050850041,90.2
2043210058,80.4
2057320941,74.4
1014390023,71.3
2057840340,93.8
2042860013,87.2
2045130033,103.3
2043210038,69.1
1022380023,122.4
2032940053,107.6
4030830085,132.6
4030850002,148.9
4033210037,81.5
3014240001,94.3
3058810003,55.5
3051600058,92.1
3065870017,105.3
2-04338-0012,52.4
2-04337-0064,70.1
2-04318-0036,13.0
2-04318-0045,82.0
1018807501,87.7
2042840020,87.4
2025570078,126.7
2025780006,74.1
2025570056,18.8
4013140003,68.7
4012300045,72.3
1-00511-0012,46.6
5-02236-0001,18.9
3-01343-0031,30.4
4043630100,60.5
4003730021,32.8
4002470030,108.7
4009070008,8.3
1018420029,47.3
4012630015,91.7
1008830044,68.3
1008890068,48.6
1009130001,48.6
1005480070,49.7
1011520013,142.4
1014600047,38.5
1015247502,101.8
1-01590-0036,67.8
1018740029,91.3
2024130001,156.2
3013570065;3013570068;3013690058;3013750029;3013750031;3013750034;3013750036;3013810013,19.2
3013300007;3013300008;3013300009;3013300010;3013300011;3013300012;3048180025;3048180026;3048180027;3048180028;3048180029;3048180030;3048180031;3048180033;3048180133;3048180134;3048180135;3048180136,7.6
3035110022;3035110046;3035120021;3035120051,18.0
3014660049;3014700003;3014700015;3014700036;3014700039;3014700058;3014710011;3014710017;3014660047;3014700001;3014700008;3014700009;3014700010;3014700011;3014700017;3014700018;3014700019;3014700020;3014700022;3014700023;3014700035;3014700037;3014700052;3014700053;3014700055;3014700059;3014700073;3014700160;3014710001;3014710004;3014710005;3014710006;3014710007;3014710008;3014710009;3014710010;3014710014;3014710015;3014710016;3014710018;3014710019;3014710020;3014710021;3014710022;3014710023;3014710024,6.3
3046520045;3046710007;3046720001,26.3
3014310037;3014310039;3014310043;3014390001;3014390010,18.4
3013730034;3013730037;3013730043;3013730046;3013730049;3013790039;3013790043;3013730040;3013790041,22.4
3035080038;3035080042;3035080046;3035080050;3035080054,39.6
3047950016,100.3
3045940064,108.2
3013730054;3013790031;3013790055;3013790063;3013810018,21.2
3013750002;3013790008;3013790011;3013800025;3013800028;3013800031;3013800034,18.9
3035090059;3035100001;3035100011,52.0
4-00313-0001,207.7
5-02359-0300,181.8
3-00699-0001,200.2
3-05885-0111,69.4
3-06801-0069,87.4
3054800014,54.9
2-03332-0072,17.2
2-04310-0001,18.5
2-03799-0012,17.2
3-05678-0022,81.9
3-07212-0104,88.9
3-06415-0022,66.6
1-00487-0012,50.5
1-00804-0049,36.4
2-03316-0020,18.2
1-00862-0013,95.8
2-03033-0004,149.9
2-04550-0021,15.2
2-03234-0049,73.2
3-05026-0100,67.8
3-05026-0132,65.1
1-00859-0001,52.5
2-04262-0017,76.9
3-06331-0001,60.8
1-00511-0006,33.0
1-00512-0020,38.5
3-01762-7502,43.4
4-15612-7501,12.3
4-15612-7502,13.3
3-00990-0069,43.1
1-02202-0033,34.3
1-00837-0020,75.0
1-00788-0078,42.8
1-00780-0007,50.2
3-06331-0048,82.1
3-08692-0089,77.5
1-00805-0019,16.5
4-01050-0002,67.9
3-04786-0088,61.1
4-09375-0174,54.1
3-00364-7501,53.4
3-00280-7501,87.0
1-02088-0100,79.3
2-02810-0026,49.9
4-05135-0044,80.6
5-02638-0060,36.7
1-02243-0372,61.7
2-04703-0001,22.3
3052790043,72.9
2-05706-0007,71.0
2-03250-0140,12.6
2-03395-0047,11.3
1-02136-0128,30.6
1-02243-0241,123.6
4-05007-0001,79.0
4-01238-0025,74.5
4-04779-0009,239.4
3-04871-0052,105.0
1-00063-0003,66.0
3-02977-0046,36.4
4-03884-0002,24.1
4-00230-0001,11.5
4-00137-0020,17.7
3-05083-0026,63.3
4-00137-0013,17.4
4-01445-0001,72.0
4005897501,53.5
4-05042-0001,65.9
1-01888-0007,49.9
4-10789-0279,70.7
4-03085-0036,79.7
1-01829-0033,80.3
3-05197-7501,32.8
3022390008,39.4
1-00827-0008,47.9
1-01113-0008;1-00113-0008,47.7
1-00839-0073,55.6
3053210051,63.7
3067380007,112.1
1008680016,64.4
1-01977-0001,64.1
4-06059-0001,201.7
2031910048,69.8
2024610070,79.8
2030680081,85.8
2024660032,85.5
3-06553-0012,50.7
1-00828-0053,64.8
1010250043,192.4
3064980001,100.7
3067720015,73.0
3072990057,87.2
1-01066-0053,174.0
4078420033,94.1
4078400002,88.0
4078440002,119.7
4026110151,35.5
3060080001,76.0
4001990033,62.6
3-00990-0050,30.0
4-05900-0002,118.1
4-05900-0024,136.5
1010550001,69.0
1008260063,62.3
1008300016,69.4
4101580001,25.8
1-00908-0047,66.8
1-00910-0014,68.8
1-01077-7502,81.2
1013800001,46.9
1013800061,17.0
4034100145,23.1
4034100190,8.7
2-04162-0001,105.8
1004860011,52.4
1010290037,61.5
1-01427-0011,44.0
1-00673-0001,10.1
4010180020,30.5
3-00918-0052,59.0
1012990022,91.4
1008460026,50.1
1007800019,19.4
1008370030,3.9
1009960012,20.2
1007540063,5.3
1007580025,8.4
1015150046,59.6
4-02235-0038,85.1
3-05160-0001,84.9
3-07819-0046,83.0
3-07559-0011,83.7
2-05904-0267,81.4
1005970055,100.1
3047860022,9.2
2057030192,58.5
2028950068,65.3
3004480013,22.9
3006320004,34.1
4000390182,37.3
4002520018,129.2
2-03220-0037,189.3
2-03220-0090,108.5
3-02088-0004,352.9
1008030021,49.8
1008230024,33.7
3050610040,67.5
3051010017,104.8
1008060006,121.4
1-00499-7502,69.0
4050427504,64.3
1007860064,44.2
3037360018,9.9
2035760001,34.1
3037350010,15.5
2033560107,60.5
2033500034,59.6
4049767501,127.0
1-01309-7502,100.1
3-02031-0016,28.1
1-01456-0046,15.2
4030760022,75.1
1-00187-7501,59.4
1001500038,46.3
2024650038,94.5
4-00628-0021,58.7
2-03293-0113,80.3
1-01505-0056,59.9
2058271620,100.1
2032519450,9.2
1004997502,69.0
1-01274-0016,62.5
1-01392-0017,89.1
2-02707-0068,83.3
2-02833-0020,79.5
1-01083-0037,36.8
3-00148-0001,75.8
4133810001,89.6
1008670055,81.2
1005460021,26.6
1005240066,1.4
1-01063-7503,54.3
1016180001;1016200023,117.9
3021750030;3021750060;3021750070;3021750075;3021750080;3021750090,105.4
2024290001,28.1
1012210038,94.5
2055640001;2055670001;2055820001,206.0
2055640001;2055670001,5.5
3035760001,118.2
5007060001,113.7
3017400001,125.6
2030940014,78.0
2031430155,111.1
1002450001,126.1
3037870005,32.1
3037700001,32.5
2028790030;2028790033;2028790041;2028790043,85.4
1017690005,57.4
1017680012,67.9
3037600001;3037770001;3037940001,2.4
3044310100;3044310070,81.4
3015850001,108.3
1002600001;1002600075;1002670024,91.9
1002600001;1002600075;1002670024;1002630001,53.5
1017970001;1018080001,133.4
1003560001,100.5
1016470001;1016490001;1016520001,69.4
2023720001,116.3
2023950001,181.0
1012140055,94.9
5001960001,4.9
2027510015;2027510030;2027510033;2030070036,87.1
1012240042,136.4
1012050001,115.6
1012190001,95.5
2028770497,84.6
1016540011,172.7
3020400001;3020410001,86.0
1016990001,141.8
4007360002;4007380050,128.6
3037800001;3037970001,1.5
3003940001,120.4
3050990134,70.0
3051630019,63.6
3011770017,68.9
3051230005,62.8
3081560100,25.2
3057940165,58.8
3057940150,54.5
1-00195-0017,44.0
1-01186-0025,79.4
4103360160,26.0
3-06595-0014,75.1
2-02463-0053,86.1
2-03208-0001,111.4
3050600032,72.6
4-00183-0040,5.2
4-10789-0264,10.9
4-01016-0551,9.8
5-01717-0155,9.6
3-01894-0026,10.7
3-01257-0027,11.5
5-07067-0117,5.7
3-08833-0200,11.0
4-00288-0056,16.4
4-00239-0111,4.7
3-00122-0010,8.6
3-07733-0021,9.4
1-00618-0024,50.3
5039830013,49.3
5039830130,120.9
1010040020,85.1
1-02180-0160,61.9
2037410022,86.6
2-04317-0025,82.6
4-00183-0332,71.8
4123850131,102.0
2043380006,87.1
2032400044,75.0
4102620011,101.5
4008907501,36.4
4023190010,71.8
4051820044,81.1
4015650006,65.7
2028210001,78.4
4006320070,58.2
4005970001,51.1
4019580026,77.7
3-06523-0001,21.7
3-06709-0036,48.5
1-01550-7501,72.9
3-01027-7501,48.1
3067640020,69.7
3-06383-0006,83.0
3063820006,83.8
3062530096,73.4
3067660077,67.1
3072600045,76.4
2024240053,59.0
2043550001,83.7
2043600001,54.5
1000090001,52.3
1-01019-7502,93.1
3-06316-0059,109.6
3-07322-0007,88.4
4-05775-0023,40.9
2031430140,72.2
2031960023,118.1
2031730041,86.9
2032830006,71.2
2025070024,75.2
2032250015,106.2
2031620017,80.1
2024770001,66.1
2050410026,59.8
4024420002,54.6
3-05616-0001,83.0
2043100046,88.2
3-05474-7502,14.5
3-08815-0112,69.9
3-02430-0002,46.6
1008607501,94.5
3-04464-0025,93.2
3-01633-0058,63.0
4-01339-0002,125.1
4015330036,100.2
3056710001,58.5
4021860002,89.0
4008940030,92.9
2043620002,45.2
4008960053,113.7
4001610020,129.9
4013340071,76.6
3050800060,84.7
4157670050,88.7
2028780138,78.6
4012730044,79.0
4022370033,78.4
4021350059,72.6
2025120069,137.4
2028100001,83.6
2025120059,23.4
4021360013,74.9
4021350013,66.6
4021340013,78.8
4021320045,74.8
4021340001,85.2
4030870052,73.5
4067930126,116.2
1019630019,54.4
1019760020,13.5
4031170001,69.3
4031110024,81.7
4031100031,76.6
4031090037,74.3
2045430021,99.2
1-01456-7502,284.3
1-00462-0001,142.4
1-00544-0076,77.5
1-01119-0021;1-01119-0043,220.0
1-01119-0008,130.2
1-01119-0061,230.1
1-01119-0001,65.0
3-00041-0017,55.9
1009350005,152.4
3035320030,101.5
3035340001;3035490033;3035490036;3035490039;3035500006;3035500011;3035500016;3035500034;3035490041;3035490044,14.7
5029220020,59.6
1-01655-0015,80.3
3-05685-0041,66.9
1-01716-0008,191.4
4-04343-0125,90.0
4-01517-0059,117.6
3-07233-0021,73.5
4-00183-0299,13.4
1008167501,56.9
1-01522-0059,72.6
1014080020,60.1
2-02471-0036,198.4
3-05400-0083,79.1
3-06380-0062,88.5
3-06928-0044,81.1
1005697503,65.7
4-04974-0027,69.1
5-05491-7501,36.1
3-05649-0059,84.7
2-04819-0042,81.5
3-07296-0029,79.7
3-06733-0029,111.6
3-06771-0006,93.0
3-05151-0033,75.1
3-05064-0082,99.7
3-04813-0011,104.9
3-05084-0024,94.1
1-02134-0199,69.9
3-05240-0043,85.9
3-05336-0082,55.4
3-05184-0041,101.3
3-05319-0024,58.9
3-04933-0001,117.0
2-03224-0020,16.9
2-02844-0095,90.6
2-02515-0009,18.6
2-02841-0001,85.0
2-02877-0216,77.0
2-02865-0166,83.4
2-03183-0058,75.8
2-02823-0036,107.0
2-02801-0013,129.0
2-02869-0070,84.4
2-02814-0025,99.4
2-02851-0036,25.5
2-02459-0001,58.4
5-01725-0300,39.4
4-00583-0001,13.5
1-00076-0024,69.1
1007790010,69.0
4-01288-0051,76.1
2-03336-0027,11.6
4-00159-0021,55.1
4-00267-7501,65.6
4026100118,30.8
1-00345-0058,85.9
1-01067-7501,125.2
2-02293-0058,67.3
3-01452-0062,56.0
2032610092,75.6
2032610086,90.0
2057660775,59.3
1008680025,71.8
3-06650-0032,81.8
3-05884-0037,85.6
4-12483-0030,23.0
4-01261-0035,63.4
2-03932-0050,63.6
3-06712-0076,70.3
3-06706-0020,70.4
3-06800-0016,72.9
4-03354-7501,86.1
4-03357-0012,78.8
3-08791-0104,37.3
2-05703-0209,56.9
2-05776-0605,39.4
4-02288-0007,73.9
3-05338-0081,72.2
2-02873-0080,58.4
2-02518-0031,157.8
2-02529-0025,73.3
2-02535-0001,95.6
2-02872-0007,234.5
2-02872-0036,86.2
2-02872-0058,325.5
2-02873-0058,140.7
2-02872-0117,21.0
2-02874-0014,73.2
2-02872-0189,36.2
2-02872-0287,115.0
2-02872-0281,70.8
3-07655-0050,60.4
5-02450-7506,49.7
3-03178-0030,67.0
3-03354-0013,25.0
1-01071-0023,127.0
3-06376-0060,92.0
1-00544-7502,117.8
4-00439-0039,90.8
1-00936-0037,56.7
1-00930-0041,13.4
1-00931-0021,76.0
1-00804-0071,34.2
1-00484-7502,58.3
1-00879-0009,70.9
1-01310-0065,61.8
4-00241-0001,33.6
4-00242-0009,31.6
1-00867-0064,62.8
1-01000-0029,90.9
1-00839-0055,49.0
4001410024,56.8
2057070013,88.6
2025120045,20.5
2032030026,79.4
3030700015,48.8
3077900001,83.9
3078130136,91.6
3029140001,36.2
1020980053,23.4
1020980013,25.0
1-01015-7501,70.6
2-02956-0005,112.9
1-01892-0013,64.2
3-05058-0044,72.0
2-02456-0001,163.9
2-02456-0008,20.8
3-06772-0004,152.3
4-05145-0068,27.5
1-01796-0020,49.1
1-01795-0035,42.3
1-01080-0010,86.8
3056460036,71.7
1000780001,22.7
1008090045,58.1
1-00944-7501,61.8
1-01494-0069,55.3
1-01384-0069,72.2
1-01450-0023,87.4
1-01555-0023,61.8
1-01398-7501,104.7
1-01501-0056,60.1
1-01389-0069,63.7
1-01501-0016,35.1
1-01125-0025,55.8
1-00928-7504,70.4
1-01381-0001,82.5
1-01494-0032,66.5
1012610030,147.1
1-00709-0031,66.0
1-00732-0058,75.9
1006980018,44.9
1015330022,75.1
1011707501,52.5
5-02440-0002,98.8
4-03706-7501,35.8
2-03091-0073,53.6
1013740014,58.4
4-06790-0022,153.7
4-00255-0016,99.4
4-06789-0065,124.2
1002157504,67.0
1021367501,15.4
5000130008,108.4
1015890034,60.8
1015800023,74.1
1015820040,58.1
1015140008,51.1
1014980037,50.2
1013930033,54.2
1012537502,73.5
1015160069,32.3
1013810038,65.7
1014990040,62.8
1015020017,63.1
1009447501,61.8
1014940069,55.3
1015760014,89.2
1015490018,67.2
1014077501,71.0
1015397501,53.8
1015830012,63.7
1013920040,58.6
1014930037,62.3
1015090069,63.1
1013840069,72.2
1014050072,68.4
1015820023,79.2
1014500023,87.4
1015550023,61.8
1013890038,66.0
1013987501,104.7
1015010056,60.1
1015100065,62.6
1014090033,102.2
1014930072,88.1
1013890069,63.7
1013880037,49.8
1012367502,63.4
1014090061,61.2
4022150001,60.9
1015010016,35.1
1013687501,64.9
1018887502,57.9
1011250025,55.8
1014990071,65.5
1013720002,72.0
1014737504,89.0
1013920036,56.9
1013780070,54.6
1014920003,53.3
1014207501,85.3
1013207501,62.1
1015660010,62.5
1014100069,83.8
1014940032,66.5
1014910048,44.6
1015080024,72.0
1014580005,71.4
1013960001,63.9
1011677502,51.1
1013800023,72.0
1014040033,41.0
4-03605-0001,59.4
3067140041,95.2
1005430053,21.9
1005470015,4.7
2057540072,71.4
2048320070,98.0
2057550056,65.1
2057540005,67.6
2057540001,63.1
3-08690-0091,68.8
4-00125-0028,62.8
4-00184-0037,66.3
1000690032,63.9
3-04813-0035,89.9
4101020004,48.2
1021080033,110.1
3-08130-0018,9.6
2-05541-0210,7.5
2-02575-0050,16.1
3-08713-0077,58.7
1-01288-0056,61.4
4000250015,57.4
3-04559-0001,21.1
2032870031,79.3
3025400001,62.4
3014250013,54.8
3045980001,78.2
3050820072,147.8
3050820067,17.8
3050650100,88.3
3046330001,74.9
3014030040,67.3
3046320011,77.6
3046330065,81.2
3051050043,68.0
3050660079,61.2
3012960028,73.0
3013260001,80.4
3013220001,242.9
3012690020,107.0
3014290032,70.2
3013220026,85.2
3013250022,102.8
3014190006,75.2
3048980004,86.3
3014180049,83.4
3014190001,77.4
3046480033,71.9
3013240001,81.2
3050640092,70.8
3050830044,80.1
3037540013,90.7
1012880007,129.2
3-02111-7501,129.5
1-01525-0036,72.5
1-01350-0001,104.3
3-07654-0014,61.4
3-05424-0001,68.0
4-05024-7501,17.1
4-01837-0104,78.4
4059580140,63.8
2027620181,116.6
3-08429-0036,80.8
3-05538-0007,25.3
1-00646-0032,50.3
1019900005,7.2
1019860065,69.8
2057890033,54.0
1018840048,441.7
1018850040,29.9
1019620026,15.1
1019950044,32.4
1019900064,154.7
1019630048,78.7
1018840001,46.5
1018830059,101.2
3082050005,136.8
3044270001,92.4
3-01905-7501,145.0
3051260021,28.5
3-05438-0049,91.3
3-01925-7501,89.1
2-05958-0001,91.1
2-05958-0010,13.5
2-05933-0425,44.5
4015250001,52.3
1008767503,82.8
3060580001,70.3
2037400005,85.6
1018480042,49.2
1008820050,40.7
4015600006,94.5
1001817503,95.6
3001890001,101.3
3063260038,90.4
2057140141,97.4
1017730007,98.1
4018610001,155.0
1-01775-0045,80.5
1009287504,70.4
1013640005,64.5
2-03273-0075,38.9
2-03263-0225,78.7
1000670023,46.7
1021390564,81.1
4-00613-7501,44.9
1013160023,67.9
1013160012,63.3
1011190021,134.2
1-01171-7508,69.1
3081490300,28.8
3081490001,61.0
3046020001,99.4
1-01441-0040,370.4
1-01025-7502,104.7
4038860074,86.9
4050660622,62.8
3044520530,147.2
4115430100,175.0
4001200050,45.5
3006250065,58.8
4129990044,74.5
3069470500,120.2
5013800155,162.9
4043950002,54.3
5-00545-0040,76.2
4020930133,83.9
3-01189-0024,74.0
4-01581-0001,69.4
4-01509-0017,77.5
1-01066-0037,52.6
2-05746-0567,37.6
3050260313,76.9
3051120029,81.2
3014300001,54.6
3054120014,68.0
3066980001,56.4
3059830001,70.8
3067070076,77.0
3050990052,58.1
3050990047,62.3
2042210001,13.2
2056250065,58.8
1-01148-0001,57.4
4-03355-0106,69.1
4-04717-0001,16.8
2-04307-7501,218.8
3-07556-0018,59.9
3-05642-0061,49.8
3-05061-0049,77.2
4-02611-0102,24.8
3-06767-0001,18.2
3-07352-0039,74.7
1008307501,41.0
4-10170-0050,82.7
4-01519-0028,75.6
4-00744-0040,49.2
2025990123,10.8
4-02611-0104,8.4
4-05135-0057,52.5
1-00761-0041,47.0
1-00850-0012,70.7
5-00497-0009,47.1
5-00497-0007,75.5
5-00497-0001,42.3
1-02138-0108,67.3
3-01188-0044,106.8
1-02127-0001,54.7
2-04317-0001,101.0
2-04642-0006,98.8
2-03335-0150,129.5
2-03256-0150,96.0
2-03256-0144,82.2
2-03143-0285,147.7
3-01901-0007,76.1
3-01420-0061,81.1
2-02674-0051,64.4
4-05193-7502,33.8
4-05020-7502,73.7
1004980009,77.3
1004980011,37.7
2-03324-0030,58.3
2-03187-0047,86.9
1-00467-0031,59.5
4-01249-0018,61.8
2-02736-0160,45.0
4-00050-0017,52.5
1-01375-7502,42.5
4-09760-7501,25.4
4-09761-0083,40.8
1-00784-0074,75.6
1-00848-0001,92.3
1-00832-0022,50.7
3-02349-0023,54.1
3-02512-0001,35.6
1-02087-0050,14.7
2-02872-0029,15.8
3-04594-0041,107.5
1001970007,40.0
1-00998-0026,74.4
4-02669-0001,32.9
4-00294-0173,39.7
2-04293-0005,47.6
2-02291-0012,49.8
3-07377-0029,112.8
1-01080-0030,69.1
4-12322-0001,74.4
2-02327-0072,35.8
4-00255-0023,62.0
1-00846-0030,63.4
1-00687-0029,162.5
1-01051-7502,155.1
1-01242-9055;1-01242-0010,93.4
1-01563-0004,78.8
2-03576-0050,27.6
1-01373-7504,65.5
1-01373-7502,96.9
1-00640-7501,70.0
1-00695-0015,69.9
1-01531-7501,44.8
1-00714-7501,123.4
1-01400-7501,51.9
1-01168-7501,79.1
1-00016-7522,72.5
1-01326-7501,85.4
1-00151-0001,80.5
1-00565-0021;1-00565-9021,107.8
1-00795-0001,79.4
1-01084-0025,113.2
1-01539-7502,79.1
2-02357-0035,116.1
2-02356-0020,58.1
2-02357-0040,131.7
2-02357-0045,63.2
3050460018,75.7
3076820016,68.0
3075600001,99.4
3051590061,81.2
4096600015,80.5
3075840035,63.4
3076800001,61.6
3076810010,10.9
4097160102,111.5
2037760050,83.8
2037760056,73.6
2039350053,81.5
2038050078,71.2
3073150053,78.8
2033160042,95.9
2033040085,72.7
3023407503,61.6
3023637502,59.2
3021347501,72.8
4015700001,71.2
4-14260-0090,46.6
1-00142-7501,71.4
1-01447-0019,40.2
2058721054,64.2
2032920014,65.4
2-02407-7501,62.3
2-02408-0001,53.7
2032230030,70.2
3-00760-0036,99.1
3-06568-0015,87.4
2-04222-0093,62.4
1012780001,65.6
1020890045,68.0
1-01142-0024,93.7
2032200010,13.6
2032560064,69.7
1015777502,35.6
1010140001,266.5
4033580001,94.7
3076540024,55.8
1-01722-0007,98.4
1-01375-0036,38.6
3067460096,64.9
3075660020,62.7
3067660040,64.9
3074210016,62.2
3056350041,62.6
1021357501,57.7
3067220001,99.9
1-00802-0036,61.9
1-01041-0029,76.4
4133800011,74.7
2057670798,56.8
4050020087,71.5
3067430044,58.4
3058480006,66.1
4001750001,60.3
1005760046,74.7
3-03178-0020,86.7
4-03149-0019,84.7
3-04628-0036,78.1
1003230001,7.0
3031290001;3030980001,103.7
1018360001;1018550001,117.9
1007240010;1007230001;1007240001;1007240015,98.3
3013440001;3014380001;3013440175,2.1
3037270001;3037450001;3035070001;3037090001,56.5
2029010001;2029100001;2029020036;2029110001;2023900024,135.3
1003620010;1003670001;1003620001,140.5
3015970001;3015980001;3016010024;3015950001;3015950024,26.5
3037840001;3037850015;3037870005;3037690030;3037700001;3037670036;3037680018;3037870001,89.1
3037600001;3037770001;3037940001,111.6
3037800001;3037970001;3037940001,80.7
5001960001,122.6
2-03310-0081,85.7
1-02225-0010,87.3
1-02174-0145,76.5
4005840001,81.8
1013810025,59.4
2058251554,97.3
2032920037,63.4
1-02047-0012,89.0
2031730054,92.7
2032160016,86.4
1020530114,70.8
3012910008,69.2
1022470001,70.2
3050560064,61.7
3006010001,23.2
1-01369-0042,45.3
3-00925-0055,66.2
4-05146-0026,57.8
4-03155-0027,76.8
4-05145-0001,63.4
4-02144-0015,64.3
4-05146-0001,76.3
4-00579-0036,72.9
4-00236-0066,59.9
3-01106-0005,59.2
4-03085-0008,66.7
3-00923-0037,59.5
4-00205-0024,57.4
3-05317-0011,60.6
3-06253-0001,64.9
4-01312-0010,64.7
4-00232-0018,59.0
4-03097-0038,59.6
3-06637-0019,71.8
4-09631-0227,44.2
3-06331-0006,72.8
4-09621-0001,72.4
4-03087-0007,64.0
4-00163-0031,66.4
3-06542-0001,54.5
4-01918-0045,71.0
4-03156-0133,75.9
4-02090-0026,60.9
3-01930-0014,48.3
4-01918-0050,75.3
4-03084-0020,64.4
4-09245-0300,65.6
4-01918-0105,128.9
4-01918-0055,14.6
4-01918-0075,43.0
4-05145-0024,84.3
1-00016-0100,48.8
1-01208-0001,70.2
4-09631-0241,74.7
1-01221-0029,47.6
4-01525-0030,70.8
4-00163-0014,63.5
3-00265-0001,64.0
1-01978-0001,72.7
1-00849-7502,58.7
1-00930-0012,16.8
1-01113-7501,44.5
4-04994-0051,61.4
1-01512-0025,66.5
1-01205-0034,61.3
1-00024-7501,78.1
3021480007,103.7
2-02282-0018,137.1
1019610001,378.5
1018670074,28.3
1019980017,105.7
2032530255,17.0
1022300001,79.8
1021790080,68.5
3-01923-0001,64.5
3-01921-0019,99.4
3-01920-0002,87.5
3-01922-0001,90.5
3-01922-0001,89.7
1-01293-0001,98.9
1-01125-0002,68.9
1-00172-7504,70.0
1-00866-0064,47.4
3052190016,73.5
3052190022,65.2
3050720025,113.8
3050710006,95.4
1-00187-0016,267.8
3001807501,29.9
3-05468-7501,7.1
1-00849-7504,58.5
1-00753-0056,101.8
1-02226-0029,89.1
1-01052-0001,38.8
1-01837-0021,95.5
1-01826-0036,65.9
1008647502,73.3
3059800001,68.5
4161510036,64.4
4050010001,110.8
4050250020,72.9
1014170035,73.6
1-00564-0026,67.0
1-01252-0075,38.3
1-00640-0012,41.6
1-01397-0033,57.2
1016077502,78.5
2-02786-0017,68.0
1010150049,149.4
1010220026,149.5
3050260344,80.2
1012620041,8.3
3051210032,45.1
4090110014,54.8
3024240001,68.2
4092880101,94.3
3039520047,75.3
4002490001,81.5
4017610035,54.4
4034280015,132.9
3012350037,55.3
1021230045,90.8
1015540015,46.5
1000220013,40.7
1015540032,57.2
1000160040,84.8
1022260041,70.9
1001007502,59.8
2026340001,56.7
2029170040,47.2
2052630192,100.6
2023240008,55.8
2040910001,68.1
2029230018,146.1
2028660105,55.8
2024430078,101.9
3082150012,72.1
3066180001,84.0
3057990038,50.0
3063990040,77.8
4081350029,110.1
4000180001,82.2
4089750100,45.0
4051370043,107.4
4006390016,125.0
4005420008,27.8
4038860800,77.4
4014540018,48.3
4068580050,75.7
5016530001,89.2
3-06090-0005,72.5
3-08805-0134,76.3
3-08765-0019,67.4
3-08764-0028,69.2
3-07197-0001,59.0
3-08807-0125,84.4
3-08764-0010,72.3
3-08805-0036,72.2
1-00017-0029,62.6
1012370029,49.7
4-00341-7501,66.7
4-01569-0037,110.2
4-09738-7501,51.1
4-10590-0100,26.6
4-10592-0150,36.5
4-10593-0002,23.7
1014157501,90.9
1-02174-0135,85.3
1-02136-0200,120.3
4-02611-0350,4.9
4-02266-0081,4.0
3-05818-7501,56.8
3-02441-0024,75.4
2-04274-0064,14.0
1-00343-0050,59.1
4-05101-0042,57.9
2-03252-0076,114.6
3-02309-7501,36.1
1-01613-0070,74.9
1-01126-7502,36.0
4-00183-0051,256.6
4-00585-0035,71.0
4-00158-0038,77.3
1-00637-7502,86.3
1001790032,81.0
1013260001,60.6
1010780023,122.2
3018920048,48.6
1-01235-0010,104.1
2028920024,47.9
3-00155-0005,71.1
3-06527-0051,69.8
2-03026-0020,81.3
4-05182-0074,255.3
4-11434-0100,20.2
4083930001,32.3
1005120023,103.7
4-05323-0250,88.3
3014750004,64.6
1-02176-0009,82.0
4-10499-0075,87.1
3-07869-0011,54.7
1-01302-0021,0.3
2-03618-0001,144.0
2-02564-0047,43.0
2-02319-0037,95.6
4-04926-0014,16.6
3-00066-0018,35.7
3009900269,17.2
1-02174-0093,108.3
1-00822-0062,57.7
1-00784-0071,62.6
4-05005-0064,64.5
1-00762-0014,49.0
4-00399-0017,6.8
1-00522-0008,43.4
4-12123-0001,52.4
4-12123-0100,59.1
4121230035; 4121230025,37.7
4033550106,62.3
4-09186-0049,51.7
4-01291-0012,69.0
4-01759-0001,118.7
4016320020,172.0
4049707501,142.6
2043470047,85.1
1-01006-7501,77.1
1-01033-0036,109.5
1-00477-0011,106.2
1-00813-0023,55.8
1-01002-7501,68.9
5012080004,6.4
1012690030,47.2
3050260085,68.5
1-00743-7501,105.2
1-00812-0049,47.4
1-00888-0020,45.5
1-01306-0023,48.7
5-05497-0007,295.4
5-02638-0050,7.1
2-03279-0025,47.7
2-03272-0002,50.1
4-00312-0079,47.6
1-01412-7503,68.4
1-01375-7503,74.1
3-06612-0042,80.8
1-02220-0005,27.5
1-02180-0187,81.6
2-04130-0033,70.8
1-01269-7501,46.6
2-02482-0001,84.4
1-01577-0008,77.2
1-00875-0001,180.2
1-02008-0006,75.1
2-02477-0021,78.0
2-02836-0005,79.7
2-02865-0103,551.7
2-02877-0250,62.5
2-02844-0058,40.6
2-02844-0075,66.2
2-02844-0083,82.1
2-02847-0051,68.2
2-02876-0219,81.9
2-02878-0100,78.2
2-03209-0060,67.0
2-03253-0063,73.0
2-03343-0042,72.5
1-02108-0016,57.4
1-01925-7501,78.3
1-01745-7502,51.4
1-01945-7503,64.7
1-01946-7502,49.4
1000770008,49.0
1018257501,71.9
1016450050,51.1
4014400001,82.3
3001850019,82.8
1008950034,123.3
1007400001,454.1
1013240034,151.3
1012720026,117.8
1-01882-0020,68.7
1-02180-0400,128.5
1-02180-0406,14.3
3-01933-0070,47.5
4033370060,109.0
4004610016,45.9
3045430018,80.3
1-01500-0062,42.0
1008957501,69.5
1000557501,67.2
1013367502,62.2
1005770034,37.4
1013230047,56.0
1013940013,57.2
1008870095,31.7
1008897501,52.8
1012857501,78.9
1012950033,74.4
1013320001,74.1
1012900006,12.2
1013120015,55.3
1013320037,33.1
1-01500-0053,96.1
1-01881-7502,67.1
1-00769-7506,74.1
3-02219-0035,93.3
3004010041,40.3
4025730162,19.4
3019330070,47.5
4049860018,71.9
1018320025,61.0
5033550050,83.6
1-00805-7502,72.1
1-01424-0034,7.1
1-01089-7501,66.8
3013120042,97.8
3013170041,68.5
3014270007,73.0
3014220001,71.9
3014080023,65.0
3013170050,81.6
3014220005,78.0
1012070050,18.8
2046700050,88.6
1-01260-0014,93.9
2-04321-0042,123.8
2-05047-0014,87.2
2-04594-0040,102.8
2-03250-0087,104.6
1000160205,98.4
1-00055-0016,181.2
1019690050,65.2
3014177501,38.3
3012727501,61.3
1-01410-7501,86.1
3013080036,59.2
3013210053,48.8
1001250020,55.4
1-01397-7504,51.1
3-06485-0003,95.4
1-01329-7501,59.7
1-01582-0030,57.4
3012670016,78.2
3-05211-0026,64.1
3052110017,68.9
3002310001,101.3
4-00410-0019,39.6
4-00410-0009,7.7
4-00410-0025,21.0
4-02602-0125;4-02602-0115,24.4
1-00785-0007,42.8
3044110001,35.0
1-00839-7501,71.9
4-00471-0758,73.4
3067210082,72.8
1020530090,44.9
3003207502,50.2
2057870154,66.5
1-00861-0066,42.3
2043290012,63.2
4001580001,79.8
3052510038,59.7
2032480150,69.1
1021740211,104.0
1021790274,100.7
1018480036,71.5
1021360180,87.0
1021370011,99.0
2048760006,65.2
3051500006,82.9
3051500013,92.8
2028330014,115.5
2027630195,67.3
4-21860038,88.7
4021860075,89.0
2024620010,125.9
1011220047,67.2
2031340020,99.9
3002550020,64.4
1018200061,53.5
1018490023,93.6
2033040146,75.3
2033120001,74.0
2032460080,51.2
1001510032,65.6
1019630025,75.6
4029740130,118.5
2046530076,235.8
2043720001,137.6
3054680035,77.8
2028610057,37.2
4022240028,69.3
3067470085,91.3
1018520012,90.7
1018520020,16.3
1018520031,50.8
1-01728-0057,83.5
3-01961-0027,136.6
3-04815-0037,91.3
2024760022,74.1
1-01475-0005,124.5
1-01424-0034,43.2
1-01373-0003,64.5
4-13791-0020,84.0
4-13791-0023,77.8
4-13791-0021,65.7
4-13791-0022,51.9
2-02751-0022,98.7
2041940039,93.6
2028650110,71.2
3067960067,64.7
3063810017,60.6
3068020014,65.5
3075780001,79.3
3068190001,58.5
1-00670-0070,31.4
1-02179-0429,86.0
1-01882-0024,60.9
1-02088-0027,85.6
1-02136-0225,90.9
1-02136-0220,82.9
1-01241-0001,46.7
1-02180-0610,58.4
1-00838-0036,141.7
1000400014,63.7
2029130001,85.6
3009980001,43.9
2031460072,88.0
3001407501,32.2
2027230033,99.1
4016080058,81.4
3041020019,65.8
3006880050,92.0
2048940001,117.8
2030337501,44.4
3018680028,63.4
3034340028,43.0
3078600017,38.1
3011880001,61.9
4133530020,70.3
4001580025,60.0
4110180021,30.8
4015710019,80.5
3037720006,55.3
2033560036,80.2
4101440047,88.7
3057290024,72.8
3044490001,90.7
1019670024,77.0
4097630023,69.7
4028030001,66.9
1-01270-0034,159.0
2-02493-0001,106.7
4-09803-0024,78.2
4-01434-0029,88.5
2-02327-0054,40.5
2-02432-0047,88.7
2-03324-0011,42.9
1-01231-0026,81.2
1-01046-0043,48.9
2-02463-0001,76.5
2-02463-0011,17.5
2-02463-0006,43.6
3067150062,89.4
3050460028,70.5
3052290083,58.4
3074040001,67.8
3055600064,46.7
4089290106,87.4
3065780100,65.9
3058920006,104.6
3058920016,85.1
3071280005,70.2
3052400011,72.2
3052410018,68.7
1007870020,39.1
3052870001,46.1
3055470057,99.0
3052850040,63.9
3063340006,92.6
3061750036,85.1
3054230049,11.3
3060260001,87.0
3061370045,175.7
3061340038,75.6
3065810001,86.6
2-02820-0027,46.4
2-02808-0066,42.0
3067710056,78.6
2045940001,91.4
4-01235-0070,14.7
2032120021,74.9
3-05972-0001,65.3
3-06619-0001,83.7
2031470026,81.3
2033010010,64.3
2057770714,45.8
2043220032,69.8
1011500048,60.7
4-01555-0001,77.8
2032110035,58.9
3-05951-0001,78.9
3-05959-0062,59.4
3-06135-7501,76.7
3-06129-0004,76.6
3056560014,72.2
3067520050,62.4
3-07457-0055,89.2
3-05400-0091,82.2
3-06540-0027,76.4
3-07218-0059,72.3
3067560001,69.8
3-06756-0006,72.7
3062990062,69.5
3067960059,72.0
3065870027,69.9
3067730012,87.8
1-02170-0042,13.7
4-08336-0001,240.6
1014197503,75.0
1011527501,87.7
3-01302-0001,110.4
2-03256-0020,77.2
4-01280-0012,67.6
4-01443-0040,68.3
4-01443-0033,71.9
3-00170-0015,86.8
4042820100,202.9
3030290065,9.8
1-00564-0034,60.6
1-01162-0012,64.3
3-03602-7501,61.2
3-05082-0055,76.8
2027180021,83.8
5-02450-7501,30.8
1-00738-7501,37.9
1-02179-0001,66.0
1-00851-7505,79.4
1014980020,69.6
1014920001,68.2
3025497501,62.1
1-00865-0007,53.1
1007760065,36.2
1-01345-0017,64.7
1-00838-0030,71.3
1-00794-0025,48.3
4-09375-0272,31.9
3-06344-0033,71.4
3022637508,38.7
3022637507,59.4
100-802-0019,43.8
100-540-0030,37.8
4-05865-0118,72.9
4-02098-0018,81.6
4-05024-0019,86.5
4-08092-0033,77.6
4-05865-0112,75.3
4-04994-0070,35.6
4-03322-0043,70.1
4-04157-0002,72.6
4-04994-0017,63.2
4-04977-0017,31.1
4-09760-0022,167.9
4-09760-0025,77.1
4-04977-0021,80.5
4-00531-0059,73.5
4-00414-0041,68.1
2-02869-0001,90.1
4-09993-0003,22.2
4-00579-0087,73.1
4-00579-0082,72.0
1-02138-0102,54.2
1-01115-0057,181.7
1-01253-0041,131.6
1-01474-0031,78.8
1-00905-0001,111.5
1-01025-0044,118.8
1-01594-0002,102.7
2042220005,60.3
1012600024,82.8
1-00801-7501,58.5
3-01321-0011,76.8
1-00893-0017,67.9
3051540047,55.7
4013330086,53.8
3053280010,70.3
3025380001,0.4
1-00744-0001,84.8
1-00695-7504,40.5
1-00841-0081,68.4
1-00841-0085,69.0
1-01029-0012,44.7
4000690001,34.1
1-01769-7501,87.0
1014150021,76.3
4052870020,99.8
5-00008-0019,143.4
2045960022,69.2
1013880056,67.1
1003410001,158.8
1003410070,1.6
1003410058,89.1
1003820001,98.1
1011620012,64.3
1017350040,95.6
1019430001,106.5
1019700016,110.9
1022430399,94.3
1020700029,52.4
1021800513,50.1
2022870046,99.1
2022810021,72.4
2028260002,38.8
2023647501,25.9
2024400001,96.8
2025800011,90.4
2026187501,64.4
2026900114,61.3
2026920048,82.5
2026977501,65.5
2028310001,91.0
2028310013,96.4
2029767501,78.4
2032480169,81.9
2029767502,51.8
2032067501,81.4
2032560084,18.6
2033550090,67.2
3012500040,61.8
3016380006,96.2
3036027501,61.2
3019970020,81.0
3020190040,85.0
3037717501,80.0
4031830002,80.2
4013070023,71.4
4015050037,58.2
4015660001,76.9
3-03125-0007,108.1
3-03111-0028,94.5
3-02349-7501,44.7
1-00694-0039,59.0
1008500075,67.8
4051850077,90.4
4051347502,67.3
4015090006,90.8
3065680027,51.6
3056500005,58.7
2-05141-0260,46.7
1-00617-0055,251.2
1-00008-0044,137.6
1-00454-0007,192.9
1-01329-0017,273.0
1-01433-0040,222.8
1-01625-0028,160.7
1-01844-0012,95.3
1-01145-0017,279.6
1-02061-0014,159.1
1-02144-0066,187.0
1-02174-0024,91.3
1-01095-0040,105.1
1-00918-0014,67.1
1-00785-0049,480.9
1005387501,0.9
1009310024,133.6
3-01933-0001,88.4
1-00333-0001,94.8
3-07089-0062,81.7
1-02168-0031,76.6
1-02221-0030,11.7
4097980039,111.8
4-00420-7501,78.3
3036060010,94.6
4033770014,22.4
3013057501,51.2
4006190014,60.4
4007697501,29.6
1008510041,84.1
1-01350-7501,81.0
1-01232-7502,67.0
1-00892-7503,53.0
1-01458-7503,62.1
1-01341-7503,65.6
3-06058-0012,125.8
1-01746-7501,33.3
1-02179-0010,50.4
3014340001,26.2
3014340001,58.2
3014340001,37.1
1-00637-7505,85.7
3-06512-0001,115.1
3-06760-0062,86.1
3-07674-0047,78.1
3-06654-0001,77.9
3-05927-0024,81.1
4-09845-0001,110.7
4-15562-0001,92.6
4-15563-0056,86.0
1021800023,98.2
1021790226,86.3
1021740020,79.8
1021700420,110.6
1020990029,119.4
2025280019,88.0
1021740008,81.0
1019437503,69.7
2028400038,54.4
2038660049,93.2
2032710132,96.9
2028400022,92.6
1020300010,39.1
2024880036,60.6
1016380008,85.1
1017367501,68.7
2026740021,89.7
4050500031,66.7
2030440040,51.5
3087180075,84.6
4042910020,63.1
1022150442,36.4
1022150591,94.2
2025060138,84.1
2024810011,79.5
2028380027,90.4
3050260241,75.9
1021700260,69.8
1021700091,74.2
2031900050,94.6
1022230012,122.0
1020990063,61.6
1021530057,33.9
3011850039,96.3
2032590014,85.9
1022480092,80.7
2022840062,57.8
3050850075,90.6
2040080030,101.0
2025060010,65.3
2033240034,80.7
3067490005,61.9
3064150016,69.6
3067030067,73.0
3086880089,80.5
3086890009,79.5
3053370076,72.2
3053550001,72.2
2043210005,97.5
2024870042,90.6
2033330063,91.1
1007600063,46.6
1007600021,60.3
2028227501,142.8
2-04205-0030,162.2
1008017501,58.5
2-03273-0209,151.8
1-01334-0001,66.2
1-01013-0042,61.6
3076560073,65.5
3073810065,84.4
1-00839-7502,75.1
1-01064-0036,85.3
1014280013,67.7
4005760012,347.0
2-02872-0312,71.0
2-02965-0100,48.9
1-00016-7519,76.7
1-00016-7520,91.0
3-06779-0004,74.1
3-06681-0415,70.9
3-06802-0041,69.5
3-06612-0026,77.0
3-07656-0061,60.5
3068020001,68.9
3-05357-0017,62.0
3-07441-0245,59.6
3-05357-0045,96.0
3-08806-0140,95.4
3-08806-0150,96.8
3-05374-0010,69.3
3-06494-0051,28.6
3-05392-0001,71.4
3-06503-0020,53.8
3-06286-0001,87.2
1-02094-7501,67.4
3-06503-0030,64.8
3-06495-0001,62.0
1021370014,115.6
1021220100,92.2
1021420224,81.3
1021420217,30.8
1021800507,37.9
1021370141,67.0
1021720041,122.1
1021740236,86.5
1021370080,169.0
1021740125,107.6
1021080083,129.4
1-01531-0040,54.5
1-01364-0034,105.2
1-01767-0030,90.4
3060620141,85.1
1021160031,79.3
4-09755-7501,65.7
2055420041,27.8
2045040412,63.8
3084700143,76.6
1008930017,67.9
3067950053,71.6
3067950060,68.2
3062190001,59.0
3067700031,69.2
3087710101,61.9
3087450081,53.4
3065120012,63.1
4022240016,65.3
3067600035,65.5
3067950034,69.4
3060080006,84.7
3067040032,77.1
2-05106-0051,81.7
4-04977-7501,85.2
3011790097,73.2
3012130046,57.7
3012350001,52.0
3012150008,65.1
3012670021,72.4
1-00469-7502,36.1
3-06637-0027,91.5
2-03248-0105,58.6
2-03253-0262,56.5
1-00797-0070,51.0
1-01283-0058,59.6
4-09177-7501,47.2
1011440024,13.8
3-06494-7501,34.5
2-02814-0001,96.5
2-04549-0006,27.7
2-04549-0001,66.5
1-00612-7504,191.4
3-05163-0048,77.2
3-05241-0006,70.0
3-04996-0002,87.5
3-05122-0050,83.0
2-04641-0060,69.0
3-06253-7502,46.6
4-15663-0009,69.8
2-03263-0025,10.0
1-00860-0055,74.2
1-00823-0010,45.8
1-00840-0006,106.7
1-01350-0040,58.6
1-01439-0046,55.4
2-02869-0167,73.8
2-02813-0001,23.8
1008160023,91.7
1-00752-0001;1-00749-0001;1-00749-0024;1-00747-0001;1-00751-0001;1-00748-0001,79.6
3017230001,201.8
1-00065-0024,89.3
2-03925-0028,19.9
2-03214-0001,49.5
2-02850-0052,108.9
2-03213-0058,84.9
2-03214-0066,65.3
2-03253-0091,62.5
2-03253-0047,68.7
2-03256-0176,41.9
2-04825-0051,62.8
2-03308-0001,62.7
2-02803-0030,82.2
1-02131-0013,123.6
1-01894-0056,35.4
1-02070-0008,104.3
4-00247-0018,40.8
1-01348-0023,100.3
1-00860-0037,181.9
4-03154-0025,87.7
4-01641-0001,79.2
1-00812-0029,66.2
4-01553-0028,47.3
2-02589-0016,33.4
1-02082-0028,194.0
1-00797-7507,60.0
1-01264-0040,60.8
1-00818-0051,47.1
1-01259-0019,73.7
1-01275-0014,89.5
5015440025,61.7
2057990046,61.3
1009950001,55.3
1-01993-0002,27.8
2-02929-7501,60.6
2-02359-7501,58.8
2-04508-0010,85.0
2025830030,91.1
4-02075-7501,57.2
2-02876-0106,71.7
3-06962-0011,99.2
3-05664-0035,71.5
2-03320-0037,73.7
4-10101-0027,30.0
1-00775-7502,43.8
1-00723-7502,49.8
1009140036,58.8
1004260029,45.3
3020440013,59.3
4032910080,71.8
1014737502,69.9
1010257501,79.3
3011550088,54.3
4129990220,210.1
3012730046,80.4
4101000001,57.9
1007840060,54.1
1021800605,117.1
4000347502,20.2
1-00838-0038,62.2
1-00993-0047,50.7
2059237501,68.6
4-01442-0001,82.3
1013030053,42.6
3000317502,24.4
4-00021-0010,86.7
4-00021-0035,72.9
4-03084-0014,51.6
4049810009,92.0
2-04534-0009,145.7
2032580222,14.1
2024530007,16.6
2024530012,142.3
3074127501,56.9
2032580177,166.6
2032580190,50.3
2028300005,90.2
2028310020,85.6
2033040020,21.4
4000307502,23.1
1015860021,36.9
1012387501,60.7
1018697503,75.1
4032920036,57.6
1018930032,58.1
1014737502,72.6
1005730075,64.1
3001647502,56.4
2024047501,29.5
3050970060,63.7
1-01470-0033,218.2
2-02463-0034,67.6
1005330001;1005410001;1005418001;1005417501;1005410033;1005460010;1005480009;1005460026;1005520026;1005470030;1005350008;1005470008;1005400014;1005460011;1005460001;1005520024;1005470014;1005410018;1005320008;1005380040;1005470001;1005350001;1005350036;1005470005;1005480004;1005460021;1005240066;1005430053;1005470015;1005387501;1005460035;1005460033;1005460031;1005460020;1005470026;1005460005;1005470018;1005470004;1005480021;1005470019;1005470025;1005460030;1005460008,172.2
3-06730-0001,70.1
1003780001,71.8
1-01095-0029,30.5
2032480057,119.7
1-00806-0052,72.8
1-00799-0046,86.2
1-00212-0045,77.3
1-00763-0014,71.1
1-00763-0012,69.8
1-00763-0013,60.2
1-00064-0001,79.1
1-00039-0038,59.6
1-00564-0045,70.5
1-00778-0057,84.2
5-02400-0180,101.6
2-03700-0031,20.8
2-02599-0165,15.9
1-01740-0009,10.5
5-05965-0084,7.3
3-05807-0001,13.3
4002140016,32.7
2048000006,6.5
2-03235-0030,3.7
3-00453-0054,11.8
3-01204-0008,17.9
1008410049,65.3
1008410031,114.6
1-00729-9001,88.7
2-03573-0025,124.8
4031640038,93.3
1-01090-7501,71.9
3-05343-0001,84.6
3-05065-0105,76.9
3-05065-0048,65.1
3-01315-0010,83.1
3-01315-0018,83.8
3-06507-0001,52.4
3-05389-0034,67.7
3-05081-0028,64.4
3-05217-0006,117.0
3-01221-0023,87.1
3-05101-0033,76.2
3-05219-0008,75.7
3-06638-0001,80.0
3-06783-0043,66.5
3-05197-0001,86.9
3-06716-0042,70.3
3-05120-0037,59.3
3-07652-0008,58.2
3-01420-0024,98.3
3-04688-0001,79.6
3-05612-0040,90.4
3-01304-0024,66.8
3-05927-0043,9.9
1-00929-0001,21.8
3-02299-7501,51.8
3-05941-0006,78.5
3-05938-0015,92.9
3-06122-0001,62.1
3-06126-0041,59.0
3-05889-0003,54.5
1-01185-0025,49.3
3-06935-0001,94.4
1012850021,110.6
1013200046,58.6
1013210047,65.0
1013220001,76.4
1-01313-0004,54.5
1-01001-0029,77.9
1-00828-0001,72.5
1011020018,104.4
3-00053-7501,65.6
1-01461-7501,165.2
1-02001-0060,57.4
1-02010-0042,46.6
3-01220-0047,72.0
3-05206-0054,80.3
1021750053,161.0
3075770006,70.7
3075770001,69.9
1-00188-7505,32.3
1-01220-0001,36.1
3-07620-0041,79.4
1010030005,38.2
3007350110,23.8
1005957504,75.4
2030220050,97.7
1007967504,73.5
1019530012,58.8
4014530010,81.7
1010480026,81.4
2025160058,39.0
4027990152,81.4
3042370013,95.8
2039220043,51.6
2033360001,73.8
3065230027,63.4
1019760019,27.1
4010840001,20.3
4016320009,119.3
4042560110,142.3
4042570143,78.2
1007630060,62.0
1019950077,71.4
2026937502,55.5
4031560092,67.1
2036590001,92.7
2032670060,104.7
1019240021,113.8
2042910014,42.3
1004697505,177.6
1018940001,64.4
1018687501,133.6
2042890020,77.1
1021360036,58.9
2043407501,21.1
2057717501,68.2
3071297501,43.2
1012780014,34.4
1-01020-7501,66.4
1-00827-0028,60.3
4-01972-0038,166.7
1-01504-0001,170.0
2-02761-0024,93.8
2-02763-0080,72.8
2-02722-0040,51.7
2-05401-7501,55.4
1-00896-0032,75.6
4-00297-0001,46.7
4-00427-0027,11.0
1-02032-0023,82.0
4-05145-0049,58.9
1001007502,63.5
1-01348-0023,99.8
1008140015,74.4
2-02314-0010,74.2
4-00449-0013,72.0
1004550005;1004550001,269.2
1-01278-0020,61.9
3011560080,26.0
4003730012,30.2
4-00676-0010,35.1
4-11886-0001,64.2
4123930001,88.1
1013300013,64.4
3009400111,106.1
3058910048,101.4
1009670002,43.1
1010730014,98.4
4017250001,105.4
4000210030,52.5
4013770016,69.5
4000060008,69.4
4094350016,60.4
5000140032,48.8
5031680004,81.6
2025270058,101.8
2042930031,65.1
5-01250-0011,35.5
3-01007-0118 & 3-01007-0220,44.6
3-08470-0114,59.8
5-07105-0520,36.1
3-07179-0058,81.3
2028670047,94.2
5004910011,79.4
1011430030,63.5
4015367501,66.6
1011327501,80.8
1-02175-0033,71.2
3-06622-0026,79.9
2-03344-0036,88.5
3-02314-0005,40.9
2-03163-0030,82.3
1-00844-0017,36.9
3-08689-0045,67.3
4-06527-0050,86.8
4-03253-0051,89.4
2-02707-0030,16.6
4-06542-7501,52.0
1017457501,62.3
1-01929-7504,41.5
1-01924-7501,71.2
4-06801-7503,30.5
4-02166-0016,80.1
4-02166-0039,68.9
4-03321-0043,65.0
2-03894-0005,86.4
2-03283-0013,55.4
3-03413-0041,66.2
3-03622-0056,91.6
1015710038,204.9
1-00839-0029,48.6
2-04720-0001,85.0
1021730015,67.5
1020790061,64.6
1020930029,123.6
1-00231-0035,79.2
1-00767-0015,63.2
1-01674-0010,66.7
1-01912-0043,58.0
1-01671-0039,55.4
2-02435-0035,61.0
4-12235-0002,42.0
1-01158-0033,109.6
1006467503,234.4
1012950017,52.6
1007130001,109.0
1010070049,72.9
3005830001,36.6
1018337504,53.9
1-01890-0028,46.5
1-01342-7501,82.1
4-02211-0001,59.3
1-00620-0019,68.6
1-01871-7502,40.5
1005060027,60.8
1005620001,73.7
1007630008;1007639008,93.0
1008710039,74.5
1009300001,225.8
1011430001,40.2
1011657501,27.9
1011840019,36.7
1013360010,71.5
1013460014,77.3
1014117502,66.7
1014390001,49.6
1015120052,67.6
1015230014,71.5
1015247501,58.5
1015320015,86.0
1016020013,66.7
1018320010,50.1
1018360036,58.0
1018710020,52.4
1018947501,60.1
2057160500,84.9
1004310031,64.8
1008620024,53.8
1013410044,32.0
1014330031,13.8
1014730018,71.1
2057450305,69.0
2059530545,57.2
3000317503,48.3
4031670028,68.9
1011520058,75.0
1-00016-7521,45.9
1-01600-0021,84.9
1-01952-0043,61.6
1-02033-0038,91.0
1-02038-0005,93.3
2-02292-0037,66.2
2-02364-0045,78.7
2-02368-7501,37.4
2-02369-7502,58.7
2-02378-0001,87.8
2-02378-7501,53.2
4155740020,77.6
2024830053,84.8
1007410067,81.4
1012317502,52.7
2024530045,80.4
2025310013,64.4
2026150065,76.1
2027980024,96.8
2031960038,45.1
4-01420-0001,92.9
4022110001,59.3
4021730001,33.7
4051930001,100.1
1015810049,130.2
1014670021,186.1
1014670018,14.2
1014680021,26.7
1014880001,373.0
1014880013,0.0
1014880045,0.0
1007610043,75.9
1015100020,65.6
1011130001,102.5
1013380040,79.1
1015710022,94.6
1014530027,110.9
1014490003,92.5
2059090825,111.7
1009190014,119.9
1013490014,122.1
1015730022,116.1
1013480049,118.5
1015680021,132.2
1011170001,71.8
1000160221,62.1
1000880014,104.5
1016747501,77.5
1000420022,95.2
1007620060,44.3
1021760070,84.5
1015560023,32.3
1005050036,142.1
1018717502,40.5
1002127501,59.0
1004980007,57.6
1005620001,67.8
1005760049,64.8
1007697503,67.2
1007900001,68.3
1007987502,81.4
1008800042,53.8
1010360014,63.4
1010670008,68.0
1011210029,84.1
1011430001,61.8
1011500056,42.4
1011650004,52.1
1011657501,35.0
1011670061,55.1
1011840019,41.6
1011850001,68.4
1012010029,53.8
1012070034,58.8
1012090037,42.9
1012297502,60.5
1012310001,45.2
1012370001,58.5
1012450019,55.8
1012450047,48.5
1012480001,62.0
1012500001,52.7
1012510001,47.6
1012510037,42.0
1012510062,50.4
1012517501,74.3
1012520020,66.5
1013460014,71.8
1013610007,62.2
1014117502,66.0
1014380001,90.4
1014970044,61.3
1014970046,63.1
1014980014,54.5
1014990051,65.4
1014990065,71.4
1015070064,63.0
1015120062,69.5
1015210051,88.6
1015820005,53.5
1015900008,52.0
1016020009,54.2
1018740058,59.4
1018900024,58.1
1018900040,62.0
1018920006,31.2
1018947501,60.2
4021400021,71.3
4114257502,8.5
4114310036,54.2
4114317502,51.2
4114460050,12514460.0
4114460012,14931000.0
4114460001,12866090.0
4114510009,79.8
1005320020,41.0
1005610045,87.3
1006110065,66.3
1008160031,97.5
1008710044,63.4
1008730019,83.2
1009170017,40.8
1009397501,58.6
1010300039,50.6
1010717502,46.1
1011860051,51.0
1012700017,43.8
1014450007,64.7
1014890037,21.8
1014890008,173.1
1015167501,66.7
1015650029,91.6
1018837501,72.8
2037880021,69.4
2037940013,122.4
2041620002,72.1
3001780054,60.1
3053290072,62.9
3074221042,64.7
4033580040,73.4
4058437503,55.9
1005510001,57.4
1018870065,41.8
1007937508,52.2
1012477501,62.8
1000167521,45.9
4000160008,68.9
1011157501,20.0
4012040001,11.6
4012190032,12.7
4022810001,11.7
4022860011,12.5
4022900001,15.7
1-00735-0017,98.2
1-01410-0064,69.9
2-04641-0016,75.6
4-07629-0002,126.7
4-00128-0007,59.5
4-07628-0002,54.5
4-07632-0002,54.0
1-00016-0225,99.3
3-04647-0034,76.6
4-02121-0021,64.0
4-02121-0051,62.7
4-02146-0028,48.9
4-01918-0052,103.2
4-01918-0110,24.6
4-01918-0107,17.3
4-01918-0062,15.4
4-01918-0067,19.7
4-01918-0095,17.0
4-01918-0085,37.8
4-01918-0072,77.6
4-01918-0080,37.3
4-01918-0108,112.1
4-02122-0028,63.5
4-01918-0070,78.6
4-01918-0060,115.1
4-01918-0097,106.7
4-02145-0028,59.6
4-01918-0090,40.9
4-01918-0065,122.9
3-05927-0031,107.0
1-00552-0062,65.5
1-01928-7506,35.8
1-01412-7501,59.2
1-01395-7501,45.9
3-01098-7510,66.2
1-01406-0041,36.7
1-01281-0056,71.9
1007580082,63.0
1-01296-0014,74.7
1-01129-0055,54.4
1-01288-0021,65.6
2042870001,55.3
3074040020,87.0
3088150042,72.0
3069280050,67.4
3074220917,83.5
3074640022,79.5
3073570001,85.3
3067570031,103.8
3050060006,100.8
1021750045,84.6
2027650140,122.1
2025100074,146.2
3066940050,71.8
3066940055,70.0
3049660009,88.2
3051210001,68.7
3012880045,77.1
3049180025,76.7
3013320030,90.3
3050840001,80.4
3012280007,64.1
2032370140,100.5
2032370133,62.1
2032990041,67.4
2032990021,12.5
2033260155,98.8
1012800090,62.4
1012690001,97.7
2-03044-0017,80.6
2-02762-0001,266.1
2-04827-0029,59.2
2-02765-0079,86.2
2-02733-0004,81.0
2-02746-0030,107.5
2-03051-0001,50.2
2-02946-0001,46.2
2-02603-0035,82.1
2-02573-0071,89.8
3056230038,65.9
3056570035,43.4
3054687503,69.6
2028140086,74.1
3052330001,78.7
3067960036,75.6
3066810307,71.8
4049810060,67.7
3053750063,63.0
3065080022,73.2
3056840044,76.3
3052340037,59.4
2-04340-0018,62.3
2043400025,66.7
3054400015,81.8
3051220001,67.0
3068260048,62.5
3075760001,60.2
3-02472-0400,35.8
2-05771-0041,53.0
2-04722-0012,87.3
2-04721-0017,79.6
2-04713-0001,76.8
2-04712-0001,87.8
1000490002,56.9
1000500001,61.1
1018337505,91.5
1018337506,101.5
1018337507,78.5
1018527502,112.9
1018527501,86.9
1000310001,66.2
1009660001,65.5
1007960048,63.2
1000330011,77.3
1011407502,54.0
1012470037,45.5
1013340041,63.9
1008197503,61.1
1-00020-0001,55.7
1-01272-0001,69.8
4038860837,91.4
5003270035,104.4
1-00801-7502,25.7
1-01576-7501,54.4
4-06548-7501,87.9
1-01577-0001,134.6
3-07214-0001,60.6
3001740001,50.7
3071850020,60.1
3-07179-0042,72.6
3-07458-0062,57.0
3-07200-0008,81.6
3-07458-0001,66.0
2-02746-0044,14.6
1012027501,55.5
1014010027,68.4
3023407501,64.2
1011640063,63.8
1013427501,82.1
1010767501,47.0
1007987506,47.1
1015150008,65.7
3075930006,81.2
3060690004,40.2
2-02382-7501,69.1
2-02386-0144,85.7
2-02607-0038,93.2
2-02696-0095,82.4
2-02697-0001,76.2
2-03061-0068,73.8
2-03156-7501,22.3
3-00304-7501;3-00304-7502,50.4
3-01463-7501,60.9
3-02033-0002,37.3
3-02033-7501,53.1
2032497501,87.1
2032010003,88.6
1005970050,30.6
3003997502,126.8
5-03585-7501,13.7
4096650001,6.6
1011860025,19.0
1002330030,41.6
3010467501,25.8
3-03007-0003,54.1
4096480011,29.6
3030400044,12.5
4003020006,93.8
2028050012,89.6
2032250048,85.3
4014570018,29.7
1012700049,101.5
1012700026,116.9
1012700049; 1012700026,103.7
1008410001,36.9
1008417503,104.0
3057180016,47.2
1003980035,76.2
1000260014,66.1
1000550014,55.3
1012350023,156.2
1-00598-0042,15.0
1008510035,38.1
2030220010,83.3
2040510026,19.1
1-01394-0023,61.1
1-01096-7501,106.4
4-12495-0002; 4-12529-0035,161.4
1-00027-7501,272.1
2033210065,39.5
4021730001,2.9
4-02173-0001,18.3
1011717502,115.9
3002800015,1970423.0
1-00760-0051,103.2
1008407504,52.6
1012677501,43.6
1013110058,46.0
1-00710-0001,31.4
1010277501,50.3
1000880014,96.6
1-01510-7503,32.0
3067320045,63.1
1-00859-0075,86.3
1007907502,130.5
1012620021,51.9
2057970213,64.9
2058000001,55.6
2042380027,76.9
4043430010,185.2
1015100023,12.3
1015100024,12.5
1015100023;1015100024;1015100025,83.7
1015100025,142.5
2038130037,64.0
2038190001,91.4
3042140001,76.4
3060997501,86.0
4024747501,53.2
3066537501,55.7
1022380001,59.4
3066527501,35.7
3076740021,86.2
3067827506,29.8
3067827502,70.5
3068260062,67.9
3072997503,19.9
3088057501,42.7
3058597501,56.6
3064147501,62.4
5033070005,160.9
1012630058,107.9
3081280001,112.4
1005860045,174.1
1007807501,154.5
4012620034,69.4
1002090028,34.2
3002480015,31.5
1005297509,70.2
1007387502,53.0
1008630006,51.4
1008680010,64.0
1008370058,61.1
1008600049,35.1
1008390019,21.3
1008210014,92.0
1008490031,32.5
1008020056,41.3
1008610022,46.7
1008020008,53.0
1008000068,44.5
1006090007,38.0
1007760059,60.6
1007790013,57.0
1008330038,37.1
1008860001,46.4
1008490016,52.2
1008330006,50.6
2027390015,69.5
4041380050,52.9
3000867501,40.0
3067590026,83.9
1005050014,144.8
1014417501,70.3
1005970001,43.1
2032970011,79.4
4161200006,44.2
1013340022,107.9
3067470073,98.5
3079180145,179.7
3079490039,40.5
3079320338,41.7
1012130042,100.0
4107890276,96.6
3043380001,100.2
3011850001,81.2
1018690044,81.5
1007870084,2.0
1008340069,52.0
1000530033,42.8
1010410019,29.8
1007860042,51.8
1008330075,79.7
1008300067,86.3
4150040001,56.4
1007590014,81.9
1008370023,64.2
2032590006,99.7
1010747502,121.9
1005280012,171.9
3029270010,296.3
3029270001,65.9
4129990220,220.7
2030580041,63.7
1005900022,78.7
1008500064,93.7
1004950022,56.9
1001400005,50.8
1009080009,82.1
1009040043,77.0
1009100046,58.9
1008750003,105.0
1008830047,79.5
1010530018,68.4
3050850045,110.4
3048530043,89.0
1021750113,69.4
4012830048,55.4
4012920056,78.8
4050480029,92.6
4001600029,80.5
4001950044,79.6
4001980019,77.3
4001980011,29.5
1015460035,58.0
2028570077,90.9
2032950049,109.6
2032500113,72.7
2033520012,58.3
2033280050,73.6
3086690018,34.0
1002290013,41.3
1001797508,56.2
3067640012,81.7
3076020006,100.3
3067650039,73.3
1008240032,31.6
1000880010,69.8
1004960040,31.1
1012110052,55.0
1018750058,69.0
1018880015,76.4
3013610043,93.7
1012010023,77.3
1018760060,84.6
2024660044,76.4
2024600001,19.8
2025230043,121.5
2024220004,18.4
2024720034,6.6
2025220043,17.0
3030437508,30.4
3019970028,63.0
3011490072,63.4
3027410047,39.6
3022997502,68.2
3022910017,28.4
4096250013,101.9
1013450041,25.1
1007080031,56.1
1014740040,195.1
1007890036,52.9
1013750016,67.2
1005080025,93.6
1008780004,74.5
2027850040,52.5
2024230020,74.7
2025250007,18.6
2024790029,74.7
3023140001,63.8
2059200500,87.2
1017170023,24.2
4012600016,67.1
3032760001,40.1
3032750047,77.7
3032970001,31.6
3032850049,81.7
3032960046,69.8
3034100033,55.1
3034030001,71.6
3034100001,77.5
3034090032,25.0
3034150039,38.9
3019720010,20.5
1004297501,28.1
3020627501,21.2
2025040030,72.9
1001347503,63.3
1015060018,89.0
1010107501,68.6
1008900054,87.1
1006377501,44.0
1006370077,52.2
1015160042,50.8
1007700059,51.1
1018770042,53.7
1011840007,67.2
1006380001,46.1
1020540062,63.8
1007177501,66.4
1016450070,73.3
1017670005,150.1
1010410047,79.0
3017820055,128.5
3014520005,107.9
1021100015,114.0
1021100011,66.4
2029170017,164.3
2029240042,99.1
2027070011,60.1
2024070023,76.8
2029250050,90.7
1018700045,101.9
2029190043,60.7
2027580029,88.9
1021670063,18.3
1021390350,57.8
3013490033,63.1
1018770018,61.6
1018290033,30.0
2057370061,87.1
4019917501,63.0
4016037501,38.0
4003737501,24.5
1001740037,52.4
3002080101,67.3
3019420012,83.3
4004110025,51.9
1018830022,84.3
1020800011,89.3
1017217501,70.8
1009050035,48.2
1020337502,53.6
1012440090,49.3
1006090033,62.1
3049947501,32.0
2033110001,120.0
4006280027,37.9
4008480069,143.3
4005880030,72.1
4006140010,78.0
4003410021,14.9
4012800001,70.3
1021800078,124.1
4098360001,56.6
3073250075,28.7
3019500001,1.1
2023890045,109.3
4015090052,79.3
3019137514,137.5
2028050010,20.5
2043400001,82.0
1006970056,70.8
3031560001,62.2
2022920013,102.3
2026760003,71.4
2029240020,50.9
2031140067,92.9
1020380001,81.2
1020310014,82.1
1020310038,23.1
3051650059,37.3
4033930179,25.2
1006290055,47.9
3-03249-0035,51.7
3018640014,34.3
3001210003,74.5
3020940010,65.1
3025050005,28.3
1-0217-40008,46.3
1008307503,71.7
3004050027,0.0
1010940036,78.0
2031640005,106.5
4002830001,38.0
4035500018,17.3
1008040020,76.1
3030290109,38.7
2025390132,84.1
4012740035,34.4
4006210047,95.0
1006960020,82.1
2022830033,64.1
2023770020,58.3
1016217502,58.8
2025060100,53.5
1018220038,68.0
4006157501,11.5
1010777502,41.4
5-01380-0001,58.2
3019140036,17.0
3081850001,71.8
3081850001,39.2
3081850001,84.9
3081850001,81.2
3-01109-0001,87.3
3-02119-0001,82.2
4-00568-0012,73.6
3-05666-0001,91.6
3-05437-0050,82.8
3-01246-0001,125.1
3-03061-0018,118.8
3-01246-0030,94.1
3-05591-0033,79.3
4-00884-0012,73.4
4-01055-0038,64.3
3-00236-7502,106.2
3-05871-0061,86.8
3-03303-0001,63.1
3-06750-0050,74.0
3-01130-0075,58.8
3-03164-0026,94.1
3-01911-0001,88.6
3-01175-0093,83.3
3-05666-0012,80.0
3-01591-0040,9.6
3-00255-0008,81.3
3061080017,78.7
2037130032,68.5
1021490265,91.8
2031960018,1053.1
3026130028,39.8
1010630008,83.1
2-03156-0001,30.3
5-02460-0098;5-02460-0001,93.1
4-08256-0002,257.2
3-01415-0057,70.0
4-15840-0006,157.9
1004177501,149.5
3066787504,61.4
1-01532-0031,64.9
3-05680-7502,25.1
4-02325-0040,86.6
4-00212-7501,33.0
4-05050-7503,52.0
4-03099-7501,31.6
4-00415-7504,53.5
4-03098-7505,60.4
4-06799-7503,53.8
4-04961-7503,47.0
4-06793-7501,34.7
4-05944-7501,14.7
4-06119-7501,14.6
4-00424-7502,65.9
4-03104-7502,7.3
4-04970-0025,330.2
1-01310-0063,49.9
1-00817-7502,49.4
4-00098-0022,23.1
4-00098-0030,12.9
3-03837-0026,60.8
3-04246-0038,27.2
2057550041,198.0
2028727501,2.7
1-00707-7501,168.8
1-01494-0023;1-01494-0050,59.3
3020600001,28.9
1-01033-0001,110.6
3054170007,83.1
1-01305-0033,109.8
3-03687-0012,81.5
3-05649-0032,53.5
3-05649-0038,78.8
1014310021,109.4
1-01604-0001,61.0
3036870012,54.8
3002800015,226200.0
3002800015,280200.0
4-05066-0712,28.7
4-02248-0099,126.1
1007630047,133.6
1000890003,94.6
4096207501,63.9
1002820023,35.0
4017067501,71.5
1004127501,89.3
1013187502,44.7
3018730001,3.8
2052820026,9.6
4002950001,6.4
4093300014,0.8
3054640036,4.8
3006300019,9.8
3034760060,8.3
3037530008,9.6
2036470030,11.6
1010980048,2.2
3036170018,15.4
3-01787-7501,38.2
2-03236-0170,4.1
2-03226-0053,88.9
1-00545-7503,64.8
4-02099-7502,40.7
1010150029,109.4
4-00472-0679,55.9
1-01543-0009,59.7
1021580054,147.0
1020870041,118.3
1020880106,102.1
2026090046,149.5
2032860051,104.3
3002420008,127.7
3002420006,23.4
3002750001,76.1
4050460037,86.6
2033020042,115.4
2037390051,117.8
2057800940,43.0
4005417501,52.9
2057160264,102.3
3030930001,14.4
3030930010,53.9
1011840091,65.5
1008110056,37.5
2058552239,59.9
1004770001,67.3
5023607501,50.4
2045500012,112.1
1005127502,36.0
1008507502,72.3
1012530010,139.6
2045730005,127.7
2043190030,82.2
5022500250,107.8
5022500002,132.7
2023270054,43.3
1019310027,89.6
1019310036,51.7
2031530009,73.7
3025227501,60.1
4124580421,22.2
2036530050,224.4
2029380049,63.0
2030020016,113.3
2030020020,15.3
2057700069,75.0
3064090001,79.4
1015830009,40.2
1019930096,71.1
2043287501,91.6
2057810992; 2057810995,92.7
4050120021,107.2
4098580014,130.4
4012900013,78.9
3049470051,11.0
3002420008;3002420006,75.6
3013327504,30.7
1003900011,53.7
1011830042,55.5
3061250001,83.4
3010037505,40.0
3004017501,35.7
2031670055,150.5
3018689028,86.4
3019677504,60.8
2027510012,99.0
3018947501,129.5
2026880048,137.1
2027080046,111.0
3003207501,96.2
2027200069,121.8
3060997502,19.7
3019610014,65.0
2026900114,102.1
4098307501,56.6
3018280017,90.3
3016250034,62.1
2057260673,73.7
4004240029,114.7
2057237501,58.3
1-00820-7501,86.4
2-05141-0020,21.4
1-01302-7501,121.7
3-05809-7501,25.6
1017540020,118.4
2032530023,85.4
3022390001,246.7
4103520089,83.5
4103520079,3.6
3057120001,72.4
3017167501,15.8
4097580041,86.4
4130190010,87.0
1001770024,76.6
4035670007,103.0
3009430009 ; 3009437505,5.8
3023127501,24.5
4005137501,19.1
3060550021,41.3
2057790820,54.8
2022947502,27.0
2-02351-0012,14.7
2-02801-0031,116.6
3018867507,97.5
1018610040,11.6
1002500001,23.0
1004430005,8.0
1005790030,23.6
1005800022,28.8
1006887501,6.0
1006920041,7.1
1006940047,32.7
1007010001,18.8
1010720010,28.5
1010920007,34.1
1014560035,31.2
1017040001,18.5
1020010120,45.1
1022310001,37.0
1022460028,18.8
3022600014,16.8
3007000038,10.3
4103520066,26.5
2025090010,32.2
2045140030,27.1
5000620027,26.1
1-01010-0055,103.2
4-09644-0006,44.5
1-00609-0023,110.0
3012660026,51.3
3062250036,97.2
3076200025 ; 3076200057,176.8
3050580001,74.1
2031520032,130.2
1008620013,82.9
3011457505 ; 3011450021,50.2
4155630046,67.6
4097930069,83.1
1014370029,69.4
1018400010,41.7
1005290005,58.6
1008610027,53.7
1015780017,14.4
1007170017,15.4
3067490078,6.4
3009080162,80.0
3010467501,37.6
2030360004,32.6
4002710010,62.9
2023520015,155.2
4014350001,97.7
4068570053,79.7
4086680108,14.9
2030667501,34.6
4007050001,56.9
4063087501,56.8
3011410069,35.1
4031737502,30.8
3022307507,42.1
3-00250-7501,55.7
403770013,35.3
1008940071,29.7
1001720020,68.8
1004570009,17.3
1011990029,61.3
1008400042,31.4
2-03962-7501,19.1
2-03962-0020;2-03944-0003,20.3
3045990033,76.8
3019760007,43.8
3064900001;3064900005,82.0
1004970006,40.8
3023537502,37.7
3023710034,52.0
1012530064,70.3
3038750050,38.6
3054910037,91.3
4004590023,7.6
3018867504,49.1
3056577503,45.1
3021820045,73.2
3021477501,58.6
3021477506,65.6
2033050051,16.2
3054577501,23.5
3018867508,55.8
3022377519,78.2
3022417528,68.3
3022417531,69.4
3017477504,62.7
2027510036,121.4
3022457504,26.9
3022247506,89.2
3017477505,60.2
3022647504,50.8
3018967502,48.2
3017477508,73.6
3017470054,45.1
3017500024,40.0
3021350103,64.8
3021350104,67.7
3021350107,137.8
3019147505,102.2
3023150021,57.8
3021880013,91.6
3021880016,102.1
3013950063,65.2
3029290001,0.0
3029290057,7.5
3029290046,95.2
2027170048,48.7
2026830100,49.4
2026830041,57.0
1001960022,103.5
1001960021,67.3
1001550003,50.4
3054280016,44.9
4000850030,44.6
3042290016,116.8
2026910097,110.7
4033200027,35.6
1015610034,77.3
1005440065,79.7
1014550005,6.4
2022830001,100.2
3005750003,108.8
2039200001,93.0
4093050041,81.8
3007120028,18.1
4051850078,71.6
4096770007,54.8
3031207501,37.8
3031180019,91.3
3036980023,30.0
3050740004,52.9
3018997509,35.3
3022307504,54.7
3018967503,59.4
3022247505,56.3
3022697501,33.9
3021357503,45.9
3021357504,52.3
3017567501,39.0
3022697502,48.9
3022647519,239.0
3021357506,50.7
3022357513,46.3
3017477509,20.2
3017347508,51.6
3017477507,45.0
3023720001,84.3
3022727503,58.6
3022357509,55.0
3017347517,32.5
3019007515,125.4
3022427504,94.9
3022407516,60.3
4001587501,41.6
3-01436-0032,45.5
5-01053-0138,63.2
2-03751-0001,67.4
1-00346-7504;1-00346-0037,77.7
4-00006-7503,55.0
4-00006-7503,32.8
3002797501,29.0
4-15619-0028,44.9
2-02421-0027,67.5
1-01056-0005,86.6
2-02934-0050,26.8
4-00915-0033,87.5
2-02934-0019,80.1
1-01876-0030,60.5
2-03079-0009,93.9
4040670015,177.5
4-01458-0035,6.3
4-15771-0011,119.9
4-05146-0036,83.2
4-15753-0072,89.0
4-09693-0019,81.1
4-01511-0001,44.9
4-09692-0072,104.8
4-01510-0020,82.7
4-01552-0001,94.8
4-01553-0001,69.1
4-01476-0001,97.2
4-01290-0001,88.6
4-03321-0061,75.1
4-09693-0042,83.5
4-15771-0064,90.5
4-09753-0015,74.6
4-02974-0060,75.1
4-01907-0001,73.9
4-01945-0001,91.5
4-02974-0085,64.0
4-09823-0009,120.8
4-01908-0001,82.7
4-01298-0079,92.9
3021410001,24.7
1-00141-7504,188.0
1004947504,194.6
1005757502,18.8
1004747508,160.8
4-11464-0001,57.4
3011880040,81.3
3050800007,108.4
3050850083,66.3
1021360111,13.5
3050630023,102.9
3050630017,88.8
1021750092,78.8
1021290030,109.3
1020880080,0.0
1020010058,18.6
1021220021,74.5
1020530024,91.7
1021160011,64.5
1021340100,84.5
1021340110,79.9
1020530020,89.5
3053990001,95.0
3020750001,83.0
3067170051,77.3
3067260001,59.9
3007500048,94.9
5000150001,117.1
3051200008,79.1
3012000052,87.4
3075500019,77.0
3075500068,79.3
1020700043,111.6
1010390057,75.7
3050990021,72.8
3050990139,74.6
3050810058,127.4
3051000068,98.7
3067120056,79.3
3048687501,45.9
1020880051,71.9
3011717503,52.1
3050640087,46.6
1008480023,75.2
1008320034,62.3
4033340292,88.6
1018870040,10.0
3063340001,96.7
3087237502,40.8
4099377501,63.3
3072997502,15.0
3-04452-0450,123.8
4-04143-0030,138.5
3-02817-0001,64.7
1-00618-0033,82.3
3-00957-7502,59.0
4032340183,5.1
4032340173,73.8
4032340185,136.9
4032340185,50.1
4032340185,32.5
4032340185,371.2
4032340185,342.9
1-00238-0003,383.0
4-01351-7501,29.1
4-01699-7501,19.0
4-01281-0025,66.6
4-01281-0033,72.1
1-01903-7501,43.0
1-01908-0001,99.8
2-02315-7501,36.9
1-01736-7502,27.8
1014930001,69.0
3069330055,13.9
1007620033,48.5
1-00893-0025,64.3
1012747503,101.1
3011290050,28.7
3023130013,45.7
1-01167-0001,61.9
1-01262-7501,125.7
1-01220-7502,63.0
4-01458-0012,70.2
1018250063,214.8
2033210038,54.9
1018250045,152.3
1021150021,71.0
1004070047,87.8
2025990146,2.8
1013990033,98.9
1002197504,49.3
1-00443-0056,90.1
1-01204-0001,81.6
4-10030-0001,27.4
2-02606-0140,74.1
1007590055,108.9
3053020021,2.0
5011510027,5.2
4-11434-0025,59.3
1-01888-0059,62.2
1-01473-7501,68.0
1-01322-7501,70.3
3002380001,52.9
2025560045,41.9
1002180002,40.9
1008487503,151.1
1009180035,82.5
1005480024,33.8
1018477508,38.1
1013437504,58.5
4026620018,58.5
2033080045,84.9
1007190029,98.0
2022910101,88.6
3065080006,83.1
3058610043,83.0
3007460039,79.2
1005590055,75.5
3037660001,13.7
3037660024,12.7
3037837501,63.4
3037820140,71.2
3037820130,108.0
3037997501,47.3
2029527501,31.2
2025070015,46.8
2029750001,33.2
1014970005,75.6
1008180059,44.0
1016030014,92.3
1011997502,61.7
1008580032,94.0
1005750072,72.2
1008750025,82.4
1012250023,13.0
1018767501,64.2
1011960035,94.2
1007660023,18.0
1011660058,75.8
1012060032,15.0
1018930006,15.0
1007620014,51.1
1011820012,70.3
1019760013,65.0
1005220004,63.0
1015070021,44.6
4030870002,86.0
2029340015,21.5
1000670001,87.2
3001077501,25.4
1001247502,32.9
1018950038,78.3
1018877501,89.5
1005760022,71.5
3063160043,102.3
3061110040,65.7
1002357501,49.1
1008910023,73.4
1015457502,47.4
1012060023,82.7
3011700001,71.3
4012660001,70.7
1009180001,75.6
1012370005,65.2
3054170058,83.0
5005797501,77.5
4162300039,14.8
4023490029,17.4
4000767509,53.9
4014437501,84.9
3011317501,34.6
3019727504,33.4
2038410001,17.0
1-00202-0023,108.9
4020930245,914500.0
3031377501,2718400.0
1008060076,116.7
3012050022,72.1
3011877501,26.2
1004730010,69.7
3042340012,103.7
3036750025,24.7
2027840010,93.3
2025040105,86.9
3041560006,100.1
2026037501,73.6
3031480017,44.2
2025270061,81.7
3024310031,81.8
2025140050,74.4
3019140046,54.6
2037160036,100.0
3065040001,201.1
3007630034,31.4
3017547505,39.5
3001520006,41.1
3020190080,25.6
3005020025,108.7
2032530051,114.6
2031710001,123.9
2025060033,81.4
2031290001,54.1
1020350001,87.1
2025060121,83.3
3050660039,97.2
2031290004,99.6
2031340009,108.2
2028790192,558.3
2032870043,16.1
2028790170,653.1
2025290063,17.7
2028220019,76.0
2032530054,16.8
2029470040,84.4
3039640008,0.2
3030050001,9.4
3038350001,108.5
3017370001,52.1
3050640040,101.7
3050660031,82.9
2027610193,30.0
2027360208,14.1
3016620012,109.3
1021220105,85.8
1021220130,85.2
3014230024,74.7
3065960050,10.6
3037370001,84.7
2036420001 ; 2036420030,86.9
2031420001,79.4
3037690001,111.5
2036420030,154.1
2036420001,19.6
3037690001,89.0
3037690001,70.7
3037690001,86.2
3037370001,117.9
3037370001,0.0
2026690080,15.2
1020310003,101.9
1008310068,48.4
2036000025,100.7
1011047501,53.3
3018127505,32.0
3027607502,52.2
5012080017,26.2
1020830008,98.1
2028430074,21.3
2031430150,45.6
2037380027,64.3
3011490065,66.1
3012060005,63.9
3043750001,22.6
3070510033,35.4
3070520034,74.4
3070500001,91.8
3070110011,135.0
1001247503 ; 1001240008,24.0
3000557502,56.0
3000557501,61.5
3003957503,29.1
1005077503,22.6
2026680057,63.2
3019797503,23.9
1-01682-0011,185.5
3032730208,122.5
3053300024,63.8
2-02350-0001,8.0
"1012880001, 1012880003",100.2
3049060065,93.2
3010510033,34.3
3-00407-0026,49.6
3009970047,35.4
3-00958-0007,85.7
3-00958-0017,64.4
3-07023-0021,72.0
1-01526-7501,85.8
3067390006,55.9
1012997501,56.4
3-03400-0068,35.4
3-03407-0026,39.7
1-00402-7503,46.4
2-02319-0109,17.1
4-00081-0005,15.5
1-01113-0018,22.2
2039970046,16.7
1005847501,71.6
3012800029,0.0
3021427501,28.4
3023150014,33.7
4018330215,56.8
4018330215,1.9
4018330215,46.3
4013527501,31.1
1015630020,78.3
1018450014,62.6
3056087501,134.7
4050507504,73.1
4050037502,40.3
1014537502,113.0
1006300012,57.8
3065637501,30.7
1008830014,70.7
1008620026,51.3
1008610047,46.6
1007850073,31.7
1008280009,53.2
1008590024,40.3
1009980024,93.5
3023680001,11.3
2025990128 ; 2025990123,6.4
3079160001,42.0
4017027501,46.2
4034927501,31.1
3002297501,61.1
3002197501,79.6
3060500007,41.1
4097690054 ; 4097690061 ; 4097690048 ; 4097700024 ; 4097700030 ; 4097700035,29.6
4032587503,25.2
2023650035,1.8
4001150187,31.5
1017857503,66.4
3-04409-0001,32.5
3006640037,40.3
1003437502,71.7
4010680001,45.9
4004730559,51.9
3006120099,34.3
1021370070,72.4
1020020002,99.8
1020697501,77.2
4004400001,25.0
4-00086-7501,44.0
2037110040,3.5
1020720030,50.0
9011250025,4.0
4004477501,59.5
1007050039,51.8
3-05442-0069,95.0
4000817502,33.8
1-01431-0041,86.0
1009340020,50.6
1006340047,60.2
1015600031,59.6
1008160074,1.3
1014970041,17.0
1015697502,81.0
1013970033,60.3
1011717509,44.5
1013990033,102.3
1008257502,71.3
3000457502,29.4
4108120091,5.3
4007680025,8.0
3054640024,6.0
3004070052,9.6
5079870001,5.0
4093300018,22.6
3012000027,11.4
4038040164,8.6
4091310045,22.6
1020140021,16.3
3005720001,20.1
3030840001,4.4
1002320012,30.6
1-01119-0008,8.4
3-00631-7502,59.3
3017690072,22.4
3-00942-7501,33.3
1012790028,255.9
4-00069-0004,30.9
4-00071-0001,25.0
2-05836-3127,51.2
2-05836-3101,90.5
2-05937-0380;2-05937-0360,58.7
1-00473-7503,39.8
3-03953-0045,9.8
3-01306-0041,8.0
3-03675-0014,7.3
3-03019-0008,11.5
3-04620-0050,7.3
3-07725-0013,7.3
4-09419-0033,11.0
2-05033-0034,8.9
2-02855-0016,8.2
2-03906-0061,29.7
4-03561-0015,12.5
2-05033-0001,10.1
4-09329-0010,12.3
2-03963-0060,156.0
1-00315-0001; 1003150070,61.6
1008320049,98.5
3064890001,0.5
3064690001,0.7
3064670012,55.6
3064690001,62.1
3064690001,0.5
3064890001,0.4
3072340150,2.4
3072740035,51.3
3064670012,0.5
3064670012,0.4
5005930590,0.4
5005930590,23.8
5005930590,0.0
5005930590,0.1
3072350001,1.1
3072340100,59.5
3072340001,28.6
3072350001,27.0
3072340001,29.8
3072350001,31.2
5005930590,0.5
5005950015,90.0
4022360043,32.3
4032910016,71.7
3045157501,3860000.0
3045167501,1708500.0
3045167501,4056100.0
5012720011,5762000.0
5012720011,6500400.0
5012720011,6528700.0
5012720011,6519600.0
5012720011,75.3
3042719001,10924100.0
3042719001,10127000.0
4012190032,98.9
1014090021,57.6
4012190032,2186500.0
4012190032,2733000.0
4012190032,2495000.0
4012190032,2137700.0
4012190032,2444300.0
4022900001,106.3
4022900001,3771500.0
4022900001,4111500.0
4022900001,5161200.0
4022900001,3760600.0
4022900001,4020900.0
1013740069,61.8
1014247501,70.4
1013657501,87.7
4022860011,97.1
1018880036,73.9
4022860011,2356100.0
4022860011,2159200.0
4022860011,2485400.0
4022860011,2225400.0
4022860011,2338900.0
4012040001,87.5
4012040001,3406800.0
4012040001,2452300.0
4012040001,3344600.0
1008460071,75.6
1014980010,35.9
4022380001,71.5
1016177501,95.1
4098360022,89.3
4022810001,78.8
4022810001,2097000.0
4022810001,1940800.0
4022810001,2366100.0
4022810001,2614000.0
4022810001,2255000.0
4022810001,1734800.0
4022810001,2159700.0
4022810001,2220700.0
4022810001,2534300.0
1009050006,51.9
1013417501,79.5
1012290061,52.4
1011840028,72.2
1018690001,71.7
1014080071,72.2
1021770234,32.4
2059037501,102.9
3018770027;3018770030,35.4
1011140061,35.0
4157520001,44.3
1-00794-7504,39.6
1015717501,102.5
1010090044,93.3
1009970010,106.9
1010037501,82.4
1001367505,89.5
1012910038,119.3
1009947502,76.3
1-01270-7501,73.1
5028710001,68.6
5028710001,3.4
3036060010,67.6
4096790200,53.8
1000430001,47.8
3024077503,158.0
2030020016;2030020020,65.1
2042260007,65.8
4045740041,62.0
4045740061,65.4
4045740071,98.4
1021800192,89.1
3065630036,50.8
2023700052,35.1
4050437501,127.8
1008320039,84.7
2028800009,76.5
2027037501,63.6
1-00016-0180,84.9
3065980042,72.2
3051720023,101.4
3050450078,15.8
3050420089,70.5
4101020010,78.0
3050870017,75.6
3012760023,90.5
3030527501,37.9
3019420012,7.6
3000550020,0.5
3000420024,31.3
3075840006,65.7
3067380040,84.8
3067000009,9.0
3051540024,73.1
3072610098,63.5
3075540048,72.4
4015110032,77.9
3051200054,104.3
3052020029,80.8
3067030001,77.6
3075840019,83.0
4095580046,100.4
5030030082,98.9
3075980058,91.7
3067820050,63.5
3054170001,14.3
3075520047,63.6
4006730030,83.3
3066210042,84.7
4000520017,81.5
4006270017,132.1
3075550031,98.0
2028260032,18.2
2033180114,65.8
3057800045,20.4
3060210046,98.9
3051730045,94.1
3067670059,75.7
4155560063,88.5
3050650021,17.3
3012660005,84.2
3067670052,72.5
3073160044,105.3
3067150042,86.1
3067150047,85.8
3054570110,146.0
3067670026,83.5
4155560001,91.7
3067390036,75.6
3014300018,51.0
3025120060,29.9
4005870004,70.7
2043450005,14.2
3023510006,147.8
2049990068,108.5
2037410030,24.5
3056627501,37.4
2032200102,93.6
3019107501,23.7
3060990047,78.8
3061230049,83.1
3060780031,67.6
3051970040,65.5
3059400045,89.3
3061210003,77.0
3067640061,80.6
3059290058,121.2
3058920035,29.9
2040720005,79.9
3018397502,69.9
2023410031,37.3
2023410028,32.5
1021750098,32.4
3058187501,57.8
3059380023,105.9
4162337501,50.7
3061207502,71.5
3059250053,57.0
3086850083,71.1
3073730029,65.7
3060000053,46.1
3059280001,58.8
3059160062,58.7
3011760032,67.2
3071590040,67.7
3060160006,69.3
4162340044,59.4
3010830005,62.0
3053280032,62.6
4162240001,68.1
3058860004,76.7
3061040017,67.5
2036220016,55.1
3018880034,62.9
3050830026,59.8
3053340064,73.3
2037420001,85.6
2023500034,7.9
3021970003,188.7
2037150030,93.9
3021970015,272.6
2040070001,117.0
3052870001,49.3
3063340006,99.2
2028070022,74.0
3060260001,93.1
3055470057,105.9
2028070056,80.1
2028490024,95.5
2028610123,43.6
2030260007,17.2
2028610135,18.7
2028670134,82.1
2024880041,131.4
2024790012,106.8
2028040001,150.5
2031060008,70.6
"2059470120, 2059520120",89.0
4-00620-0004,24.7
1015837501,74.6
2059070348,90.6
3059060018,48.4
3059060018,0.6
3-02732-7501,60.2
3-03589-0001,57.5
3-02734-7502,50.0
3018057502,0.8
2-04342-0046,47.3
1-01350-0035,85.9
1-01467-0005,49.5
1-01199-0061; 1-01199-0001,165.5
1-01199-0001,165.4
1-01199-0061,165.5
3028290047,52.2
2048940011,189.8
1021800570,97.1
1005007501,94.2
1012387502,93.2
3007280036,8.8
3007510001,8.0
4001250010,7.7
3056310038,225.6
1010070049,48.1
1019250029,102.4
1001960024,69.0
1021580016,91.4
1020970014,53.4
1018420007,100.9
4050047503,31.3
3050870014,37.3
3024110001,53.9
3017820007,38.9
3016280030,40.7
3040060013,64.9
3040030035,50.4
3032000001,37.6
3039880035,71.5
3023790024,4.9
4-01907-0025,93.5
5-05533-0058;5-05533-0047,75.5
5-03969-0001;5-03969-0030,64.8
5-03969-0001,7.8
5-03969-0030,66.4
5-03969-0001,0.4
5-03969-0030,0.4
3-08352-0001,74.4
5-01053-0138,13.1
5-05533-0047,223.0
1-01184-0031,50.7
2-03321-0038,62.7
4-00811-0001,66.9
3-04012-0032,18.7
3-03956-0059,22.0
3-03706-0012,9.6
1013870004,69.4
1016277502,70.6
1015220059,85.9
1011257502,63.7
3-00496-0001,20.2
1007610007,169.7
3068360064,76.4
1018950001,71.2
1013230015,66.2
1-01248-0041,62.1
2044350018,140.6
1-00239-0038,56.0
4-05039-7512,9.8
3004480065,14.1
1003150070,2803.4
1-00315-0001,12.8
1003110013,80.9
4076680010,104.4
4076700002,120.5
4076560002,142.3
3-03602-7502,25.5
4-09660-0002,156.7
4-01274-0020,197.6
4-01274-0020,2.5
4-09668-0027,128.3
4-09660-0135,3.6
4-01458-0012,74.3
4-02155-0001,70.5
4-02155-0001,56.0
4-02155-0001,57.4
4-02155-0001,58.4
4-02155-0001,68.3
4-02154-0001,52.3
4-02154-0001,57.9
4-02154-0001,52.9
4-02154-0001,56.2
4-02154-0001,67.9
4-02152-0101,62.8
4-02152-0101,67.1
4-02151-0101,63.2
4-02151-0101,80.4
4-02151-0101,72.4
3-02260-0014,18.8
4-10352-0066,40.7
3-00700-0038,10.5
1014027501,48.5
1014530037,49.8
1015110069,48.8
1016317502,65.6
1000167508,83.0
1011950029,73.5
1009030057,33.7
4014200001,57.2
4014200001,67.6
4097580006,88.4
1007427501,59.8
4097580021,112.0
1014460023,81.7
4114460012,246700.0
4114460050,287100.0
4114460001,181300.0
3042719001,10599000.0
3042719001,969400.0
3042719001,7613100.0
1011157501,72.4
4114460012,88.6
4114460050,74.7
4114460001,76.1
2052930001,29.0
4-06484-0002,82.3
4-06485-0003;4-06484-0002,83.5
2026650001,149.4
3-07247-0113,68.3
3-05735-0011 ; 3-05735-0001,58.1
1012400010,7.9
1014837501,154.8
1015777502,34.8
1001457504,46.9
3002170001,2221500.0
1020427502,22.2
3018150126,16.1
4012810054,81.4
1021327501,26.0
3061270011,72.8
4014450001,67.5
2033280073,79.7
3009280043,3.9
3002390003,90.6
1021370112,48.7
1018837502,16.3
3-02319-7501,37.8
1-00405-7504,66.6
1-00443-7505,34.0
1-00580-7502,40.8
1-00624-7503,61.7
1-00768-7501,59.0
1-00791-0001,51.4
1-00841-0069,96.2
1-00848-7505,36.5
1-00877-0026,60.1
1-00891-0003,42.5
1-00915-0046,56.2
1-01067-0028,49.6
1-01156-0001,35.1
1-01166-7501,65.8
1-01395-0029,87.0
1-01413-0045,97.7
1-01512-0059,50.1
1-01513-0009,61.5
1-01514-7501,46.8
1-01529-0045,64.9
1-01836-0031,60.5
1-01888-0031,50.2
1-01950-7501,52.9
3-00236-7503,44.8
3-01071-0004,70.3
3-01129-7501,52.1
3-01171-0019,59.3
1-01319-7501,68.0
1-00906-0024,58.7
4-00042-7501,80.5
2025700018,0.0
1002470001,65.6
1008390060,36.7
1008370023,59.2
1002330017,0.0
3020320015,58.3
1008987501,54.3
1017670022,94.3
1017670047,136.4
1017830041,88.8
1017710056,55.1
4021070024,79.4
5024527501,37.2
1005557501,59.4
1012170054,56.2
1007977505,49.5
5006107502,73.9
4107410184,51.6
1021310013,90.8
4-01007-7501,59.7
4-00949-7501,63.6
4-00949-7501,75.5
4-01008-7501,57.8
4-01008-7501,69.7
4-00974-7501,48.8
4-00974-7501,50.4
4-01009-7501,52.2
4-01009-7501,56.9
4-01009-7501,73.3
4-01009-7501,4.0
4-00972-7501,76.5
4-00973-7501,59.2
4-00973-7501,50.9
4-00973-7501,63.9
4-00973-7501,53.1
4-00948-7501,67.6
4-00948-7501,55.1
4-00948-7501,60.5
4-00947-7501,77.0
4-00947-7501,41.4
4-00947-7501,55.0
4-00947-7501,20.7
4-00947-7501,46.7
4-00947-7501,58.2
3-00782-0056,2.0
3044157501,7474800.0
3044157501,6342200.0
3044147501,186400.0
3044157501,6310400.0
3044157501,6537000.0
3044157501,6120800.0
3044237501,7702500.0
3044237501,6252100.0
3044237501,7956600.0
3044237501,6702500.0
3044237501,5642400.0
2028670139,78.2
1021750175,41.4
3061340038,80.9
3054230049,105.4
2028550020,128.7
3056920001,73.7
2029880004,63.7
3063150027,105.2
3067730012,93.9
3065810001,8.2
3061370045,132.5
2032490108,17.0
3087910224,109.9
3063700023,70.6
3063700032,88.5
2026220005,90.3
2028320035,76.9
2037390001,94.9
2028070016,87.5
2028490064,77.3
2028670147,27.8
3061240001,56.5
2028090031,78.6
2028290006,77.1
4001610033,84.9
4050020046,122.5
3012470011,56.7
4012820185,50.6
3037090034,87.1
4096760013,102.2
3075570124,129.3
1005110016,119.9
3003970001,175.5
4004850001,172.9
3021867502,71.0
3020330050,8.5
3011790061,67.5
3056640054,117.7
3011607501,79.6
3050427502,43.6
1005390037,144.2
2027430006,100.5
3051260001,71.1
5028000037,33.4
4102100022,65.7
2024840009,68.5
2028420001,230.4
3060360053,20.0
3051030036,52.4
1017230031,43.8
1019520029,57.1
4089290106,86.9
3056290030,95.4
3074040001,72.6
3050460028,75.4
3055600064,50.0
3052290083,62.4
3076180042,13.6
3065780100,70.5
3067150062,95.7
3050850072,91.0
2032390037,119.2
3087180052,12.1
2031870040,83.5
2032000009,115.8
3086860031,60.0
2024110142,106.6
2039820028,81.3
2033190064,71.9
3012270033,93.0
3072800188,75.7
2024740046,131.3
3068540038,103.7
2031670068,139.7
2025100063,101.4
3050470020,84.2
2039250025,85.2
3053710045,86.4
3046200035,119.1
2037770054,128.4
3019180024,62.1
3086920010,64.1
2039820035,65.9
2032280009,95.0
3032787502,16.5
3054540045,81.4
4002800005,58.8
3011127502,33.2
3051560015,77.9
2050440030,91.5
2028430018,146.7
2027960019,121.2
2027070060,95.7
4114660025,77.6
1019940038,69.0
1019940057,117.1
3048530075,26.4
4009100009,14.9
3066180027,50.9
3023780021,25.1
3009280001,12.0
2025070007,55.9
2046710007,75.1
2028120023,44.9
2033550061,28.8
3050427502,48.9
2037120037,43.6
4104990075,83.0
4003120350,16.7
1000560001,98.8
1008417501,75.2
1008870082,48.1
1-02250-0080,15.1
1017220041,4.6
1005860077,13.7
3071090050,26.4
2026630062,79.2
1-00421-7502,26.5
3010030011,0.0
2032770032,0.0
1000010010,7.3
1005770034,26.1
1005967501,91.0
1006980001,42.2
1007280042,36.5
1007760033,47.3
1007760047,833.0
1007790075,56.0
1008070028,50.7
1008800024,81.0
1008810031,87.4
1014120058,43.3
4050107502,86.3
4006007503,6.8
3057670028,93.2
3-05101-7501,35.1
1-01210-0009,68.2
3029290001;3029290046,45.8
5-00394-0001,100.1
3-08470-0143,73.9
3-06777-0050,62.1
5-03901-0017,36.1
1-01435-0015,60.6
2-02334-7501,64.8
2-02692-0068,65.3
2-03357-7501,58.4
3-04996-7501,34.0
1-00346-0075;1-00346-7505,30.0
4-00006-7503,41.2
4001340029,82.6
4001990052,77.2
4092600018,92.1
4088760006,102.0
4006730034,38.4
4005650023,188.9
4062380001,153.7
1020480016,21.8
2033290040,93.6
3017000062,86.6
1004950011,185.0
2037920037,130.3
3050430071,76.7
1021590035,22.6
1020480025,66.7
3046750045,99.0
3021470021,65.0
1020540075,136.2
1012780069,41.8
1008050003,21.8
1012830072,67.1
1013050040,40.4
4091200043,99.5
1006970005,25.5
4001840029,60.8
4030780110,68.7
2040870025,60.8
2042880030,73.9
2058741028,79.9
3076880041,20.3
1004020015,61.4
1004020011,60.7
2043280023,63.8
4092600011,76.6
4050240080,81.8
4005770056,16.3
4001600009,17.7
4005770040,83.6
2024560061,87.7
3067397501,16.7
1000410015,24.4
4-05102-7503,29.7
3004550001,26.4
4-03547-7501,83.7
3-08669-0018,33.6
1-00880-0082,36.1
1005560068,88.3
5000100019,85.2
1021440017,113.2
1021440013,106.9
3009697503,63.9
1021450051,1.8
2032190105,84.6
5001770041,53.0
3036320019,4.1
5004630001,100.5
3015700031,24.0
1008630075,52.6
2030360020;2030360022,25.2
4-16002-0001;4-16001-0002,89.3
3024727501,73.7
3024947501,46.4
3070607501,51.1
1-00346-7502,36.1
2-04905-0360,110.4
2023560002,7.9
4-09715-0228,97.6
4-09715-0228,49.0
4-09715-0228,55.3
5-00001-0068,2.8
4-11884-7501,8.4
1-02014-0021,13.4
3-04315-0040,76.5
3-02790-7504,30.0
3-02679-0046,33.0
1-00763-0018,59.7
1-00762-0042,74.5
4-15762-0053,153.7
2-03258-0162,91.1
3002800015,52.9
4014200001,72.6
1013777504,158.4
3052587501,25.4
3076560042,89.6
1011977501,64.3
3053390001,66.4
3053390061,84.1
3071810001,77.0
4011110001,70.4
4011110001,4271000.0
4011110001,4285600.0
4011110001,4659300.0
4011110001,4823600.0
4011110001,4228200.0
4011110001,4389500.0
4011110001,4499700.0
4011110001,4673600.0
4011110001,4808400.0
4012040001,3113400.0
4022810001,2199200.0
4022860011,2379300.0
3074410231,67.4
3010497501,77.9
3068350012,84.5
1013470018,110.9
3053227501,35.6
4051807501,36.5
3061110001,73.2
1-01532-7502,49.3
4123350044,385.7
3031050001,69.5
"3030960001; 3030960030, 3030960014",59.6
3030810060,189.6
2052630070,26.7
2028950001,24.2
1010830015,23.3
1016130023,249.0
2027570080,246.9
2022980040,23.9
2036370001,27.2
1003470080,145.5
1009080027,25.4
1016200023,44.2
2038660031,26.1
2024340018,52.8
2024340034,97.2
1004200062,78.8
1004210052,55.5
2023040001,248.8
2044440001,204.6
2043490001,23.1
2055680001,18.6
2055680050,374.3
1018270042,80.8
1017180001,90.3
2035940001,120.1
2035980017,34.7
2037250001,214.7
2037300001,125.4
2035340001,25.7
2035370001,25.1
2035730001,25.1
2035910001,156.3
2035150001,97.3
1016320001,138.5
1016370001,53.2
2-02857-0071,23.1
3-05083-0003,41.6
3-05251-0007,22.4
3024440004,115.8
1004230009,155.4
"1-01217-0011, 1-01217-0006",51.6
1-01460-7501,68.7
1019920013,176.1
1-01114-7501,44.6
1019080060,34.6
1013740049,49.1
1001470002,70.7
3000367502,81.9
3071780022,59.3
1003497501,57.9
1007760017,45.8
2043280001;2043287501,48.8
4015310021,98.4
4051377501,81.5
3-03335-0001,92.7
2033950047,12.1
3-00798-7501,34.5
1009367501,67.9
1000767502,84.6
3002397501,77.8
1011647501,100.3
1011517502,84.3
4022520010,65.1
1011240042,78.3
1012437501,91.0
1007667502,72.1
1012290001,29.6
1011657505,33.5
1008900025,57.1
2057250776,57.0
1016077501,39.6
1011677501,19.9
1013680033,50.9
1008667502,69.6
1013670035,82.0
1013670031,74.0
2057880074,64.9
1012510071,66.5
1013630016,52.3
1010300046,58.0
1008517504,50.7
1015020023,69.4
1012450080,55.7
1015077502,83.3
3002360018,78.9
1021710110,85.3
1022480040,20.8
1017890045,20.7
2032630145,82.8
2030640010,1926.6
"4103520079, 4103520089",48.3
3051080028,15.8
3067840005,12.6
2051410390,30.5
4003290018,47.0
2032580005,6.9
1008867503,66.8
5-00620-0001,30.0
3-01946-0004,55.3
3-01946-0004,107.9
2024880031,63.3
1-01330-7501,68.9
1-00190-7509,71.4
1-01594-7501,75.0
3-00515-7501,31.6
4120930020,76.0
4004500006,42.8
1015590005,56.4
5000920001,93.1
1021360086,60.8
4009100001,44.2
3031940024,62.4
5016440074,60.3
3015560025,37.9
3023040015,30.9
3067480037,91.1
3055780001,86.3
3022497503,815.8
3022497504,37.4
3022490023,32.7
3022497504:3022497503,437.4
3066630046,55.7
3060270053,92.2
3056780022,84.6
3055150043,3.5
3011250001,12.5
2026230173,36.0
2026230142,47.5
3024627502,31.0
2027357501,40.5
1-00819-0059,63.8
1-00717-0077,113.3
1-00904-0040,72.6
1-01261-7502,89.5
1-00887-0023,69.4
1-00495-0033,894.4
1-01075-0001,37.8
4-00375-0033,75.8
4-00415-0036,42.2
2-03714-0001,112.1
2-03714-0050,105.1
2-02811-0001,125.4
2-04008-0034,110.4
3009930006,41.3
3070237501,31.6
3070230028,45.8
1010080001,24.4
2024630063,90.6
2024630011,21.0
2024630060,27.8
2024630001,84.2
2024630006,48.0
2024320047,96.1
1019820005,146.7
4012637501,68.4
4101010150,34.0
1009150002,10.5
4-16155-0021,8.6
4-16155-0021,94.5
1-00838-7503,36.7
3-00165-7504,61.9
1-01298-0041,67.4
1-00823-7507,52.5
1-01240-0052,60.5
1-01169-0016,75.7
3-02003-0020,69.2
1-01050-7501,51.7
3021860001,88.9
3021860001,4.1
3021860001,72.0
3021860001,75.6
3021860001,74.5
3021860001,62.5
3021860001,65.0
3021860001,69.0
3021860001,57.7
2023400195,45.7
1007180001,87.0
2022930023,8.4
3069250055,145.6
1007537503,26.5
4-00676-0090,30.8
4-00425-0001,47.9
1-01571-0049;1-01571-7501,111.5
1009310001,58.7
1010870005; 1010870025; 1011310001,79.4
1010870005,116.2
1010870025,34.5
1011310001,55.3
1017190001,3.1
1019570005,77.2
1020140036,23.3
1022310001,52.4
2023430032,124.2
2028370011,33.1
2032470230,51.2
2032660068,211.0
2038400023,146.0
2059000001,415.4
2059000001,258.4
2059000001,416.2
2059000001,148.0
3002430047,293.7
3003120024,9.2
3010310001,109.6
3014480001,39.6
3014480001,20.8
3014480001,39.7
3026130001,65.5
3026190003,164.0
3026700001,53.4
3026700001,737.5
3029740113,38.4
3040890025,118.1
3046850024,95.8
3050490028; 3050490055,38.9
3050490028,171.3
3050490055,56.4
3071920057,65.3
3086980001,63.1
4002730001; 4002740001; 4002780001,70.3
4002730001,39.4
4002740001,49.8
4002780001,179.2
4020180001,63.5
4035900042,72.5
4100990052,74.8
4101040043,95.0
4101190028,42.1
4101520066,20.5
5004970001,85.4
5074520050,28.5
2042570030,0.0
4012800038,25.3
3013270013,67.8
1002190026,44.3
3053400015,61.4
4005520022,37.7
3002507501,60.4
4004740048,71.8
2-03943-0200,17467.0
4050397512,10.8
1018720054,192.7
3018030072,61.6
1018470042,78.6
1012090001,73.6
3051010067,81.4
1-01533-0032,74.0
3031700026,48.0
4033217502,176.6
1021790500,41.3
3007770001,27.9
3022070002,13.8
3054370038,60.9
3057530026,30.8
3076640041,71.9
3078600017,23.0
4001580025,105.6
4006470016,32.1
4013770016,50.9
4014540018,103.4
4015710019,23.1
4066290035,34.7
4089250026,11.4
4094350016,55.9
4-06793-0231,10.3
4-09764-0063,1.9
4-09716-0118,31.8
4-09736-7501,71.6
1-00634-0047,51.6
1-00934-0020,50.6
1-01560-0031,52.1
2-05836-3101,51.2
2-05836-3101,154.1
2-05836-3127,51.9
2-05836-3127,39.9
2-05836-3127,60.2
2-05836-3127,22.1
2-05836-3127,3.2
2-05836-3127,34.2
2-03737-0018,70.6
3-00941-7501,18.4
3-02353-7503,29.8
2-03305-0042,76.7
3-03024-0001;3-03025-0046;3-03026-0001;3-03027-0001,120.3
1003507503,60.1
1004847501,94.0
4-09668-0027,96.0
4-01274-0020,81.5
4-02155-0001,74.5
4-02154-0001,71.0
3-01137-7501,36.0
4-02152-0101,76.1
4-02151-0101,81.4
4-09660-0002,100.2
3002070001,9128460.0
3020930001,65.2
3020580017,40.3
3033250001,30.1
1020270001,24.1
1020280001,23.2
1020290001,23.4
1020270025,22.9
1020280016,121.9
2027560010,237.1
2027480025,102.0
2027510015,94.2
2030070036,94.2
1007140031,320.6
1007160017,23.7
1007170019,28.5
2028790041,102.3
2028790033,132.7
2028790030,40.1
2024200171,183.7
2024090059,20.6
3044860001,68.8
3044880001,1.0
3045080001,20.5
3016350041,26.2
1003870020,103.4
1003750001,63.4
1003750045,123.7
1020130026,107.9
1020130024,82.0
1020130022,84.8
1020130018,123.1
1020130016,25.4
1020130014,87.9
1020120052,51.2
1020120056,113.1
1020120058,113.2
1020150005,89.2
1020120061,168.8
1020120063,119.4
1020120064,95.8
1020120003,111.1
1020120001,124.3
1020120006,64.8
1020120008,69.0
1020120011,83.9
1020120014,135.3
1020120015,140.9
1020120018,132.7
1020120020,34.7
1020110033,118.8
1020110031,82.9
1020110022,78.1
1020110015,80.2
1020110014,44.3
1020110013,27.9
1020110011,136.8
1020110061,84.8
1020110063,94.6
1020110001,55.9
1020090044,84.7
1020090063,92.7
1020090064,79.7
1020070045,22.0
1020120025,62.9
3016350003,21.5
2024290028,65.9
2024300030,130.8
2024270004,211.9
2024270006,22.9
2024270009,144.5
2024280004,82.2
2024280009,78.2
2024280015,29.4
2024340080,96.0
2024270012,111.8
2024270010,140.9
2024270007,98.3
2024270003,93.3
2024340057,135.9
2024340088,81.3
2024280012,134.1
2028690110,22.3
2028680144,95.7
2028690122,116.3
3001207503,45.0
4099980110,76.7
1010207501,76.0
1010120029,136.0
1010167501,84.2
1010427501,65.7
3-00269-7501,70.2
3-00268-0015,84.9
1-01126-0014,49.2
2-05725-0767,67.8
1-01882-0038,75.1
1-01453-0043,46.9
3-00027-7501,61.5
3-05268-0033,76.0
2-05920-0653,95.6
1-01212-7501,80.3
1-01507-0040,68.2
1-01168-7503,45.8
4002680031,38.3
3002680031,77.9
1002127505,48.4
4-01007-7501,53.6
4161127501,61.3
4161137501,56.1
4161137502,38.3
4098370044,68.5
4050207502,68.8
4008317502,31.6
4000527501,40.0
4050517501,50.1
4027847501,50.4
4050247504,46.5
1005230046,81.2
3-01946-0004,63.7
3-01946-0004,1.3
5-00169-0001,73.1
5-00169-0001,57.8
5-00169-0001,54.8
5-00169-0001,56.4
5-00169-0001,70.3
5-00169-0001,485.7
5-00169-0001,34.8
5-00169-0001,49.0
5-00169-0001,64.1
5-00169-0001,73.6
5-00169-0001,40.1
5-00169-0001,76.6
5-00169-0001,31.5
5-00169-0001,35.6
5-00169-0001,34.2
5-00169-0001,68.7
5-00169-0001,63.9
5-00169-0001,100.4
5-00169-0001,62.8
5-00169-0001,65.6
5-00169-0001,32.1
5-00169-0001,32.3
5-00169-0001,68.9
5-00169-0001,2.7
4005070019,44.8
4005150031,49.1
1-00113-7501,131.8
2-03156-0063,32.4
2-03156-0062,63.3
2-03311-0032,21.5
1-00945-7502,35.5
1-01484-0026,71.2
1-00967-0001,50.2
1-01455-0021; 1-01455-0013,57.3
1-01455-0013,79.5
1-01455-0021,32.9
1-01421-0021,87.1
3069900001,131.5
1017170022,86.7
3067487502,25.2
3086630246,56.8
5017250510,44.8
5017250570,157.0
5017250500,398.4
5017250095,80.4
3-00172-0005,94.5
1006100016,52.9
3030720040,32.4
1014310016,53.1
1013440033,73.1
4032360001,12.8
1-01874-0043,14.6
3083747501,12.8
3068360050,73.4
3088080059,81.1
3074220013,40.9
3086797501,18.6
3010020001,73.8
3010020001,66.8
3037530004,0.0
2029390001,77.0
3009650032,10.2
2029760092,22.1
2029760087,12.8
2029760082,21.1
2029700049,49.5
3013730025,11.6
2029970046,161.2
2029400019,80.0
2029910030,64.1
3010780016,13.1
3012300014,13.6
3036310030,41.5
4140090060,40.5
1-00999-0048,313.2
2-05947-0001,67.5
1010180006,104.7
1000110029,66.5
1-00474-7503,100.2
4-00438-7501,57.1
1-00602-0030,50.8
1-00911-7501,42.3
1-00609-0065,66.1
3-01075-0035,69.7
1-00091-7503,55.5
1016130006,91.5
3018610020,83.6
2029760001,73.8
3014020024,131.2
1015950001,87.4
1020730029,52.9
1016450012,84.7
1017680001,86.4
3037710037,15.5
3037710041,122.9
5-02460-0001,117.9
5-02460-0098,27.0
3055790012,117.0
2054190114,80.8
1016210036,104.7
4014690058,114.6
4014690063,91.5
2032560020,73.4
1018627501,23.9
1020880100,75.9
2032367501,60.0
1019170012,51.8
3032000035,46.9
1008017503,139.3
4017060011,89.2
3041900025,69.8
3024890007,73.0
1005047501,44.5
3029270175,69.5
3029270325,0.1
3029270300,13.3
3-07045-0031,79.7
4-15810-0030,64.5
3-08719-0073,210.4
1-00372-0026,53.6
3-08693-0012,72.2
4-15810-0055,99.0
1-00460-0001,63.6
4-15810-0025,193.2
3-08719-0027,0.8
4-15810-0040,40.6
4-15810-0055,6.6
4-15810-0055,153.7
1013370013,51.3
4062900115,11.7
4028050016,1.6
3013390021,12.8
3027227501,40.4
3064170039,24.9
3052410023,30.7
1008817501,49.9
3067090001,19.7
2057890059,75.1
1021800371,49.4
4053740016,41.5
4012660038,54.5
4044097502,107.9
2042510011,56.4
1-01366-7501,42.3
2048450011,109.0
4-01227-0001,92.6
3-00161-7502,23.6
1-00027-0009,104.4
1-00027-0017,58.7
1-00790-7502,68.5
3-00250-0039,104.1
1-00621-0001,18.3
1008627504,63.0
1009360001,130.1
1005230048,62.1
4050037501,39.8
1008550016,35.7
4049567501,39.0
4049717504,34.8
3017747501,31.3
2-03266-0023; 2-03266-0021,68.4
"4-05900-0110,4-05900-0069",12.2
"4-05900-0002,4-05900-0110,4-05900-0069",130.3
1013910004,73.4
1004937501,233.3
1008497505,47.3
3-00982-0062,67.2
3-00980-0107,88.3
1-00179-7508,54.2
1-00218-7504,107.6
1-00623-7501,42.2
1-00577-0042,118.3
1-01098-0029,4.4
4-00249-7501,47.7
4-15537-7501,23.5
4-02492-0094,167.5
"4-02492-0094,4-02492-0079",194.3
1012940037,196.6
1012947501,18.6
1012947501; 1012940037,71.3
4001200099,339.4
3017850001,30.1
3018937504,54.4
1014830038,60.4
3056490046,10.5
3-08821-0001,83.0
1-02001-0120,39.8
1007950044,52.9
1007780036,51.1
1008320017,39.1
1017230023,81.7
1021610045,145.5
2024760022,77.1
1021690025,34.1
3023220006;3023220001,48.9
1013757502,41.3
2026960005,93.3
2026780001,60.7
2029310086,83.2
2026200036,131.1
2026260001,99.6
3051010017,100.0
4073480001,101.9
1015717501,84.9
4004160010;4004160021,41.9
4-09843-7501,105.8
2027610003,263.3
1018750009,185.0
4159550003,6.6
4159600060,193.5
4155010002,3.9
4155010002,47.1
4155010002,50.1
4155010002,3.6
4155010002,33.5
4155010002,50.0
4155010002,5.1
4155010002,33.2
4155010002,31.1
4005230002,112.5
4161140002,44.2
4161140002,26.8
4161140002,3.6
4161140002,29.0
4161140002,2.2
4161140002,25.4
4161140002,3.8
4161140002,38.1
4161140002,0.0
4161140002,6.9
4161140002,3.3
4161140002,6.7
4161140002,235.9
4161140002,1.6
4161140002,1.8
4161140002,298.1
4158920001,27.7
4158920001,20.1
4158920001,27.6
4158920001,26.1
4158920001,27.0
4158920001,29.9
4158920001,1594.4
3017380001,239.7
5012480200,206.3
3015280033,27.2
3070470014,13.9
5000510001,27.5
3021750080,43.7
3015950024,22.2
3015980001,18.5
3016010024,25.2
3-00173-0023,25.6
2-02283-0088,106.7
1-02215-0538,61.3
2-02289-0003,61.7
1009970017,31.2
1008360065,24.6
1002270052,75.0
4-02214-0019,83.1
4-03312-0008,26.6
3-01901-0001,1023.2
3-01902-0001,14.0
3-01930-0001,189.3
3-01944-0004,58.5
3-01902-0022,575.5
1-01330-0007,383.7
1-01459-0010,18.8
1-01459-0030,273.4
1-01514-0039,45.8
1-00304-0021,158.7
1-00315-0001,42.2
4041480080,49.9
1012520027;1012520029,53.8
2036230001; 2036230020,76.5
1005000036; 1005000038,54.9
3-00219-0005,67.2
1016317501,79.8
2032870100,75.4
2026910117,69.9
1-01080-7501,56.5
1-01081-7502,81.8
1008290001,78.3
1-01865-0040,51.6
3-00145-7502,44.2
1-01021-0001,91.4
1-01365-0009,72.3
1007627503,65.3
3058740058,78.8
3058890037,71.3
1012060032,12.4
1010270020,48.8
3030440029;3030440026,69.8
4-05016-0007,93.8
1021340090,128.3
3030760018,13.9
3001070048,9.1
3021660001,68.7
1019250036,59.0
1019040061,91.2
3064947501,32.9
3017540001,91.9
3040170015,71.8
4157440001,84.6
4037310065,70.5
1019570005,123.1
1005970062,98.5
1-01273-0022; 1-01273-0044,103.2
3-03335-0001,64.9
4096940049,73.8
1000297502,82.4
3056907503,52.7
1009287503,56.3
1004850008,158.3
1017210014,76.2
1019460029 ; 1019477501,61.3
1001580001,0.2
3155370133,0.6
1020300021,67.5
1020300017,125.4
4097580001,10017100.0
4097580001,155.8
3018120001,28.7
3018120001,102.2
3007047501,39.9
4-05136-0037,71.3
4-01566-0039,74.3
3001077501,41.1
1-01158-7507,78.1
3-06767-0070,47.9
3-00452-0001,61.9
1-00807-7502,76.0
1-00833-7502,69.8
1-00016-7514,67.7
2-02808-7502,75.1
4-00139-7501,18.1
2-03250-0040,77.1
1-00819-0020,78.1
2028720120,2.5
2025150014,50.0
2033440076,72.6
1002030026,85.7
2031510014,97.6
2043170015,95.5
1002030025,0.0
1012630034,92.5
1000237501,91.6
5017250085,63.4
5017250195,49.6
1021797502,93.5
2026007501,43.5
2031757501,26.7
3044967501,29.2
3044960001,7.7
1014710038,14.3
1-00041-7504,53.5
1-01227-0049,63.0
1-00015-0022,64.0
4-00028-0021,74.6
1-01500-0065,16.0
1-00721-0007,69.5
1-01023-0061,74.7
1-01304-0026,99.2
3037530004,18.4
4102700047,170.8
3075780057,81.5
2028510029,209.9
2031800009,109.0
2028520027,31.6
2026610052,5.7
1002007502,91.0
2-02713-7501,48.0
3-01723-0002,87.2
1-01923-0038,123.0
2028770522,4.4
1018190040,133.0
1014880017,171.1
1015690029,6.2
4134150001,19.3
1004530011,54.3
1004530011,84.8
3045900051,15.9
3045900051,40.4
3025930001,13.5
3012000021,35.5
3016130001,69.2
1008790023,86.0
3023237503,64.3
1-00345-7501,54.9
1-00133-7511,147.0
1-01243-7502,67.1
1-00236-7503,40.4
3-01098-7509,62.4
1-00802-7502,91.9
1-00545-0007,45.6
3-02297-7501,44.9
3-01974-7501,45.9
3-01235-7501,23.9
1-00563-0048,45.6
3038657501,66.9
1010180016,19.9
3-03061-0018,0.6
3-03061-0018,172.0
4096000040,121.9
2030060067,93.5
2030060053,80.4
2030060084,94.1
2029770080,53.3
1016130006,80.5
1016130006,55.5
1016130006,58.0
5-01053-0138,23.3
5-01053-0138,31.1
5-01053-0138,8.7
5-05533-0058,13.3
5-05533-0058,0.0
5-01053-0138,0.0
5-02460-0098,47.4
5-01053-0138,10.9
5-05533-0058,28.5
5-01053-0138,10.6
5-01053-0138,7.5
5-02460-0001,43.2
4005650023;4005650027,94.5
1008860030,43.6
1004570005,90.7
3-01288-0038,13.2
3-08716-0085,10.1
"3-08719-0027, 3-08719-0073",90.0
"4-15810-0025, 4-15810-0040",116.5
5026470021,40.4
5026470013,44.0
4107590167,42.3
3-02288-0024,165.5
1018717503,6.6
4103430047,32.7
4103360059,8.0
1021610103,74.1
1021610114,74.7
3050530051,79.4
3071820046,112.1
3004217501,51.8
3052860001,83.0
2-03304-0136,2.5
3-08779-0053,37.5
3-06996-0053,12.3
1-01365-0016,62.2
4-05003-7503,12.2
2-02743-0001,130.4
1008630080,9.3
3028930042,22.0
3001970028,50.0
2031100043,22.5
3030560168,1.5
1008307502,43.1
3026297501,25.6
3066940046,69.5
1001377506,28.5
1-01908-7502,56.0
3019090053,21.7
3-06641-0037,28.7
3086690093,83.4
1004550029,83.5
4-00415-7501,61.6
3-05124-0051,91.7
1013270033,86.8
1-00805-0006,6.8
2026800019,148.6
1015120040,89.5
1016710001,46.5
2032067501,81.3
2027237501,71.0
1015667501,99.5
1016020038,87.2
1012330033,57.0
1006080039,79.2
1015070056,66.7
1011587505,58.8
1012107502,96.0
1015000015,63.0
1008970035,63.3
1011840019,41.5
1014380001,90.2
2028370018,110.7
1012067501,60.0
2032080043,159.8
2030500066,105.3
4031050001,83.6
1005620001,67.6
1014970046,63.0
1014120001,69.3
1013417505,73.8
1008900001,73.4
1016020020,62.2
4021197501,68.7
4022660079,83.5
4022680013,78.2
4033590023,75.0
4067137501,45.1
1005680004,65.6
1016297502,56.2
4032927501,105.4
1015890034,60.7
1015100001,71.1
1015040031,58.4
1018800001,43.0
1005660001,59.3
1014970021,50.9
1012347503,69.3
1014980069,57.8
1015010056,60.0
1013190029,109.7
1015347501,109.7
1011700012,56.2
1011187502,68.3
1015110069,77.2
1008577502,43.8
1015100020,65.5
1005270027,84.6
1008890022,77.1
1007410067,80.2
1008920001,65.4
1007910036,101.0
1008750079,195.5
1014920036,64.8
4012927501,87.4
4020897501,50.5
4051867503,57.8
02-03220-0040;02-03220-0051,3.4
3-03075-0002,23.0
3-02978-0001,6.4
3-07213-0040,247.9
3-02003-0034,65.8
3-01971-0028,35.0
4-00371-7502,24.2
4-00569-7504,10.3
4-00371-7501,23.3
3-01695-0042,14.5
5028460025,5.4
5070900001,7.8
2027260066,96.6
3008120026,52.2
3056330034,30.8
4-01918-0001,113.0
3-02010-0059,34.6
3001197501,42.8
4024537501,38.5
1022440001,0.0
2033080012,69.8
2027030050,93.1
2024610074,68.7
1018490002,37.7
4021340050,14.0
1011200029,66.6
2032580073,89.1
1007840064,72.6
1008260011,117.0
1000650020,99.5
3024137502,52.2
1008857501,47.3
1021527501,28.9
4009100023,45.4
2028000019,109.8
3001660025,38.7
1005250040,74.6
5035857502,19.6
4028740055,124.8
3018607502,26.7
2025810016,3.9
4033217503,75.5
2059190436,73.9
1006980057,5.1
2027430025,54.7
1005940115,153.1
4081367502,76.0
1021320010;1021320018,79.7
2025770063,0.0
4044060028,79.2
1012160044,87.4
3020680001,83.1
3019810070,63.3
2-03095-0036,0.0
2030950035,0.0
4031680036,96.7
4033220112,73.0
1008470024,51.7
4041170001;4041370012,72.6
1-00224-0032,128.3
1012110029,91.1
1011587504,60.9
1012307501,83.8
1010477501,86.0
1013237501,79.4
5024000180; 5024000080,47.5
3061030031,76.3
3060360037,93.1
1001240012,5.2
1013100007,33.2
3024690006,62.7
3002777502,119.6
2029290082,61.2
3022060011,28.9
3079690009,55.5
1012950020,78.0
2032200115,0.0
2046760110,59.4
3023577505,30.9
2031270039,93.0
2028800027,44.1
3087900059,67.3
2027650206,21.9
2029650042,37.5
2032930021,25.6
1016200040,43.6
3074217501,40.0
3017220016,25.0
2022890003,61.7
2022830088,106.7
1022150538,61.2
1021187501,20.0
3000327502,32.1
3050717501,95.0
3075480029,34.7
3037080015,0.2
4013207503,29.9
1-02215-0352,81.5
1006440043,541.2
4014797501,23.7
1016020033,59.4
1007660061,63.5
1012730031,47.5
1011190021;1011190043,202.1
3025890013,3.4
2030160071,23.2
3055600073,85.4
1-01711-0044,58.4
1004277507,144.5
3009647508,79.6
1002270028,116.6
1001910001,125.9
2046430009,71.1
1006450011,156.4
3019917501,23.6
4022640042,77.8
3024030001,2.8
3024030041 ; 3024030001,1.9
3018930004,29.3
1008290028,2.5
2056550221,7.9
3060340001,104.8
1011620005,73.3
4159390106,36.0
5046450415,3.7
4028560006,50.0
2027570085,50.0
2028610052,118.7
2032760020,98.5
2033500019,94.3
2033040065,89.1
2026970010,87.0
2028270032,113.6
2045970021,85.2
2031210021,24.1
4032347501,5.0
4005730036,81.5
3-01128-7505,42.4
3-03589-0043,45.4
2-02688-0045,109.6
4162280035,120.8
2-02934-0015,14.5
3048197501,35.4
3059390020,70.1
2035090018,121.4
2025140077,101.6
2025140020,210.3
2025140015,13.4
2025140067,79.2
2025130050,19.5
2025150006,95.1
2039770035,80.0
3064100039,100.9
2027630190,95.1
4-10043-0006,7.7
1002350001,8.9
1020020011,81.2
1020980019,85.7
2025140036,34.3
1020020097,112.8
1017740051,100.6
2033280125,124.3
1020970047,86.0
2031590040,216.4
2031590042,39.6
4014660039,125.7
3057830044,107.6
1016150014,104.7
1019520011,94.4
4050480013,5.8
1005947512,28.7
3049700067,53.6
3050870008,0.3
5-03969-0001,69.2
5-03969-0030,17.3
5-03969-0001,1.8
5-01053-0138,148.1
5-01053-0138,9.5
5-01053-0138,84.9
5-01053-0138,17.0
2033440086,95.0
4003880013,129.7
1000797503,74.5
1000417503,63.1
1004097502,95.8
3000457502,29.5
1014970041,19.0
1013870004,69.5
2050840009,46.1
5026470001,29.9
2049710001,43.0
41011050,12.4
3008007501,53.4
1016550038,17.5
1022437501,23.1
4040940006,66.8
4/04197/7501,157.7
1020500149,63.1
3063410030,42.5
3004130007,78.3
1-00253-0001,66.4
4011347501,11.0
4/06299/0017,54.3
1020640001,10.3
4051810016,28.8
4004740139,29.4
2-02410-0044,36.7
2033450011,71.7
3052870021,73.5
4001570040,63.9
4031697501,94.3
3034920001,49.1
3055900010,71.0
4024740010,80.2
3067370030,108.3
2033530005,108.0
4-00565-0023;4-00565-0027,94.2
1010460001,13.4
1001067504,7.4
3063800001,123.9
1006017502,60.8
3063350001,100.5
3067120068,81.5
3013050060,74.0
4000540006,1.0
2025040036,201.4
3050607502,52.5
3007690047,105.8
3013790013,102.0
3067060036,89.3
4043920025,350.0
1005310045,45.0
1006297504,72.5
1007987503,30.0
1016610044,114.2
1005630048,42.5
1-02009-0018,71.9
2-02591-0046,35.7
1-02009-0012,75.8
4-08274-0129,196.2
3-02447-7501,39.8
1002020023,103.6
4017050035,120.8
4035300029,61.0
4035300019,80.0
1021650069,32.4
4012820185,24.6
1015620005,83.7
5010420001,102.0
3046110064,48.9
3049680025,96.2
2025280046,137.1
1-00500-7504,64.0
1013040029,74.4
1013450005,97.4
1011860087,67.0
1-01891-0062,85.4
1000420031;1000420036,39.5
3-04526-0001,133.6
3-03104-0001,149.9
2-02385-0001,189.6
4-00183-0051,236.1
4-16002-0001,93.3
2-02291-0030,51.3
2-02291-0050,140.7
2-02291-0001,68.1
2-02287-0135,60.1
1-02250-0084,12.5
3-00266-0012,62.5
1-00691-7501,84.0
2057640642,71.5
2058451825,63.8
1007177505,39.8
1009180007;1009180010,80.1
1013737505,40.0
1013730001,383.1
1000977505,89.0
1013737501,88.1
3072140039,49.6
3072160038,47.5
3072340001,70.4
3072340100,64.1
3072340150,57.9
3072350001,70.4
3072370002,62.3
3072380002,54.7
3072380082,69.2
5005930590,80.8
5005950015,106.1
3064670012,67.9
3064690001,74.1
3064890001,74.3
5039830001,50.4
5039830045,54.0
5039830065,53.1
4-01458-0012,78.4
4000317501,43.3
3010980001,53.1
1009017501,39.5
1013047502,99.7
1013327501,40.3
1001807512,42.0
1015787504,48.9
1000257502,48.8
1014960071,56.5
1020760049,106.5
1020840056,45.9
1011690029,10.2
1008587504,34.8
1008237502,98.5
3-01969-7501,21.4
2030230045,30.4
3-02192-0050,165.6
3-02227-0032,70.3
3-02194-0019,20.4
2-03220-0016,98.3
3022160019,32.4
3001427502;3001420050,158.1
1-01976-7501,71.5
1-00837-0001,93.9
4-05375-7502,33.7
1-01991-0032,191.1
4-00416-0021,130.4
1010230018,133.0
1010210050,83.6
1004250004,126.0
3050990200,42.0
4083960004; 4083050010,88.8
4082760002; 4082760010,83.3
4082760020;4082760030,95.3
4083490036;4083370001,105.4
4083590006;4083630001;4083670002,96.1
4083730002;4083740056,103.5
4083530001;4093580001,98.7
4-00377-7501,34.8
2033180052,68.8
1-00624-0001,150.1
1-00892-0025;1-00892-0062,83.2
1-01252-0022;1-01252-0024,97.3
3-01979-0024,61.3
3-01065-0037,64.4
1002230013,48.3
1011440001,126.7
1020760056,147.4
3030407503,31.9
1011440061,42.6
4006680005,63.2
3009270001,65.1
1005150001,31.2
3011720006,66.0
4006207501,32.0
2030530055,91.1
2058021294,60.8
3002650010,32.3
3002650017;3002650010,43.7
1008600015,145.1
3045440001,304.4
4050050059,100.5
1018790027,75.8
1018780037,134.8
1018780042,13.2
1018780047,140.8
1010377501;1010370029;1010370034,121.1
2032920045,65.2
3020340134,59.3
4-06889-0037,52.4
4-06712-0081,63.9
4-09882-0010,55.9
5-00593-0500,53.1
5-00593-0500,66.9
5-00593-0500,27.4
5-00593-0500,39.3
4-15574-0048,37.7
4012380006,89.6
2-02724-0101,69.1
2-02724-0001,86.6
2-02720-0084,145.3
2-02720-0093,18.8
2-02723-0006,83.7
2-02720-0088,66.2
2-02720-0080,22.5
"2-02720-0084,2-02720-0080",83.9
2-03113-0009,119.3
2-02707-0074,92.3
2-02720-0005,100.0
2-02720-0024,108.1
2-02707-0085,87.2
2-02720-0054,113.7
2-02720-0057,207.9
"2-02720-0057, 2-02720-0063",98.9
4012790046,66.3
4051350057,56.1
4051350044,86.3
1-01498-0045,84.0
1-00174-7504,33.3
5-00007-0086,63.3
3-04355-0001,221.8
3-04377-0001,264.2
3-03151-0209,73.7
4025200006,60.5
3-04157-0032,45.2
3051707501,24.0
4-12334-0273,110.5
1001737504,49.9
1003310120,109.0
1006370066,34.5
1008510028,67.9
1012240038,64.4
1012717501,81.4
1013270037,62.5
1020457503,51.1
1022500084,66.0
2057160362,94.0
2059190448,62.0
2059190460,60.2
3002660012,62.5
4004247501,35.1
4009057501,31.2
1003310065,49.9
1005900079,49.2
1006040014,32.2
1019437501,56.2
3000317504,45.2
3010640021,69.6
3018120042,74.0
3-08344-0001,53.5
3018690001,35.0
4006570032,34.6
1007380015 ; 1007380014,67.0
1007380015,83.3
1007380014,50.9
1-01873-0039,56.0
2-03324-0099,145.5
2-03304-0156,62.8
3041090065,119.0
3-03127-7501,29.5
3-03041-7501,19.4
3024250016;3024250017,29.1
1-01339-0005,78.0
3050260355,85.1
3051660011,109.3
5072060171,15.2
2026190001,16.2
3001077501,22.2
3012340023,72.9
3050160013,267.7
3082350048,35.7
1-01783-0031; 1-01783-0034,94.8
3021060024,87.0
2-03005-7501,53.9
1-00865-7501,45.6
2032580120,48.9
1015150007,81.2
3-00220-0016,111.8
2046290020,70.5
2-02839-0049,36.9
1018817501,74.0
3058890014;3058890058,57.2
1010240052,51.9
3087207511,82.0
3024157501,44.6
4033230001,67.4
2-02727-0004,63.3
2-02727-0058,116.7
3-01128-7501,70.7
3-02562-7501,35.4
4-03104-0101,60.3
3-01041-7502,33.0
3-00295-7503,28.5
3-00161-7501,42.4
3-01240-7501,33.2
3-00891-7501,67.3
3-02120-7501,58.6
3-00432-7501,61.8
3-00974-7503,40.9
3-03248-7502,72.1
3-02106-7501,62.3
3-00193-7502,48.8
3-00242-0012,67.7
3-05329-0062,76.1
3-00403-7508,53.6
4-00056-7502,43.6
1-00218-0024,58.6
1-00076-0006,90.4
1-00578-0067,67.5
1-01882-0047,70.2
3-05247-0016,68.3
1-02050-0100,88.2
3-01096-0050,51.4
4-00072-7501,26.6
1-00133-7510,40.6
3-05099-7502,34.6
3-02010-0025,75.5
3-00974-7504,75.0
3-06764-0031,79.5
3-02298-7501,70.3
3-05279-0032,62.6
3-00321-7501,62.8
3-00964-7502,30.9
3-02298-0013,41.5
3-03032-7501,47.9
3-02744-7503,13.8
4-00370-7501,67.8
3-05374-0021,114.5
3-02331-7502,33.2
3-02290-7502,55.6
3-01190-7502,41.6
3-00186-7503,57.5
3-02009-7501,113.9
1-01230-0043,66.4
1-01852-0001,59.3
4-03358-0052,64.0
1013730035,47.8
3-07072-7501,67.7
3024120027,119.5
4003210011,84.4
1019290029,76.9
1019290017,148.4
2-02861-0067,69.4
1011257502,63.6
1007890067,53.5
1000410024,47.0
2032940002,86.6
2024530003,78.3
1-00373-0023,76.5
1-00374-0025,89.4
4013377501,39.4
3087660022,57.0
3074290016,44.5
4004730618,24.7
3073500055,56.5
4050100055,63.1
3053200009,48.2
3023097502,36.1
1-00875-0070,82.2
2-02472-0011,81.3
3041420032,71.6
3008610037,238.7
4074420001,33.7
5023800600,104.7
4105400005,92.2
3050840084,42.3
1-01514-0016,133.4
3010140001,33.6
3-05280-0008,66.2
4006260001,11.9
3066120022,56.9
3-03235-7503,37.0
1019520029,57.2
1005927501,112.3
1008480074,67.3
1002987501,102.6
1005640036,61.1
1006080060,53.2
1001357510,32.6
4049497501,40.2
4031027501,78.1
3003477501,12.5
4067977502,51.9
1005120015,35.6
1005140037,53.2
1021310013,114.9
1003480064,32.5
1018220029,74.4
1015940050,91.1
1015940061,163.5
1015940058,40.4
1015940054,32.4
1016357501,41.7
1016177501,38.9
5050150016,40.3
3029900012,10.7
1014240006,18.1
4006490042,75.4
4014690058,104.2
3029900042,7.0
3021600018,24.6
3086310001,168.4
4012827501,75.6
3061270011,68.9
4009157501,51.0
2027357501,40.9
5-00873-0027,145.0
2-03597-0040,127.1
1-02122-0133,80.1
3-06449-0001,88.9
3-06298-0001,83.3
4-05050-7501,69.0
4-00774-0010,66.5
1-01377-0024,117.2
4-00587-0054,38.8
1-02047-0044,36.1
2-02983-0042,51.2
3-05107-0008,34.9
2-02424-0017,50.6
1-01504-7501,25.2
3-00643-0011,49.0
3038810001,49.6
2025910037,41.2
3029740001,61.5
3029670001,72.1
3052190001,67.1
2024730033,115.2
2024730043,94.0
2024730048,98.1
1013810001,68.9
1015890019,66.9
1015167503,42.0
1002227503,75.6
1-00754-0051,36.4
3-06541-0027,71.2
1010080037,33.8
2-02282-0057,165.6
2-02272-0038,131.0
2-02281-0010,390.2
2-02282-0057;2-02281-0010,114.8
2-02269-0100,131.6
2-02272-0005;2-02272-0038,67.3
2-02272-0119,116.8
2-02568-0012,98.2
3-04559-0001,1.6
1006997504,55.7
3-00207-7501,39.8
1-01868-0040,18.2
1-00530-7505,68.9
2-02369-7502,54.1
4-11451-0009,19.5
3-07729-0025,108.2
4-05010-0038,400.5
3-05626-0001,75.1
3-01071-0014,81.4
5-00022-0070,30.3
5-00022-0070,15.5
1-00022-0070,14.4
1-00022-0070,17.0
1-01070-0001,81.4
2-05790-0001,152.4
3-02111-7501,99.7
3-04271-0005,18.2
1-01362-7502,75.7
1012490022,14.4
1-01892-0064,11.9
3072380082,63.7
4-00120-0012,89.8
4122770002,43.5
2024430091,95.1
1008947501,70.1
1015587501,109.7
4051920001;4051930001,66.4
4051920001,53.6
4021520133,55.9
1016080069,53.7
4051257503,63.4
4050157502,40.3
1-01129-0029,258.9
4-04172-0007,118.0
3-05416-7501,49.7
2-03396-0001,13.0
1-01625-0033,50.4
4-02680-0023,74.6
1-01017-7501,113.6
1006460027,75.4
1008620051,24.5
4007250022,108.5
4101010003,72.3
4-01275-0012,68.2
3012280060,63.1
3051390032,93.5
3051220044,89.5
4-01911-7501,2.9
4-01912-7501,6.7
4-01913-7501,1.4
4-01508-0011,72.8
1-01395-0050,77.8
3014340001,64.0
1-01085-0039,47.8
1019630060,87.7
2031920075,60.8
4092300060,92.0
4073130015,183.4
3013790068,21.5
1020760053;1020760056,94.9
4008377501,63.4
5075110001,69.2
1019680029,174.5
1019680029;1019680031,78.9
2031100063,122.1
1-01144-0061;1-01144-0001,84.9
3087017501,67.0
3050520002;3050520007;3050520011,70.0
4050030019;4050030023,15.5
2028760065;2028760067,74.1
2041940025;2041940032,62.7
3072730025;3072730050,77.8
2032440120;2032440125,13.5
3072740015;3072740001;3072740060,73.4
1020630054;1020630057,100.8
1021530040;1021530037,125.8
1020500113;1020500118,14.2
3013790027,11.3
3013790019;3013790024;3013790027,103.8
1017560030;1017560039,22.5
1019770021;1019770018,73.8
1021770018;1021770023,64.3
2031790041,102.3
1019760019;1019750029;1019760020;1019750001;1019760041;1019760043,106.1
1018780037;1018780042,75.4
4014380001,85.4
4030850029,97.9
4020907501,76.1
4031737501,57.9
3001600007;3001600029;3001600018,64.7
3012200019;3053340006,58.1
1020750011;1020750008,92.9
4006320001;4006320075,93.7
1020510043;1020510045,120.5
2026907501;2026907502,47.5
4005197501,41.3
4155740008,193.3
3050650085,153.6
1021550019,29.7
3050810001,103.3
4041470001,69.6
2025120059;2025120069,80.4
1011250001;1011250062;1011250061,143.4
3048060077,42.9
1003480040,95.2
1010780053,61.3
1022180005,156.7
1013880021,118.9
1005640020,83.3
2033440082,22.1
1003000001,92.4
4050107505,74.2
1004087501,60.8
3009667501,33.5
1016777503,59.2
1003910014,75.3
4004147501,84.3
3070657501,48.3
2024600010,86.2
4005967503,40.0
4004410001,69.6
4017277501,35.2
3010527501,70.8
3058850103,70.5
2-02441-0200,77.5
3-00406-0067,115.1
"4-00972-7501,4-01007-7501,4-01009-7501,4-00974-7501,4-01008-7501,4-00973-7501,4-00948-7501,4-00949-7501,4-00946-7501,4-00947-7501,",63.1
2-02948-0025,183.0
1-00379-0012,12.2
1-00405-0046,10.9
1-00394-0037,11.9
3017710005,74.6
1002310014,53.3
2031420030,138.9
3018840053,34.3
2031120003,93.3
3054080066,38.6
3062760043,36.7
4157710071,67.7
3017970059,38.7
2051410810,205.8
2-05716-0265,77.8
2023970017,25.8
1-01861-0010,76.5
2031117501,52.5
1020880019,70.9
2033360055,13.6
2029080011,21.5
1018230042,90.0
1019410001,54.5
2032750108,124.9
1001950007,96.5
1005760014,97.1
4001150171,54.5
2-03279-0062,103.5
3046110038,88.4
2029440005,79.4
1000100023,63.5
2026060002,49.3
1012137503,71.0
1-01009-7501;1-01009-0050,50.1
2026060003,40.4
3019160013,24.2
3001497502,55.7
2-02508-0026,75.9
1008790054,74.4
1005607501,92.2
1-01717-0028,41.9
1002050008,33.2
1-01895-0069,74.3
3053450006,57.0
3022100039,8.2
2058334237,106.3
3004650033 ; 3004650029,71.9
4000960010,105.8
2023910063,34.9
4004390027,56.0
4050200003,25.7
2-02691-0122,112.1
1-00717-7504,68.8
1-00606-0009,7.1
2-03140-0002,31.9
2-03140-0001,66.9
4090270102,8.5
4-01431-0001,49.4
3-02443-0013,59.3
1004690049,52.3
1005580044,65.7
1013020030,132.6
1020360038,109.5
2033560003,84.9
2041320026,76.1
2033430126,77.5
2033930044,70.9
2043250021,63.6
2039760049,92.0
2033430220,63.4
2031560136,84.2
2030800019,120.1
2033260013,77.3
2037530030,85.6
4-00904-0021,53.9
1-01166-0014,2.4
1-01166-0013,0.0
1-01166-0020;1-01166-0014;1-01166-0013,250.6
1-01238-7502,93.2
1008480015,188.0
1014350016,255.2
3-02303-0001,171.0
3044290001,62.2
3044060022,129.1
3044070015,1313.0
4093750285,42.6
5074690170,60.1
4026100219,64.9
3017150019,16.7
3017150014,39.3
4004250005,5.1
3017690016,98.8
2031520007,96.4
5-00119-0104,129.9
3-06539-0048,166.9
1-00779-0031,39.7
1-01050-0029,99.9
3-00164-7501; 3-00156-7502,107.0
3-00515-0050,60.3
1018550050,79.2
4014370032,48.4
3011760098,129.5
3031390012,114.2
3011730053,78.4
3019480028,75.2
3017340058,74.0
3020310057,61.4
3050990037,74.8
3051270015,90.3
3051270016,98.8
1004430056,84.2
2056110027,108.7
3018610020,76.8
1018817501,84.3
1014410017,95.7
1019010029,88.2
1005110015,45.4
1008610047,46.5
1010910001,79.7
1012610034,59.2
1008407502,111.5
1005440012,93.9
5032910015,82.7
3088330001,28.0
3028170001,64.4
3024240003,94.4
1019290029,71.9
1019290017,138.7
2022820075,36.9
3001090001,36.8
2028570051,12.3
2044390076,103.6
1011547501,119.2
3-02044-0013,62.3
2-05754-0090,93.3
3-02978-0046,82.6
1-00794-0009,18.9
2-05141-0009,0.1
2-05141-0015,0.1
2-02808-0012,138.9
2-03267-0076,74.2
2-03102-0043,124.7
2-03162-0034,129.8
2-03156-0009,101.0
2-04288-0045,113.8
2-02865-0032,92.1
2-03767-0082,102.9
2-02835-0026,89.8
2-03304-0010,89.7
2-03225-0094,89.1
1-02099-0049,98.1
2-03356-0085,47.9
2-02782-0104,117.6
2-02827-0046,91.7
2-03250-0005,100.5
2-02464-0023,42.8
2-04427-0017,90.8
2-03767-0077,88.3
2-03947-0040,88.5
2-03328-0090,108.2
2-04077-0034,90.7
2-02461-0090,95.1
2-02461-0058,36.1
2-04317-0040,84.9
2-03906-0010,80.3
2-03906-0001,88.1
2-02461-0045,83.5
2-03326-0129,89.3
2-03356-0146,78.2
2-02496-0046,79.9
2-03263-0007,79.5
2-03947-0001,86.9
2-05796-0117,57.7
2-03347-0010,68.9
2-03315-0089,69.0
2-03320-0060,68.7
2-03304-0035,77.2
2-04348-0005,28.1
2-03160-0024,18.6
2-03314-0057,74.0
2-03304-0055,86.0
3-00916-0012,100.8
1-01491-7503,49.7
3-02800-0001,50.6
4-01320-0053,0.5
3-08772-0003,39.4
3-00243-0001,21.6
2024730055,86.6
2024820040,95.3
2023480053,80.8
1010650048,99.8
3070640045,160.9
2033190072,89.4
4095230051,115.9
1012420039,91.3
3009227503,24.5
1012250055,69.7
3013840051,80.6
3062840019,53.1
1-01373-0009,61.4
1-02132-0064,101.1
3-03590-0050,21.8
1021440045,23.2
1005257503,319.0
1-00812-0019,45.0
4096600002,17.6
4096600135,16.4
4096600030,15.1
4-09660-0030,65.7
4-09660-0135,60.9
4-09660-0002,78.3
1-01770-0158,69.5
1-00871-0039,18.8
1-01251-0062,60.1
4-02611-0136,25.8
4-03233-0001,134.5
4005570003,105.6
1003940041,198.5
1006190067,115.4
1-00889-0068,27.9
1013610007,92.3
1-01937-0031,97.5
1-02006-0022,27.7
1-02006-0020,253.0
1007280060,37.4
1003540001,59.0
2042900033,74.1
1007790007,58.4
1006960013,35.4
4140300006,116.5
1008180027;1008180061;1008180063;1008180064,52.5
4-10107-0090,118.1
4-05003-7501,27.7
4-00642-0001,47.2
2-05787-0177,63.7
2-02840-0054,99.2
2024550053,102.8
4029777501,11.8
3007210001,19.9
3007210001,2.0
3007210001,3.8
1010070005,68.6
3-00051-7502,51.7
1019870001,24.2
1-01871-7501,139.7
2-03844-0016,23.3
1021590005,171.3
2031360101,21.4
3073817501,50.2
3051510028,74.6
4010820034,66.7
3001660043,91.2
5039600007,70.0
5039600061,107.9
3062190029,65.7
3017850020,103.1
3035310028,27.8
4017040172,94.6
3035120014,6.1
3035120009,45.1
3035120001,131.7
3035090001,122.8
3033300032,118.7
1020650001,55.8
2032160026,124.4
3035090064,117.0
3024437501,54.3
1012530013,106.2
1020880074,64.2
1020880114,69.0
4006130035,43.3
2024780046,15.2
2024790036,110.0
2024360033,88.8
4102137501,54.3
1005130003,58.9
1005180038,12.4
4049800024,35.8
2038500001,47.2
2038500011; 2038500001,15.4
1-00470-0050,109.6
1-01721-0063,120.2
4-15634-0001,76.0
2-02867-0125,53.0
5024000180,47.5
3010470161,50.8
3056290070,96.5
3064970030,80.3
4031690002,123.7
3002500028,31.8
3019537503,46.8
3020117501,51.1
1020860011,70.6
4004157502,94.4
1020860029,101.3
3001457501,51.1
1015700021,93.0
3050837502,48.3
3033287501,51.7
4004150020,91.1
1020860024,60.9
1020860020,113.3
1020860016,20.9
3070890001,66.7
3002680046,42.5
3011460046,61.9
4003677501,35.8
3019600038,74.1
2022950040,46.8
3011530027,86.1
3013300025,45.5
3063800049,52.3
1000100001,111.8
3056480038,48.1
3010070029,19.8
1008360010,45.5
1007620016,71.3
3044100018,41.9
3051010044,106.4
3050850075,89.8
3051230016,65.1
3051230019,75.1
3051230022,85.1
3051620020,63.4
4004580083,0.1
3-04996-7501,93.5
2054520001,34.1
5006950039,53.6
5032470020,66.1
5042790001,44.4
2023600080,42.8
1-01954-0055,63.5
1-01913-0040,63.4
1-00445-0055,74.9
1010120032,43.6
3054230026,115.3
3054200069,79.0
1-01422-0002,85.3
3-03777-0001,16.3
3-03054-7504,25.6
3-02317-0005,48.3
4049717503,89.8
3024630015,16.6
5029210006,95.2
4008130015,215.1
3052150042,116.2
1-00745-0032,31.6
1-00745-0031,487.4
2-02640-0050,79.6
1-01938-0050,56.1
1-00745-0031; 1-00745-7503; 1-00745-0032,48.3
3-08661-7502,50.5
1-00399-0001,115.9
1-00445-0045,62.6
1004100034,77.1
1017300016,142.4
4-00291-0015,15.0
4017767501,96.0
4057060006,297.5
4-10170-0050,88.5
3010310001,78.9
3-05086-7501,63.1
3-05838-0006,56.9
3-05229-0017,57.2
4002880005,40.6
4002880037,39.7
4002880017,176.9
4051400040,47.4
3065877501,53.4
3072980045,38.2
4017817502,61.3
3023270019,37.3
3034670005,22.9
4012290122,84.8
4013310041,84.6
2023540074,23.9
1012600028,96.1
1007600051,104.0
3076897502,37.4
1004720012,19.5
1004720019,20.6
1004720023,81.4
3037530004,36.7
1004720015,26.7
"1004720015, 1004720010, 1004720023, 1004720022, 1004720004, 1004720012, 1004720019, 1004720011",42.7
2030870022,32.3
4002180013,56.6
1008390033,48.1
4008020090,21.2
3010057501,168.3
3082150022,136.5
3075750068,122.6
2039300038,25.9
2039300033,95.0
3087070452,144.9
1007027501,144.2
1-00397-0022,100.0
5080080134,1467.2
5080080134,231.5
1008350015,64.7
4-01857-0038,71.4
1010450006,35.4
4053510013,17.5
4092780099,80.5
2026240080,99.2
3-01467-7501,43.3
3-01458-0052,92.7
3-01458-0140,31.1
3-01463-0016,48.2
3-01463-0041,53.7
1-02010-0024,64.8
3-01363-0012; 3-01275-0069,82.1
4-02671-0001,94.6
3076897501,24.6
3017050001,197.7
3043860001,68.0
3073670011,166.3
5028200132,0.0
4102700059;4102700047,76.0
1017260044,30.6
4002320023,57.0
1-01922-0020,113.4
1-01949-0061,69.9
3-08840-0103;3-08842-0280,50.8
4000600009,58.0
4006290041,111.6
4005430019,57.1
3003020058,51.1
2043440035,23.1
2042220046,89.5
2044360001,11.7
2043440001,99.3
2043520001,23.6
1021117501,64.8
4021750001,81.4
1001640009,120.8
1007660023,16.8
4017107501,49.9
1014320045,94.6
3-07386-0131,35.1
4-02611-0454,4.3
4-02611-0328,38.7
3-02927-0150,13.2
2-02546-0019,12.1
3-05339-7503,30.1
3-05005-0001,49.4
2-02728-0034,84.5
3-05159-0023,80.6
4-05121-0011,104.1
3-03683-0025,0.0
4-00215-0016,40.1
4-15516-0119,73.8
4-00317-0001,58.5
3-02979-0050,61.0
3-01861-7501,43.3
4-04978-7503,110.4
3-01699-7501,166.0
3-01859-7501,70.4
3-03818-7501,15.2
3-01699-0027,77.4
3-02045-7501,83.7
1-02067-7502,59.4
1010107508,47.4
2030277501,47.9
1012760001,90.5
4101550024,51.3
3087740006,200.5
3067800022,69.5
4109450110,96.9
2033000003; 2033000001,167.9
1000880002,0.0
4032380039,74.7
2042510001,75.7
4155910001,47.6
4155960007,38.4
1014720046,32.1
1008750056,47.6
4103430100,13.3
2027650198,28.2
1021420090,58.8
1009140011,88.8
1010110025,101.6
1009110008,54.6
1008810041,73.3
1004120048,160.5
1-00580-7503,32.8
2-02514-0005,132.2
4-09985-0020,147.6
3-06732-0045,55.0
1-00088-0018,27.0
4000840023,4.2
1006320017,42.8
2-05097-0005,147.7
3052490035,70.4
1019930023,81.7
1-01891-0062,13.0
3053210010,87.6
1011377501,71.9
1-02031-0038,23.1
3-00241-0008,94.9
3-00241-0028,13.3
1015070041,75.6
4-16180-7501,110.1
1015310001,162.5
1-00775-0058,56.5
4-03541-0007,59.9
3-03056-0240,158.2
3-02896-0001,11.3
3-02887-0001,118.1
4-00027-0046,43.5
3-08118-0011,188.4
4-03393-0049; 4-03393-0050,8.9
4-08884-0017,96.3
1-01638-0057,32.3
3-08134-0001,17.4
1-01035-0009,43.3
2-03053-0028,55.7
2-03053-0045,65.1
2-02546-0011,97.6
3-00772-0053,95.6
3-05292-0035,98.6
3-05125-0056,39.9
3-03117-0042,78.0
4-00409-0007,91.5
3-01465-0020,46.5
1-01293-0008,87.0
1020650007,15.0
4103150135,75.6
3-02085-7501,234.0
1-01183-0050;1-01183-0053,51.8
1-01183-0053,57.2
1-01330-7502,166.6
1010190001,139.3
2026690009,11.2
2027620123,75.8
3058700037,84.7
4017850001,126.7
3022750101,67.6
2032550071,65.6
1015680037,108.5
1021520061,89.0
1021230038,89.1
4098040050,84.8
2022880036,89.1
2023697501,76.6
1021117502,20.9
3059290054,100.1
3061330001,64.4
1001727505,37.0
1005377501,56.9
3030400001,79.6
1021420211,82.8
4022480228,0.0
4032387505,39.5
4067410006,83.7
1007917502,41.7
1007927501,59.9
2057920422,82.7
1021800092,101.1
1022420037,74.6
1022170039,24.1
1022170035,160.4
2032810045,74.7
2032810050,119.3
2048310048,95.8
1012930012,84.0
3036340001,92.5
3067397503,17.9
3050557502,18.1
1018790037,62.2
3029167505,47.8
1006027504,53.5
1003440040,902.5
1003440040;1003440041,50.6
1-02217-0039;1-02217-0035,92.8
3035120014;3035120009;3035120001,88.3
3045250001,11.1
4036670023,10.2
2031300100;2031360101,99.7
1-01125-0061,55.4
4125290220,62.3
1002320012,78.9
1005110006,49.6
1017227502,29.9
1008930064,79.1
3061140006,103.1
3017150043,52.3
3018070001,40.2
3013327505,41.2
3031770004,10.0
3012530001,63.7
4004130016,43.0
1014107502,78.2
3012050127,84.7
1022480036,66.4
4015440001,71.5
2033130001,83.0
2033080040,74.2
1021680056,87.2
1021680074,113.8
1021610001,82.8
2029510041,78.2
2031730024,60.0
2032980038,65.3
1020780061,34.9
1021700037,71.2
1021700042,14.7
1020510001,71.0
1018237501,56.3
2022947501,107.1
2-03383-0001,129.4
2-03365-0071,36.6
1-01504-0047,95.9
1015020059,64.1
1-01502-0012,17.1
1012860001,97.2
4-12277-0001,62.6
3009570062,104.6
2-02623-7501;2-02623-0213,60.1
1021620001,175.4
1021530001,28.7
1021530001; 1021620001,101.0
2024560240,59.2
3022647522,21.7
2026100065,102.5
3000640008,43.2
3018867507,86.0
5044720001,92.7
4024600009,2.6
3014550070,69.0
3046300001,87.5
3049680044,79.4
3054170033,84.2
3057290030,89.1
3076020029,84.8
2028800061,82.5
2028800047,69.1
2028800135,83.4
2043200042,51.4
2043210050,61.0
2024710050,63.5
1020910017,68.6
1021800315,74.4
1019010001,52.1
4001400040,67.0
1008950079,73.5
1009960043,146.1
"3-01503-7501, 3-01507-7501",41.0
2023710009,4.7
3155367501,12.5
2-03291-7501,46.5
2-03105-0034,103.9
2-02370-0016,24.8
3025680001,29.2
2-02674-0051,75.2
1008220058,47.1
1008810001,85.5
1010600051,100.2
3070870076,53.9
3062650006,71.7
4002150001,36.8
3022230015,29.2
3-05150-7501,68.9
3-08760-0200,124.5
3-08470-0050;3-08470-0055;3-08470-0114,92.9
3-08470-0055,97.6
3-08470-0050,0.1
1-01843-0034,181.3
3069900010,40.1
2028790107,45.0
4050240033,51.4
1010297502,88.5
1019930107,20.7
1019930073,92.4
1020830015,109.4
1019950016,95.8
1019540012,173.2
1004920004,147.4
1004940009,100.4
1004710040,71.0
1-01709-0007,68.7
1-01786-0041,54.7
1-01786-0007,73.7
1-01615-0060,57.7
3-02378-7501,49.5
2030640001; 2030640010,90625.2
1-02006-0042,136.8
3071357501,39.8
3030740012,144.4
2031980001,88.2
2033570248,78.6
3073257508,62.2
4012970050,59.5
3078000039,42.2
3024770001,30.5
3031880056,37.0
1009960021,67.5
1019017501,46.7
1006930064,75.4
1020870038,105.6
1021360106,100.2
1021180001,132.4
1020720064,96.4
1020710036,119.4
1021090041,126.9
1021140005,95.5
1021150001,116.5
1020880087,15.0
1020070002,126.1
1020870097,131.7
1020480021,101.4
1020830001,118.3
1020980023,111.5
2032180035,35.1
1012720034,47.2
1012727502,88.5
5075770003,49.9
1006240041,58.3
1019870037,94.1
1005640039,32.4
2-03160-0005,159.3
2-03181-0001,118.2
1008310059,69.7
2-03311-0040,49.1
2-05065-0001,38.5
2-02856-0053;2-02856-7501,115.8
1-01667-0012,126.0
2-02938-0009,55.7
3-02993-0001,114.0
2-03330-0068,20.1
2-02487-0030;2-02487-0032,100.5
1012810062,65.1
3018560041,17.6
1-02137-0131,18.2
1-02137-0131,132.0
4-03886-7501,25.5
2-03068-0069,46.1
2-02690-7501,80.1
2-02690-7502,22.4
4052750001,273.4
2059140315,112.8
4-09844-0005,68.1
2-02952-0009,13.7
2-02957-0001,60.8
2-02955-0036,23.5
3-05338-0060;3-05338-0051,45.8
5015110200,46.2
4000990010,80.9
1020850020,78.8
1-01083-0001,93.8
1010690024,36.1
4161840001,41.0
5002000026,57.6
3043280015,55.1
2031880014,73.0
4000060130,28.0
2032470170,87.5
4021030001,11.5
4021020001,10.8
1003720012,91.0
4035247501,38.3
3050640036,24.7
3082350315,164.0
3082350289,65.0
3074220917,91.1
3052567501,39.5
1016720001,33.4
1016120001,64.2
1020720030,49.9
1020730029,44.5
1016130006,26.4
1018630029,79.3
2031250001,99.4
3014020024,122.5
3037710037,14.5
3037710041,136.2
1017680001,92.0
1016450012,79.1
2030060067,87.3
2030060053,75.1
1015950001,76.0
1008220031,61.1
1008320053,53.0
1008440042,87.6
4043120010,578.1
4050020042,231.9
2033260018,17.0
2030060084,87.9
1018717503,25.8
4049570033,35.8
4015497501,45.3
1-01410-0033,72.8
4-05044-7502,21.5
4-15908-0009,44.4
2-04423-0001,158.0
2-04422-0001,175.4
3-08446-0019,39.2
1-00162-0001,66.7
5-05735-0001,47.7
4-00805-0001,73.8
5-02400-7501,56.8
1-00195-0030,26.5
3048530086;3048530082,76.6
3066170045,20.7
4050197502,40.5
1-01271-7501,269.1
1-01395-7501,0.0
1-00870-7501,78.1
1-01515-7503,47.6
1-01422-0005,129.3
1021720064,88.8
1021720060,84.6
1-01888-0087,48.2
1-01887-0058,109.0
1-01228-0001,49.5
1-01226-0040,44.6
1-01236-0010,44.9
1-01200-0005,78.4
1-01200-0025,57.2
1-01208-0029,38.1
1-01502-0052,138.2
1-01521-0020,73.5
1-01581-0030,55.9
3-05399-0015,47.2
3-05390-0074,42.8
2-02439-0090,121.0
2-02439-0080,141.0
2-02439-0001,134.4
2-05796-0129,50.3
2-05909-0163,50.3
4-03086-0040,69.7
1-00462-7501,61.2
2-03311-7501,29.0
4096310232,87.7
3056310014 ; 3056310055 ; 3056310038 ; 3056260001 ; 3056320001,529.5
3056260001,81.1
3056320001,111.5
1012630038,88.9
3056380033,82.9
3056380019,20.9
3052880061,632.9
3056310038,943.8
3056310038,944.0
3-07620-0005,67.3
1-01512-0062,19.4
1-00562-0001,75.9
1-00718-7502,33.4
1008330049,50.5
1008340029,67.7
4001200012,89.7
3-00251-0001,51.5
3-00234-0008,55.1
1012630038,67.1
1008607504,81.0
1008160063,43.2
3-02714-0033,18.8
3067240001,91.4
1-00908-7502,64.9
1006970031,64.8
3-05128-0029,4.5
1-01026-0041,169.7
1-01242-0024,74.8
1-01020-0051,127.0
3-01020-0052,34.1
4-02611-7501,47.4
1-01259-0047,46.3
2-03324-0070,75.6
2-03346-0026,64.8
1-00802-0049,36.9
4-00415-7505,63.2
1007570017,65.0
1007610028,72.7
101261-0054,62.9
1013730160,54.9
1008250056,10.2
1-00825-0024,39.5
3-06630-0039,84.6
3-02306-0018,64.2
3-02306-0022,62.7
1-01578-0001,74.9
1-01041-0050,58.7
1-00529-7508,70.5
1-01246-0029,74.8
3-00165-7502,52.6
4-07117-0401,85.8
4-02251-0054,96.5
4-02251-0002,89.0
1-00884-7503,48.9
1-01516-0001,69.9
1-01303-7501,96.0
3-00054-7501,35.9
1-00508-7502,104.2
3-01066-7504,34.1
3-01052-7503,43.2
3-00271-7502,37.0
1-01158-7508,53.5
1-01270-0020,65.6
3-05417-0058,83.9
1-01186-0091,58.8
1-00877-0084,79.9
1-01883-7502,17.6
1-00868-7501,65.6
2028110003,96.7
2036500001,170.5
2036490001,15.8
1018950008,0.0
4021270018,58.8
4021320054,84.5
4021330036,123.8
4033380030,73.0
2059040086,78.2
4001390024,67.8
3045980058,122.4
3013270072,93.7
3052460047,104.3
3052330015,69.1
3067240001,91.1
3067480045,84.1
3076740039,78.1
3058410001,78.1
2030640100,1.7
2031470050,26.0
2030640001,442.9
2030510045,94.2
1015820052,53.0
3022880001,81.9
1004260005,130.0
2039870058,64.4
4012667501,54.4
1012530035,69.8
3072987503,12.1
3031970042,53.2
3065327501,54.8
1019107501,69.2
4125290205,49.9
3019677503,15.8
3000307501,40.1
3004447503,70.6
2039820001,100.7
1005870046,49.2
1011170055,87.4
1007650047,70.4
1013240016,73.1
1004610035,144.9
1013420027,83.6
4031640012,82.1
1008887501,40.3
4015550001,83.2
1015280001,166.6
1005120014,54.6
4113760023,21.0
1-00860-0061,40.9
3-01436-7501,27.5
1-01569-0035,67.7
1-01502-0059;1-01502-0012,56.4
3075790010,99.3
1019107501,69.1
1021590067,57.3
1021550075,16.3
1021590083,96.6
1021590093:1021590067,64.3
1021550080,115.0
1022280007,69.4
1021740105,81.0
1021750180,105.5
1021550083,103.6
1021590009,85.3
3052400025,56.7
3052480012,67.0
1020960017,66.1
2025040141,59.2
2022920037,67.0
2028660045,90.0
2028660080,26.5
2031030020,30.7
2031430036,67.4
2051110001,11.7
3061080022,48.1
1016220020,70.2
1016220043,43.0
2028970127,88.8
1008867504,26.8
1009017502,23.5
1005947509,67.7
2031430155,134.3
1017170028,41.3
2030810008,79.6
1005450046,72.8
1012130009,66.0
3061000028,65.3
2-03343-0260,75.0
2-01682-0045,199.4
2-01683-0086,170.4
2-01683-0088,104.8
2-01683-0089,94.8
1-01863-7501,37.1
3015990030,39.7
3036870012,74.4
1012710050,120.8
1019410020,92.9
2029340047,95.3
2032620106,95.5
2023980022,83.8
5010370006,117.9
2030880039,52.9
2027050005,63.6
1-02157-0081,83.1
1-01824-0016,86.5
2-02378-0034,91.6
1-01827-0001,83.6
1-01221-0001,66.6
1-00904-9024,18.1
2-02880-0153,98.5
1-01740-0007,79.2
1022150700,68.4
2-02951-0057,46.0
2033190021,29.1
4003420018,40.8
2026060041,68.9
3026120125,74.8
5-00002-0015,72.7
3020120001,37.9
3050720006,38.5
3010930038,79.3
3018430020,93.9
1007190029,222.8
1013430024,38.4
1018460044,57.7
3010810043,106.2
3019057502,63.4
3019057503,47.5
4020860040,88.9
1003720041,64.2
4049680024,35.6
3019940007,47.5
1008610059,56.8
2039320182,172.5
4013340013,51.6
1019510014,117.6
1020810001,110.2
2027260066,52.3
1011830032,56.3
3018370053,99.6
3018480001,85.0
1-00475-7509,117.4
3-05421-7501,42.3
3-03345-7502,27.2
3-02532-0001,56.0
3-00987-0001,58.8
1007400001,411.0
3067390057,30.8
2043400008,75.5
3009800075,98.9
3043680001,80.6
1020720001,120.1
1012430001,3.0
2028660020,70.7
2028770516,62.1
2027990025,95.2
1007790057,40.0
1009090028,74.9
3064980030,26.0
3064980032,48.8
3007710110,60.5
3008120001,21.0
3008120020,1.1
4001580038,82.7
2-03061-0026,68.8
2-02990-0027,56.6
2-03061-0036,95.9
2-03061-0022,60.9
2-02990-0043,87.5
2-02990-0050,74.6
2-02990-0037,149.4
2-02990-0034,6.2
2-02878-0170,71.6
2-02878-0178,48.9
2-02724-0220,266.7
2-02873-0103,87.3
2-02872-0365,121.5
2-02983-0038,73.4
2-02997-0026,19.9
2-02997-0009,97.1
2-02997-0013,74.2
2-02997-0017,84.5
2-02997-0001,53.3
2-02997-0005,68.6
2-02872-0252,62.1
2-02714-0061,208.0
2-02712-0023,76.8
2-02723-0012,101.3
2-02712-0001,97.1
2-02712-0040,80.9
2-02757-0010,83.3
2-02757-0024,76.9
2-02757-0028,62.6
2-02750-0020,85.9
1002947502,55.2
1002797502,44.6
1002767503,38.6
1003107503,40.8
1-00779-0027,41.4
3047180001,417.0
1-01020-0005,89.8
3-01081-0038,70.4
4007820001,144.1
1-01395-0020,36.1
1021740089,91.8
3056310014 ; 3056310055 ; 3056310038 ; 3056260001 ; 3056320001,525.8
1-00188-7504,55.3
1-00500-7506,69.5
1-00149-7503,56.9
1-00943-7502,31.2
1-01061-7502,22.5
1-01046-0023,64.1
1-00379-0045,35.0
1-01680-7501,34.8
1-01844-0033,94.7
2032630031,81.9
4005920008,71.5
1008770009,65.8
1006330028,46.7
3002427501,67.4
2025160026,13.1
1004917502,41.4
1021327501,25.9
1021807504,36.9
3070170043,14.8
4025500053,37.9
3-05305-0051,77.4
1-01522-0012,75.5
1-01163-7502,57.8
1004980011;1004980009,50.3
1007120014;1007120021,71.2
2028320001,82.0
1-01263-0059,77.7
1-01262-0054,92.1
1-01263-0061,99.4
1-01263-0024,51.3
1-01263-0018,70.5
1-00999-0009,149.0
1-00840-0019,41.5
1-00839-0070,36.8
1013630008,55.7
3075600057,48.4
4004120001,0.7
4000610055,53.9
1008680008,87.0
1007610053,32.4
1010390017,158.8
4006270007,58.8
3034567501,29.2
3050810015,77.0
1021800200,60.1
1004100071,63.2
2024620033,63.1
3-01072-0040,64.5
1-00177-0002,4.2
1-01242-7501,36.7
4-06712-0032,69.5
3-03590-0050;3-03590-0011,80.9
2036420030,36.6
3000517501,94.1
3055220036,63.3
3085580010,70.6
3075930051,56.4
3003397503,40.2
4-03169-0036,10.8
3057940150,55.5
3043860001,68.7
3020117502,50.4
4021330016,17.6
2029760020,84.9
1-00846-0071,75.5
1014237501,84.2
3056310001,75.9
1000690006; 1000690018,66.8
1007750044; 1007750046,81.0
1013730160,33.2
1-00763-0028,60.1
1-01166-0061,45.7
3-00234-0059,74.4
3-00230-0017,64.5
3-05185-7501,82.9
3-00444-7501,47.5
3-00345-7501,40.9
3-00319-7502,70.1
3-00237-0008,69.3
3-01137-7501,37.2
3-00208-0331,56.2
3-00226-0010,67.0
3-06940-7501,68.0
3-00241-0001,74.8
3-00251-0043,70.9
3-02073-0015,68.2
3-00236-0001,62.6
3-00229-0006,54.2
3-00208-0508,60.5
3-04837-7502,29.5
3-00238-0065,48.6
3-07464-0035,57.8
4-16250-0001,63.3
3-00323-7503,73.2
3-08821-0001,62.7
3-01059-0050,61.8
3-00235-0028,69.9
3-00231-0030,18.1
3-01073-0041,56.5
3-00238-0026,62.0
1-01249-0022,81.8
"3-00241-0008, 3-00241-0028",54.0
1013430036,79.0
3002540062,72.2
1004870001,50.2
4098450027,76.7
1019887502,46.0
1004467502,69.4
1014127504,68.5
1014917504,37.3
1015220014,62.1
1007167505,94.9
1020750053;1020750049,50.8
1020620041;1020620037,93.0
1003410070;1003410001,85.1
4050057502,64.6
1006080039,78.9
4005790055,87.4
1013500020,61.4
1005670019,65.4
4051927502,46.1
4049570033,37.3
3018937503,56.4
1022350029;1022350035,61.5
1012060001;1012060045,82.5
2030167502,54.6
2-03827-0215,84.4
4001150187,33.1
2-04671-0051,69.2
4-02314-0001,65.8
4-02322-0001,308.9
4-02314-0001;4-02322-0001,135.5
3-01283-0001,116.7
3-07260-0028,80.2
4-00528-0050,66.8
1-01203-0001,64.2
4-05026-0035,56.5
1-00801-0049,59.1
1013020043,86.0
1007600018,78.2
1018880053,53.0
1018880063,57.4
1012420001,64.1
1008330024,21.0
3009587504,38.6
3-05409-0038,87.3
1-01888-0010,52.5
1-01507-0001,66.8
1-01878-7501,72.1
1-01869-7502,75.5
1-01428-0045,57.5
1-01246-0036,63.2
1-01379-0051,76.8
1-01888-7503,63.8
1-02134-0071,40.2
1-01183-0029,79.8
1-01148-0056,91.9
1-01876-0046,54.7
1-01250-0094,60.2
1-01117-0029,67.4
1-00890-0020,62.0
1-01248-0019,60.1
1-01565-0028,74.9
1-01244-0001,50.2
1-02179-0170,48.1
1-01170-0023,56.2
1-01432-0005,74.6
1-01204-0016,64.5
1-00820-7504,56.2
1-01147-7501,54.6
1-01892-0032,43.0
1-02053-0001,15.6
1-01075-7501,73.3
1-01503-0069,67.8
2-05745-7501,27.0
1-01506-0065,90.9
1-00778-7501,49.5
1-01042-7502,60.6
4-07633-0001,104.9
1-01515-7503,64.8
1-01217-0006,12.2
1-01580-7501,59.7
1-01182-7501,58.5
1-01342-0023,43.9
1-00529-7501,45.1
1-01118-0022,46.6
1-00451-7502,56.8
1-01408-0041,54.3
4-01459-0001,61.0
1-02180-0633,72.9
1-01141-7502,82.2
1-01469-7501,74.1
1-00353-7501,68.1
1-01411-0053,60.7
1-01114-0061,33.8
1-00576-0066,58.7
1-01179-7501,18.5
1-01063-7502,31.8
1-00589-0014,72.0
1-01126-0048,71.4
1-01550-0045,62.0
1-01120-0007,143.2
1-01838-7502,45.5
1-01832-0006,75.9
1-01519-0046,49.4
1-01948-7502,53.9
1-01890-0073,59.0
1-01469-7502,49.5
1-01513-7503,43.8
1-00817-7501,56.2
1-01270-7501,69.0
4-00082-7501,56.2
4-05878-0075,52.7
1-00548-7501,82.6
1-01525-0001,52.8
1-00193-7501,60.0
1-00140-7501,95.7
1-01186-0095,64.5
4-06715-0002,89.3
1-01506-0003,65.9
1-01119-0029,89.8
4-07648-0002,123.3
4-07117-0051,97.8
4-00016-7501,39.1
1-00945-7502,35.3
1-01217-0011,14.6
1-01515-0046,55.2
4-00665-7501,30.2
4-07636-0007,74.0
4-07638-0012,72.4
2036500001;2036490001,98.2
1011717514,20.9
1008290032,76.8
3-00229-0001,64.7
3-00032-7501,34.6
1-00787-0067,49.8
4-15638-0001,57.0
4-15638-0001,113.1
3-00133-0013,36.0
3-00133-0015,96.6
4102190287,25.6
1006917503,41.1
1011447501,74.9
1012140014,16.7
1012140010,22.8
1013240015;1013240016,63.2
3074050736,74.3
2058451863,106.1
4082560108,76.8
1008360007;1008360009,48.5
1021300022,118.0
1007870023,62.6
1021600001,130.4
2032190094,83.0
2046620075,36.9
3074030029,62.6
4083360001,263.2
3031690017,62.8
1021310013,123.6
1008187502,35.0
1001497501,52.8
3012490007,68.6
1004520006,61.1
4000787502,49.8
1009197502,54.9
2057420136,57.5
1015250005,153.6
2047770002,392.9
1008560009,57.4
3044147501;3044157501;3044237501,85.1
1-01671-0052;1-01671-0051,21.0
1006090020,19.3
1002320006,65.4
2024560140,68.6
2024580085,66.8
2024580025,83.7
2024580080,52.8
2024580016,75.0
2033430216,77.3
2033100040,71.7
2033100053,13.1
2024560150,77.8
2028250010,99.3
2042870055,68.0
2043210013,52.9
2043210021,49.6
2043430001,101.5
2032480100,59.5
2032480084,78.5
2032740027,75.5
2032740021,73.0
2046490041,59.8
2032240032,85.9
4033397501,60.5
2033260001,74.6
3067960026,63.2
3067960017,80.7
4014300043,64.6
3073340018,63.3
2033290001,76.9
2033290025,83.1
4001850027,59.0
4015277502,73.0
4001620011,59.5
4001620034,64.4
2033040128,97.5
1021360007,56.9
3067760065,64.0
3053380075,75.6
3073350068,83.1
3059390006,55.8
4033397501,49.0
4033397501,44.7
1005480040,94.0
1006247504,70.7
3064990058,136.2
3065030099,130.9
4-05060-0037,46.1
1004960001,142.3
1012630034,88.2
1-00767-0043,115.7
2031720003,70.8
2030317501,52.6
2028090026,113.9
3047240040,75.4
3050420056,67.9
2032400028,46.1
2049970001,45.4
1-01427-0038,66.0
1014447501,50.7
1014320045,101.2
1008650053,72.6
1011410051,43.5
1016440001,134.9
3048370065,41.2
1005570017,21.5
1004667501,64.2
2-03319-0056,76.3
3-08676-7503,16.7
3043870001,50.7
3066787502; 3066780068,19.2
3-00239-7501,74.5
1013057501,35.3
2029260002,194.7
1007580028,56.7
3088180043,86.2
4015450033,71.3
1019157501,41.8
2-02724-0220; 2-02724-7502,59.5
3-05129-0041,39.9
3-05129-0040,40.1
3054000068,55.8
3054240018,45.2
3016280024,45.5
3-00432-0025,14.1
1-02001-0038,120.6
1-02001-0050,84.6
"1-01594-0042, 1-01594-0054, 1-01594–0058,",84.6
"1-01594-0050, 1-01594-0061, 1-01594-0065",72.5
1-01955-0026,75.9
3-02106-7502,76.9
1013680042,56.6
1010727501,62.7
1017537503,34.9
3050900086,65.7
3031970034,38.3
1016007503,99.9
1019167503,63.9
1011960009,46.8
1014050051,66.6
1019630055,86.5
4014460045,62.4
2057780879,59.2
1010080026,122.7
4097160122,35.9
1021550068,134.6
1021550091,90.1
2024820001,89.5
2046680001,77.8
4051850043,69.3
1001377503,85.6
1012500100,54.0
1005027501,72.2
1015760005,81.1
1005960092,70.0
3081340301,64.2
4001110011,141.2
3081380250,69.3
4-12999-0160,117.5
4025730025,78.1
2056550326,120.7
5021620600,165.5
1006020036,54.9
1003850014,64.6
3001220005,90.8
1007970007,23.6
1007600068,89.3
3001340001,90.9
1007080020,27.9
1007000027,48.4
3001220013,75.1
1000420001,95.4
3011637501,17.6
1008150014,38.1
1007890062,86.7
3026130001,84.2
2045120005,17.8
2023347501,64.7
3066437501,6.0
3025690035,82.2
1013290035,14.4
4050037502,38.6
4001927501,55.0
1004757513,50.7
1020427502,20.7
2-02287-0026,32.0
1-01953-0036,57.7
2039200005,106.5
2-04659-0001,35.7
2-02711-0128,50.9
1-00145-7501,56.1
1-00797-7509,44.8
1-00556-7501,50.8
1-01054-7502,93.7
4-01641-0001,77.5
4-12099-0050,66.5
3-06608-7501,90.0
1-01432-0001,54.3
4-05863-0200,131.2
4015367503,43.0
2033340010,71.1
3052327501,26.2
1-1234-7502; 1-1234-0064,49.0
1014730016,54.1
1-01248-0022,56.6
1018900061,53.2
1-01310-0001,63.0
3-01084-0039,54.3
4-01493-0015,98.0
1-01549-0024,13.9
1-01531-0038,114.4
4-03526-0072,48.1
1-00850-0058,50.8
1-00475-0056,75.1
1-02007-7501,51.5
1-01949-0026,94.0
3-05044-0063,73.6
5-00327-0015,93.7
5-00327-0060,107.6
1-01393-0040,72.5
3-02004-7501,37.6
1-01919-0026,74.9
1-02170-0001,96.6
3-00212-0001,70.1
1-01232-0057,60.0
1012600016,140.5
4004340016,55.8
4041160006,38.5
2052930001,16.0
3057940100,141.6
5023800040,86.5
2032990014,41.3
1-00519-0044,116.8
3-08821-0001,265.7
3-08821-0001,3.7
3-05185-7501,41.1
3-05185-7501,39.6
3-01137-7501,34.8
3045157501,53.0
3045167501,45.4
1014900122;1014900001;1014900028;1014900044;1014900040;1014900030;1014900032;1014900036;1014900010;1014900015;1014900009;1014900019;1014900023,104.0
1014880001;1014880013;1014880045,84.0
1014670021;1014670018;1014680021,115.0
1015120001,58.9
1005770030,48.8
1005217506,61.7
1005780071,44.2
1000777501,51.8
1006077503,89.9
1008670057,71.6
1006077502,107.6
1013817502,61.1
1005610001;1005610045,66.1
1016170007,81.2
2028800029,127.0
3012730020,16.0
3012730023,20.3
3042710005;3042719001,133.0
3012730025;3012730020;3012730023,119.6
1015447504,80.1
1015437503,74.3
3002077501;3002077502;3002070001,95.7
3018590006,143.9
3018590010,14.6
3016760001,126.7
3-02220-0038;3-02227-0032,69.4
2025230053,83.3
1-01583-0006,35.4
3-07969-0065,101.3
3-00140-7502,71.9
1-01383-0069,106.7
1-01018-7502,52.4
1-00691-7501,89.9
1-00412-7501,88.4
1-01247-0040;1-01247-0043,16.3
2-02604-0270;2-02604-0500;2-02604-0600,30.2
2-02604-0270,0.8
1008260026,103.3
4155610029,47.9
4000700001,15.1
1008200026,17.9
1008260065,30.4
1008290011,90.4
1008230073,29.4
1007950028,64.1
1008000025,65.8
1005000036,54.9
1008110051,35.8
1005000038,54.9
1008050019,34.8
1007840051,35.9
1015250015,37.3
1008290036,138.4
1007850018,38.2
1007850067,40.1
1007890001,61.6
1007840041,45.3
1007850037,43.7
1007850041,72.4
1007590045,52.1
2030470014,70.7
1000520008,115.4
1004970009,51.0
4035300039;4035300045,59.5
4006250004,115.0
4012180001,102.3
4015660006,130.2
4013140017,86.4
3084090001,63.4
1004250030,50.2
1021660044,98.5
1021800350,92.8
4053370027,24.3
1010650036,105.9
4033217501,64.3
3012177501,40.2
2057647501,72.3
4035300039,119.0
4123220001,74.4
3011747503,28.0
4000477501,58.6
4001960027,77.9
1003537503,55.3
4161240033,12.0
1005187505,35.3
1-00486-0036,63.8
1005977504,70.7
1002287504,74.6
3001730001,123.9
1016100009,109.4
1016280006,107.0
1016290030,86.8
1011637504,61.9
1010767502,20.8
1015000054,38.4
4017217501,60.1
1007780007,35.0
3048030037,49.5
3035617501,42.7
3059130012,101.0
2029477501,99.0
4032930074,88.9
1012810061,159.6
3013610056,91.5
3018760001,26.3
1006620003,97.8
1-01385-0001,346.3
4-10209-7501,46.2
3018560001,79.0
3071040275,58.1
3071040275,3.2
3071040275,193.8
3071040275,3.5
3071040275,2.6
1009910060,52.8
1000767501,92.6
2023190002,36.9
1006957511,39.0
1012320057,60.1
3050970120,62.3
1011247501,71.5
1-01622-0073,90.3
2-02271-0005;2-02272-0022,129.4
2037087501,71.4
3008047501,61.7
2037350012,10.2
1012840014,175.9
4000850030,43.2
2022780070,41.4
2023410010,35.2
3018840048,70.3
3018840040,70.8
3055970053,37.6
3051270066,33.4
4035410023,68.9
2027240134,110.4
3029290046,104.0
3021820021,117.0
3064970038,94.5
3052890083,25.8
3050830050,36.7
3056847503,32.5
1021590074,56.3
3051560048,53.2
4033950016,72.3
2-02268-0027;2-02268-7501,31.8
3030820065,33.1
4028600016,2.2
4158520060,65.0
1014390042,58.4
1014390009,54.5
3035130001,279.3
3018630010,25.4
1008490063,61.8
1008010024,46.4
4006520042,63.7
4-05136-0050,85.0
1018770037,17.8
3018390040,32.4
3052187501,43.5
4043180001,7.9
2033090031,41.8
3059070006,91.4
4098370080,100.2
3067800001,38.1
2024587501,54.9
3-01483-0003,25.7
3-03323-0001,27.1
3-01969-0022,88.3
1018670001,441.6
1018660001,80.4
3-02851-0001,36.8
2-02527-0055,64.7
2-02831-7501,77.1
3-03819-7501,72.0
3-03805-7501,78.8
1-01756-0026,71.9
3-03820-7501,69.5
1-01756-0024,52.4
2-02527-0050,59.2
3-01447-0001,67.3
3-01992-0020,70.5
3-03804-7501,84.2
3001720005,94.0
3-07069-0001,142.7
1-01373-0060,60.5
1-02156-0068,99.1
1-02143-0044,76.7
1-02158-0062,101.6
3008440013,11.1
2043370032,52.2
2043400086,74.7
2029470052,68.1
3067660086,22.2
3025570003 ; 3025570001,32.4
3002370020,71.1
1014140013,36.3
2024550059,87.4
2024550062,48.3
2024550059; 2024550062,151.6
4013190021,28.0
3010020001,64.6
2028340001,114.2
4002920027;4002920001,53.5
3023380027,32.4
1003947507,59.0
1-01831-0056,72.3
3-06735-0080,32.3
4-03810-0375,31.8
2-03997-0030,70.7
2-03005-0077,92.9
2-02800-0008,99.4
3-06288-0037,78.5
1011420061,101.3
1008797504,20.3
2032630058,14.8
3073800024,79.1
1000910013,99.1
4004510001,31.4
3016000007,108.0
3050880021,37.3
1-01260-0020,192.0
4003420002,106.7
1-01036-0036,64.9
1-01080-0105,71.8
1-01081-0060,70.0
1-01081-0029,103.1
1-01081-7503,21.0
1-00733-0005,53.6
"1-01080-0028,1-01080-0025",131.6
1013690045,79.1
3057940100,141.5
1-01955-7502,70.8
3-02719-7501,25.1
5000220070,30.3
1015650017,100.2
1006317502,100.9
2033010004,104.7
2031790057,104.2
3024160151,34.2
4004360021,14.7
3015930023,36.6
2024530007;2024530012,80.8
1008310007,68.5
3060890044,89.9
3073520039,79.9
1022210005,52.1
2-03212-0082,79.9
1-00554-0035,66.2
1-00799-0012,54.6
1-01284-0014,158.1
1009237501,58.2
1005770019,67.3
2-03780-7501,36.0
1-02092-0036,81.9
3-02533-0033,46.9
1-00231-7501,60.4
1015200027,61.2
1015187501,78.6
1015167502,23.3
1010107507,86.7
3018590006;3018590010,80.9
2028160001;2028160070,83.6
2024260004;2024260008;2024260012,110.9
2032580222;2032580177,87.0
1015090051,62.5
1006750012,41.7
2057600112;2057610444,97.0
2028300021;2028300025;2028300030,107.6
2028310065;2028310061,100.3
2033470038,139.0
2033470036;2033470038,71.3
2024560075,93.6
2028350016,91.3
2028760112,82.1
2029530048,107.5
2032180074,88.2
2031630021,131.8
2031730048,108.9
1021580045,93.2
3050650065,60.0
2024790001,84.1
4015810014,100.3
3064480006,77.6
2031250040,79.0
3-06083-0038,12.3
3-06083-0041; 3-06083-0038,101.6
1012770027,131.6
4-04972-7504; 4-04972-7502; 4-04972-7505,45.9
1000790010,29.2
2028080009,17.2
2046540001,80.6
2037230048,60.7
2030890037,84.9
1-01391-0029,31.5
1-00214-7504,192.4
1-00482-7502,65.3
1-00800-7502,78.9
1-00490-7502,88.4
1022500072,29.4
3032310033,57.8
1013667501,90.1
2-05141-1135,62.5
1001507504,28.2
1006967504,55.1
1005020038,62.2
2026030067;2026030073;2026030078,52.0
2026030067,20.7
2026030073,63.3
2026030078,72.6
2043190010,104.6
4040670001,19.8
1019220049,114.5
3013140050,73.0
4049717501,62.7
4050490023,34.5
4053740038,84.3
4096207501,62.6
3051490008,106.2
3022950021,179.2
1021680036,62.6
2-02453-0081,48.4
2-02453-0068,53.5
3-03669-0022;3-03669-7501,59.0
4020930001,78.4
4020930245,95.6
2059530240,89.8
2059530038,83.5
2059530230,84.7
2059200653,95.9
1018417503,76.5
1007980071,48.3
1018510012,60.7
3024037501,37.3
3053770043,59.5
1008010008,23.2
4014627501,96.2
4000817501,46.8
1012620024,42.2
1011960052,64.6
1008390063,63.9
1013210042,67.1
1014670005,49.5
1020467501,77.4
1015190067,43.4
1013500035,85.9
1007907505,35.5
3050837503,37.4
1008270060,51.9
1012357501,89.1
1019147502,66.8
1014600017,55.5
1012197501,80.5
3011807503,33.3
1009350053,85.2
3067390047,34.7
1007677502,52.8
1003310120;1003310065,88.5
3072740060;3072740015;3072740001,73.2
4020930001;4020930245,86.2
2-02698-0079,42.1
1-01808-7501,50.7
2-02891-0037,127.9
2-02607-0032,167.6
1-01807-0015,56.3
2-02891-0042,103.3
3014500001,50.8
3038750050,20.2
3052950052,60.0
3049490031,58.5
3068027504,27.5
4003220112,19.6
2-02981-0021,99.2
3-00172-7501,40.2
1021790185,79.1
1022150470,72.5
3031340005,50.0
4-01860-0100;4-01860-0101;4-01860-0059;4-01860-0064,64.0
4-03355-0140,91.0
1-00885-0008,60.4
3058830001,33.8
4090750001,14.6
1-01519-0040,112.3
4098350026,47.3
3047180001; 3047180020; 3047180027; 3036310030; 3036320019,294.8
2-02690-7502;2-02690-7501,43.0
1001210001; 1001220001; 1001530024,69.2
1001220001,630.5
1001210001,48.9
1001530024,46.5
1001220001,54.1
1019570001; 1019570100; 1019570105; 1019570129; 1019570200; 1020710027,139.6
1019570001,663.6
1019570100,17.9
1019570200,272.6
1019570001,1291.1
1020710027,10023.2
1019570001,89.2
1020710027,129.6
2043330001,202.2
2043330001,1.5
2043330001,150.7
2043330001,63.7
2043330001,678.2
2043330001,455.4
2043330001,386.6
2059000050,267.4
2059000050,265.6
2059000050,316.0
2059000150,63.9
2059000150,43.6
2059000150,113.5
2059000150,17.0
2059000150,23.1
2059000150,95.9
2059000150,128.3
3000580050,76.5
3000580050,73.1
3000580050,170.3
3002080025,487.3
3002080025,649.1
3002080025,321.0
3006250002,619.5
3006250002,2762.5
3006250002,115.4
3008800001,55.7
3008800001,56.0
3008800001,54.6
3008800001,162.4
3009210001,211.7
3011670018,65.3
3011670018,64.9
3011670018,190.1
3013160015,49.9
3013160015,49.7
3013160015,102.1
1021500030,59.1
1021500030,58.9
1021500030,100.1
3013550023,53.4
3013550023,52.5
3013550023,315.5
3015180001,57.7
3015180001,57.9
3016160001,50.0
3016160001,49.4
3016160001,50.2
3016160001,230.0
3016430036,73.9
3016430036,74.2
3016430036,9.7
3016710019,45.1
3016710019,44.5
3016710019,190.5
3017230001,243.9
3017230001,119.6
3017230001,245.0
3017390011,57.1
3017390011,57.6
3017390011,12.8
3017590013,44.7
3017590013,44.4
3017590013,93.3
3018190014,44.0
3018190014,43.5
3018190014,161.2
3019260010,56.7
3019260010,56.8
3019260010,4.6
2023430014; 2023460029; 2023500024; 2023500039; 2023560020,58.3
2023500024,54.5
2023460029,78.1
2023430014,52.2
2023500039,67.7
2023560020,35.0
3019620010,66.4
3019620010,66.0
3019620010,160.4
3020390101,98.0
3020390101,144.4
3020390101,101.7
3020910003,75.8
3020910003,75.1
3020910003,258.1
3021030004,69.3
3021030004,69.4
3021030004,16.6
3021770001,49.9
3021770001,49.5
3021770001,173.5
3022460001,55.6
3022460001,55.8
3023910001,58.2
3023910001,56.9
3023910001,205.2
3024530001,111.1
3024530001,207.3
3024540001,79.4
3024540001,27.1
3024540001,182.9
3031850001,66.4
3031850001,66.3
3031850001,107.5
2026150014,68.2
2026150014,68.6
2026150014,189.8
3034160001,78.5
3034160001,78.7
3034160001,18.1
3035700001,249.8
3035700001,264.2
3035700001,22.2
3036040001,33.7
3036040001,40.9
3043920001,60.3
3043920001,60.4
3043920001,14.9
3044010001,66.5
3044010001,66.7
3046480001,70.1
3046480001,69.9
3046480001,126.0
3048110001,77.3
3048110001,78.2
3048110001,39.2
3048110001,1.1
3050510001,145.5
3050510001,55.7
3050510001,150.9
3053230032,46.6
3053230032,46.5
3053230032,65.1
3064180001,15.1
3064180001,96.0
3064180001,10.6
2029050030,80.0
2029050030,322.2
2029050030,30.3
1006180040,64.1
3032300002,52.2
3016130016,54.3
3031320021,56.9
1008780001,89.3
1-01070-7501;1-01070-0034,108.9
2033560126,61.4
2032120088,82.6
2033180023,95.2
2033490024,108.4
2028790080,103.2
2033080051,93.4
2032020021,122.4
2033240013,97.5
2033530034,70.2
2048340033,131.4
2043250001,80.0
2043100008,88.7
2031540029,90.3
2032950016,72.9
2038380260,39.8
3-00441-0042,60.8
1008800009,82.0
4118860021,42.3
1-00888-0037,47.4
3069430030,74.6
3069430030,118.8
3070540045,79.2
3070540045,61.7
3070540045,4624.6
3070730101,156.7
3070730101,70.5
3070730101,157.5
3074470001,35.6
3074470001,35.4
3074470001,89.7
3077580001,60.3
3077580001,59.7
3077580001,206.6
3079980005,53.9
3079980005,24.9
3079980005,54.2
3080180001,43.2
3080180001,43.0
3080180001,127.3
3085900600,79.4
3085900600,126.3
3085900600,74.0
3085900600,31.8
3085900600,121.2
3087600485,32.4
3087600485,118.0
3087600485,28.4
2029200002; 2032220001; 2032220040; 2032220062; 2032220620; 2032230050,74.4
2032230050,33.8
2032220062,776.6
2032220062,44.7
2032220062,2761.3
2032220062,11.0
2032230050,7.2
2032220620,49.4
2032230050,52.4
2032230050,8.5
2032220062,43.4
4003540001,15.9
4003540001,17.1
4003630001,63.0
4003630001,56.4
4003630001,101.3
4005940001,34.4
4005940001,34.1
4005940001,139.1
4011090016,91.1
4011090016,105.1
4014190001,56.4
4014190001,55.9
4014190001,185.7
4014410015,68.9
4014410015,68.2
4014410015,239.1
4020770050,34.6
4020770050,50.0
4020770050,19.3
4021280014,70.8
4021280014,70.4
4021280014,167.7
4021430001,79.4
4021430001,79.2
4021430001,102.3
4022090010,110.5
4022090010,227.5
4022090010,88.4
4022090010,279.7
2031090001,74.4
2031090001,455.2
4022480100,92.7
4022480100,93.0
4022480100,18.0
4031720002,41.5
4031720002,40.0
4031720002,581.4
4038660070,51.1
4038660070,9.2
4038660070,1351.0
4038660070,192.4
4038660070,2.7
4038660070,1.5
4038660070,29.8
4043460075,97.7
4043460075,97.5
4043460075,97.8
4044130020,76.8
4044130020,77.2
4044130020,6.7
4047290001,37.6
4047290001,42.4
4050470001,48.9
4050470001,45.6
4050470001,1240.9
4066060002,88.5
4066060002,87.8
4066060002,259.7
4066970012,93.4
4066970012,93.7
4066970012,25.0
4067890001,89.2
4067890001,88.7
4067890001,251.4
4067890001,17.5
2031200020,570.1
2031200020,0.0
2031200020,55042.4
2031200020,57.9
2031200020,1390.7
2031200020,175.1
2031200020,403.0
2031200020,55.5
4068340001,44.1
4068340001,43.2
4068340001,242.1
4071170421,4.3
4071170421,4.2
4071170421,16.3
4072900001,72.9
4072900001,10.5
4072900001,12.3
4072900001,46.5
4072900001,144.6
4072900001,264.6
4073120001,55.8
4073120001,37.8
4074100001,87.0
4074100001,86.3
4074100001,206.1
4076190001,69.3
4076190001,68.9
4076190001,127.6
4082210012,46.1
4082210012,45.9
4082210012,132.6
4083610001,82.0
4083610001,82.5
4083610001,10.2
4084010375,80.5
4084010375,79.8
4084010375,236.7
4086160001,47.9
4086160001,47.5
4086160001,130.4
2032390041,62.4
2032390041,69.7
2032390041,220.9
4087170001,45.3
4087170001,48.9
4090530014,59.1
4090530014,65.2
4097560006,90.7
4097560006,130.6
4098670002,30.8
4098670002,30.2
4098670002,434.7
4100930001,99.2
4100930001,1283.0
4100930001,88.4
4109440301,39.3
4109440301,39.2
4109440301,115.1
4113000001,100.0
4113000001,102.8
4113000001,72.2
4113000001,171.0
4124060180,122.2
4124060180,118.6
4124060180,178.0
4124060180,205.8
4132650030,40.4
4132650030,138.2
4155970001,54.4
4155970001,52.8
4155970001,235.2
2032460002; 2032470001; 2032470220,96.5
2032470220,1079.5
2032470001,40.6
2032470001,23.8
2032470001,0.1
2032460002,0.0
4156930001,62.9
4156930001,61.4
4156930001,344.9
4161810001,51.4
4161810001,50.6
4161810001,182.4
4161890050,51.8
4161890050,52.6
4161890050,81.7
5000060021,90.2
5000060021,64.3
5000060021,22.1
5000490182,53.2
5000490182,54.7
5000490182,0.0
5001860119,203.9
5001860119,426.0
5001860119,101.2
5003080001,51.2
5003080001,2.4
5003190001,182.4
5003190001,113.9
5003190001,111.9
5003190001,228.9
5003190001,98.7
5003190001,299.3
5004870100,34.1
5004870100,42.4
5005450110,32.9
5005450110,32.0
5005450110,188.2
1001670001; 1001980001,61.3
1001670001,112.0
1001670001,11.0
2032720001; 2032730122; 2043360001,122.3
2043360001,264.6
2032720001,90.3
2043360001,177.0
2043360001,1275.9
2032720001,333.6
2032720001,60.9
2032720001,1522.5
2032720001,293.3
2032720001,94.9
5006100127,20.7
5006100127,20.6
5006100127,29.5
5014780500,36.9
5014780500,36.6
5014780500,171.8
5030970014,75.3
5030970014,74.5
5030970014,164.2
5031250003,26.5
5031250003,14.3
5031250003,391.4
5037050001,32.5
5037050001,31.5
5037050001,192.2
5051060001,57.5
5051060001,57.6
5051060001,54.1
5053360001,57.7
5053360001,57.9
5053360001,10.3
5059000500,158.0
5059000500,132.5
5059000500,183.3
5065440001,51.1
5065440001,51.0
5065440001,68.7
1014030001,150.1
1014030001,104.4
2032990060,73.1
2032990060,78.5
2032990060,531.5
4126720001,67.0
4126720001,66.2
4126720001,196.5
2026050040,283.5
2026050040,92.1
2026050040,560.2
2026050040,2364.0
2026050040,26.7
2026050040,10.2
2026050040,10.8
2026050040,25.4
2026050040,26.2
2026050040,22.2
2026050040,224.6
2026050040,592.0
2026050040,13849.3
2026050040,493.4
2026050040,387.4
1009620100,177.6
1009620100,109.1
1009620100,224.8
1009620100,40.2
1009620100,199.3
1009620100,286.4
4020180001; 4020180500,130.4
4020180001,62.5
4020180500,3.2
4020180001,0.1
4020180001,214.7
4020180001,69.4
4020180001,21.7
4020180001,39.6
4020180001,222.8
4020180001,39.4
4020180001,145.3
4020180001,84.9
4020180001,143.3
4020180001,124.1
4020180500,153.5
2037020001,106.5
2037020001,108.2
2037020001,101.3
2042050001; 2042050055,188.4
2042050001,363.2
2042050001,875.0
2042050001,100.3
2045260001,46.7
2045260001,46.8
2045260001,24.8
2056410280,62.1
2056410280,62.7
2056410280,0.7
2056500001,54.0
2056500001,41.5
2056500001,248.8
2056500001,37.0
2056500001,59.4
2059370440,32.4
2059370440,61.3
3000860018; 3000970002; 3001280001; 3001280026; 3001310001,123.3
3000860018,33.3
3001280026,58.1
3001280001,271.6
3000970002,54.6
3001310001,395.5
3001310001,44.8
3001390001; 3001390020,68.6
3001390001,28.7
3001390020,72.0
1007760040; 1007770001; 1007770018; 1007770037,70.1
1007770001,82.6
1007770018,177.8
1007760040,60.3
3001690017; 3001750001,84.2
3001690017,135.8
3011830001; 3011830030,163.0
3011830001,221.5
3011830001,736.9
3011830001,21.1
3011830001,11.4
3012590036; 3012870048; 3012880001; 3012890025; 3012940001,84.5
3012590036,41.9
3012940001,38.1
3012890025,99.2
3012870048,143.0
3012890025,75.1
3075520100; 3075550027; 3075560150,168.0
3075560150,21.6
3075520100,12432.4
3075520100,462.9
3033650098,64.3
3033650098,62.3
3035200008,51.1
3035200008,50.6
3035200008,274.0
3039690001,46.9
3039690001,46.7
3039690001,180.7
3040770024; 3040770028,98.5
3040770028,81.4
3040770024,119.0
3048120001; 3048290001; 3048290002,286.1
3048290001,169.6
3048290001,0.0
3048120001,142.7
3048290001,145.2
3048120001,2.6
3048290001,837.5
3048290001,377.7
3048120001,146.0
3048120001,80.0
3048120001,91.5
3048290002,7.1
3060130001,90.4
3060130001,97.3
3060130001,100.5
1008780020,103.9
1008780020,34.2
1008780020,986.2
3072790290,199.4
3072790290,246.9
3072790290,194.7
3074250002,51.7
3074250002,51.5
3074250002,247.8
3083290250,60.2
3083290250,59.3
3083290250,279.7
3086980001,243.0
3086980001,2513.3
3086980001,64.3
3087600060,145.0
3087600060,6.2
3087600060,1323.5
3087600060,7.2
3087600060,0.7
3087600060,264.9
3087600060,93110.4
4014970001; 4015000002,191.7
4015000002,12.0
4015000002,226.6
4014970001,190.0
4015000100,3.6
4017560025,156.3
4017560025,155.3
4017560025,311.8
4045380001,45.0
4045380001,43.4
4045380001,84.1
4045380001,140.5
4051070200,84.7
4051070200,540.2
4052560001,58.4
4052560001,67.1
1010080015,68.6
1010080015,214.3
1010080015,35.9
4059170001,42.0
4059170001,38.0
4059170001,25.3
4059170001,1600.5
4059170001,31.8
4059170001,667.3
4065070030; 4065070100; 4065170001; 4065170200; 4065170250; 4067430029,109.3
4065070030,38.1
4065170001,11.4
4065170001,1161.8
4065170001,12.4
4065170001,73749.2
4067430029,57.2
4068580001,242.4
4068580001,236.3
4068580001,488.4
4068580001,106.8
4069270022,49.5
4069270022,48.7
4069270022,224.7
4074900002; 4075020011,119.5
4075020011,3.5
4074900002,6.5
4074900002,589.5
4074900002,295.4
4101030016,53.1
4101030016,55.5
4101030016,44.5
4114450001,46.8
4114450001,47.8
4114450001,243.9
4124950065,51.5
4124950065,49.5
4124950065,451.1
4128200001,71.2
4128200001,71.1
4128200001,106.3
4133310001,65.0
4133310001,64.6
4133310001,249.6
1014020025; 1014020029,170.0
1014020025,260.5
4161270001,58.7
4161270001,66.4
4161270001,61.1
5000070001; 5000070012,63.5
5000070001,92.7
5000070012,25.8
5000760200,72.4
5000760200,1646.9
5000760200,1306.5
5000760200,1816.6
5003140070,133.0
5003140070,2971.8
5009550100,52.9
5020400001,131.3
5020400001,1547.5
5020400001,0.7
5020400001,925.0
5020400001,679.9
5020400001,19.8
1000030001,85.4
1000030001,113.3
1000030001,192.7
1001110160,66.9
1001110160,49.6
1001110160,172.6
1001110160,278.3
1002410013,95.1
1002410013,9.0
1002410013,15.7
1002410013,221.3
1003160200,47.0
1003160200,51.8
1016690001,129.4
1016690001,6.3
1016690001,218.3
1011580040,35.4
1011580040,35.0
1011580040,125.6
1012050006,59.4
1012050006,59.6
1012050006,23.1
1012570002,577.9
1012570002,935.0
1012570002,220.7
1014880017,365.9
1016680001,85.1
1016890005,52.5
1016890005,51.9
1016890005,206.4
1017190001,122.8
1017190001,194.4
1017190001,199.2
1017330017,45.6
1017330017,44.6
1017330017,276.1
1018520049,73.9
1018520049,87.3
1018520049,45.2
1018590001,59.9
1018590001,60.1
1018590001,29.6
1017330001; 1017340001,190.4
1017330001,327.4
1017340001,71.3
1017340001,84.1
1019200026;1019200029,173.3
1019200026,251.9
1019200026,93.7
1020520001,116.0
1020520001,7.8
1020520001,120.1
1021050001,179.9
1021050001,180.9
1021050001,80.0
1021070026,41.5
1021070026,41.4
1021070026,94.9
1021790701,45.1
1021790701,66.1
1021790701,62.7
2022840034,52.8
2022840034,52.0
2022840034,178.2
2022980001,73.3
2022980001,71.0
2022980001,518.4
2023060054,37.6
2023060054,37.1
2023060054,222.5
2023350016,102.8
2023350016,103.1
2024930009,62.6
2024930009,82.4
2024930009,49.7
2024930009,0.5
1018190040,61.9
2025570001,102.0
2025570001,152.9
2025570001,100.7
2027170005,47.2
2027170005,47.0
2027170005,102.2
2027880001,34.3
2027880001,21.3
2027880001,134.3
2029420001,647.8
2029420001,31.6
2029420001,614.0
2029420001,1178.3
2030300006,17.4
2030300006,40.4
2033250005,142.0
2036410001,54.6
2036410001,53.6
2036410001,117.0
2036440001,46.6
2036440001,46.1
2036440001,275.3
2039480055,79.1
2039480055,78.8
2039480055,175.3
2039860034,130.2
2039860034,153.1
2039860034,92.7
1020760041,44.4
1003500008,38.4
1021080023,59.1
2041010001,23.7
2030440024,27.2
2030890024,45.1
2024200040,100.8
2037360001,37.8
2029390090,14.4
2023830012,25.9
2023680039,28.3
2037320039,39.2
2025160051,49.8
2022760001,64.5
4006440001,116.6
3021110015,95.5
1001420050,96.9
2028880021,52.7
2031780032,39.6
2028610129,21.7
2048290006,37.9
2037480015,31.7
2026960030,34.8
2046510044,33.0
3032280020,50.0
3015200051,0.4
3034480015,31.4
3032590023,51.4
3012800054,40.8
3042980007,48.0
3001840025,84.2
3034980008,149.7
3014200051,51.5
3012240045,53.7
3013610066,57.0
3038030046,49.0
3012400056,46.1
3009470054,139.7
3032270010,37.1
3043150040,66.8
3034330005,25.8
3015380046,49.4
3039760070,31.1
3044570001,39.4
3035680001,51.5
3013310009,43.6
3033620055,138.8
3024510008,49.0
3005520005,17.5
3012350058,54.0
3033310025,56.3
3014980006,15.6
3014310054,19.8
3040390001,36.1
3003910056,44.2
3020140026,49.8
4120620051,53.1
4101930001,45.0
4017490007,36.8
4109410206,73.9
4109170029,40.4
4100210001,33.7
4101550029,64.0
4125990008,41.3
4003860007,14.5
4120390044,40.2
5001740006,58.5
3020950045,92.9
3012290001,75.0
3005830001,5.8
3059070001,79.3
3055980048,60.1
3030980019,43.6
3003380033,52.0
3011830002,50.4
3070190043,53.1
3032410018,65.5
3013960006,87.7
3050860015,57.2
3078680039,56.9
3026210032,48.2
3074050920,62.6
3067830068,67.7
3055180004,72.8
3067090054,83.1
3040900001,67.6
3063430064,70.7
3009280006,82.9
3037940018,78.5
3021890001,72.6
2024620001,86.1
1010090001,136.1
1009620001,262.1
1015060021,56.1
1010500006,11.8
1013800030,91.2
1011200009,71.7
3026040001,38.1
1004230022,31.7
1009690022,76.9
2033300060,14.1
3081160001,95.7
3029440011,80.3
3018940038,89.2
3018820001,64.9
2024620039,58.4
2048320009,60.2
3002370001,31.3
3014720001,98.8
3035830006,61.1
3038440001,208.9
3016490001,72.5
3011020012,169.8
5002150046,63.3
1000940025,71.3
1001540023,56.7
1001970017,63.0
1017690045,18.7
1001680032,58.4
1001660027,68.9
1008550001,119.9
1001600021,86.5
1010440022,108.3
1001530001,45.8
2029470018,73.9
2024430094,56.6
2024440001,57.3
3024670001,5.7
4000830001,72.9
4022740002,148.5
4096910001,55.1
5000080070,80.5
5001590065,71.8
5000090022,82.3
1016800045,108.1
3066420045,77.4
3041400013,90.1
3012120006,50.5
1009620097,71.4
1017450005,95.6
1021380079,50.2
1016280024,57.3
1004580004,42.1
1001110150,7.8
1004580011,200.6
1013190011,98.0
1004570007,29.7
1003720014,101.4
2023530057,111.9
2026130001,22.4
2030070001,447.9
2028650049,97.6
2025720006,96.1
2027610043,94.2
2025270014,75.5
2024250020,13.6
2025870001,53.4
3011990015,88.3
3032430044,134.9
4133070091,214.3
5000090009,1.3
3001320023,382.0
4099930003,38.7
1017340034,79.0
1007240082,123.1
1016400147,87.7
1016810037,260.5
1019830003,44.4
1021380024,87.9
2032860014,0.1
3018260001,91.1
3043630001,220.6
3035590011,146.0
3033240001,71.9
3020790021,164.3
3068210142,78.5
3027880033,293.8
4005180030,84.8
4017290027,162.5
4007910016,123.6
5005030032,76.3
1021860009,69.5
1014340001,128.7
2040740001,39.0
2030300028,98.5
3000390001,81.3
3024890007,19.0
5004890048,58.4
5002150100,105.0
5000010068,151.1
5000020001,209.0
1015870001,242.5
1007220057,114.8
1003400001,210.3
1021060001,169.9
1013460032,184.7
1011510015,145.2
1017050001,164.6
1005820050,67.9
3017790027,126.6
1021200046,51.9
1016600030,28.8
1021550030,46.5
1005790011,71.6
1004950007,84.7
1011690026,81.7
2027630001,87.9
2024940001,54.6
2028720126,89.1
3038680002,19.7
3026960001,235.0
3005820001,156.7
3013530001,92.6
4017220012,125.6
4155600050,133.6
5005420009,30.5
1001550001,60.1
1000290073,92.4
1022120001,158.7
1017790001,169.7
1021960001,175.9
1002750003,18.3
1011040001,212.4
1006700050,79.0
1002740006,16.8
2029040034,36.3
2027650177,165.3
2023520028,205.4
2030150058,96.5
3010380001,161.0
3045620001,216.1
3079180145,159.5
3078930052,111.7
3010200001,77.1
3025080001,106.0
4043500001,284.4
5005040049,25.9
1016100001,99.1
3079180114,87.6
1005310049,95.3
1016180014,91.1
1020280051,99.7
1001500025,45.9
2030250025,60.9
2023880045,94.4
2023060052,71.8
2025140056,104.4
2023770001,125.5
2026750033,114.5
2030860038,86.1
2024500040,140.4
2029090040,28.3
3003350010,133.8
3007990003,71.7
3029290053,113.9
3022030016,119.9
3011360011,123.9
3027220028,73.3
3015120001,90.2
3013840008,133.8
3025600050,130.5
3032810022,119.6
3033430029,168.2
3004860018,107.6
3035800020,101.2
3062540053,122.8
3036910001,118.5
3020470011,74.5
3015480019,96.4
3034960004,59.4
3034440022,98.4
3070710123,0.0
3001970028,7.1
4023510023,114.3
4000460034,36.1
4155590025,101.2
4162120017,110.6
4002540001,100.2
5026650025,102.2
5031530038,86.1
5070670252,77.6
1013730050,88.5
1008947503,113.1
1013860006,61.6
1015157505,37.0
1-00544-7501,99.1
4-01459-0001; 4-01458-0020,47.3
4035460001,44.1
1003790027,21.7
3017770058,72.3
3017770054,62.2
3025650001,1.8
3-03804-7501; 3-03820-7501; 3-03819-7501; 3-03805-7501,76.6
1002700032,309.2
1020600001,256.1
2023030058,1.0
2024890060,96.8
2033270200,127.9
2022690021,145.8
3072390001,207.9
3037380015,178.5
3027820024,61.9
1018080008,10.1
1022130001,92.0
1008720013,38.5
1019120012,89.4
1019110043,98.3
1019880053,0.0
2030600032,74.2
2032930008,99.3
2026430001,35.5
2027580006,13.5
2027580036,68.0
2023400072,90.8
3001730001,86.9
4159000008,86.4
4122000052,35.8
4000750001,36.0
4101010011,90.1
4100970010,84.1
1011340005,65.9
1016090001,101.4
1000160010,127.0
1015700029,164.8
1000340037,0.6
1007690055,87.3
1007590008,161.9
1010440038,105.1
1001900033,120.0
1012120038,127.6
1016290040,86.6
1018550005,92.9
1017670062,85.8
1019820038,136.4
1019490029,138.0
1020660009,144.4
1019400048,128.2
1021120010,117.2
1021800108,100.9
1002010020,102.6
1006200033,134.1
1004470047,102.2
1010700044,94.5
1001190001,96.9
1008050082,106.4
1005630019,16.9
2023140030,258.3
2027270017,168.1
2027320001,91.4
2023650001,102.8
2036600003,117.0
2025300021,111.6
2024890077,68.1
2055310040,35.9
2031490090,84.2
2048760001,104.7
2029070010,130.9
2057600134,61.6
2051010012,61.1
2040150001,223.9
3007170061,42.2
3073710052,138.9
3064060045,83.7
3075990067,90.4
3051110024,126.3
3058170055,80.1
3081470026,160.7
3054230021,85.2
3013100001,132.6
3006680029,92.9
3034970002,121.7
3040510016,177.8
3003370027,124.1
3013550001,110.7
3011620001,127.0
3011360001,140.0
3018000003,128.8
3016330039,127.7
3033070022,93.1
3001340006,198.5
3019330121,91.8
3024650100,159.1
3007240001,107.8
3032460005,172.7
3036980032,88.4
2041260040,56.0
3072260062,64.6
3072610047,95.4
4155570004,114.5
4093270021,160.1
4097990027,124.6
4036320001,92.9
4107370001,133.2
4095050061,127.8
4000320006,177.9
4050110006,86.2
4015920072,124.7
4073330221,94.5
4032340022,161.9
4124950045,201.6
4006320030,83.8
4014220034,99.7
4023610150,56.8
4100920006,213.9
4000980009,14.7
5000090028,186.2
5039060001,110.2
1018310026,56.2
1017890037,0.0
1014410038,62.3
1015240064,82.0
1016370141,80.6
1002800044,89.6
1010600063,79.5
1009030046,148.2
1021530053,0.0
1020770026,83.5
1017220030,90.2
1005820018,71.4
1022330013,0.0
1006060001,100.4
1007730038,31.6
1019200029,18.6
1003110031,38.4
1012290031,143.8
1011340025,84.1
1021090055,59.7
1014720028,87.6
2045130016,44.6
2030730020,65.5
2032110005,91.1
2028240034,113.9
2025100027,51.7
2027220063,0.0
2023150018,37.9
2035580014,102.8
2029180001,125.7
2031230061,43.7
2026570030,87.1
5036430005,65.9
5000050074,79.6
5005260063,135.2
3000850006,162.4
1005440016,175.2
4006760050,45.5
4081260087,42.7
4013750001,68.0
4022230054,55.8
4036960047,89.8
4066610005,94.3
4016950039,95.5
4161350013,60.5
4034910001,82.1
4013170085,99.0
4010160045,59.9
1001690001,423.7
4000980011,77.1
4050430011,105.4
1019230053,203.8
4049770039,73.3
5013010001,32.7
3070690014,12.0
5001850501,100.6
5027900001,7.2
2049050002,133.3
5029650064,12.4
3022940001,9.7
1001270001,89.6
3000350021,37.2
3011830002,15.0
1015870027,76.1
2027050009,28.4
3017900001,104.1
1017670028,80.0
3026700001,49.6
4140090060,40.6
4002950045,106.2
2057130087,43.4
4113680020,99.0
2032740001,3.8
1017670030,77.0
2057130123,103.1
3023680012,81.0
5017040001,122.2
3036870001,111.3
5005340061,107.0
1017470035,144.7
5019550001,114.5
3023010001,57.6
2025390002,42.7
1006440010,124.1
1017470070,148.7
4043270001,152.3
2025890031,55.6
2052630070,55.5
5033550070,83.2
2042260075,120.0
1014020024,71.5
1004540052,135.6
5033550001,18.8
4000190021,130.7
2038310040,49.6
3031320001,138.4
4150100028,90.5
3014670022,67.5
1003420060,159.9
3031560001,25.5
1002750028,100.0
1020690026,75.8
2032510401,37.4
3019670068,116.2
3038710101,198.0
3048330001,51.9
1001690010,52.4
1001710031,46.9
2024680001,20.3
2024540001,58.7
4096800001,34.0
1003870049,82.0
2037520013,61.9
2025670013,90.6
3042580036,128.6
4000680002,51.1
4096620020,32.8
4098330004,67.8
1009320017,320.4
2029250080,122.4
2029450018,78.2
1009810002,162.6
2032570111,81.0
5009390001,1161.0
5026100027,353.5
1016710020,115.3
1017720031,59.0
1011090099,27.6
2049740028,116.2
2030470050,7.9
3003350001,174.4
3029620001,245.8
3043880001,135.1
3081380001,87.6
3008030005,230.6
3048270039,223.7
3038710001,206.2
4023610268,192.4
4023470055,94.5
4150010073,173.0
4005230012,175.2
4093750261,87.7
5000340001,121.4
5025200001,159.0
3044610001,48.4
1009010006,102.9
4100920001,10.7
4023440030,228.1
1012570001,122.6
2031540083,118.8
4097980006,82.2
2023310022,6.5
2033280010,1.9
3045550001,13.9
1004100038,9.2
3060360001,14.7
1017300055,105.1
2029410001,108.5
3023660004,190.9
3040060037,34.7
2031890009,3.9
1002000001,0.0
2030150049,0.0
3022760012,0.0
4018200001,0.0
3014400073,89.2
1004790001,16.7
1021110058,30.7
3070650001,61.9
3089230920,65.2
3083000001,98.0
3083630009,64.6
2037060001,193.0
3036990001,123.3
3080120400,113.1
4017900001,72.8
4000240007,42.9
3061400001,69.7
2033430400,170.5
5002390001,247.9
2028710077,204.3
2029530021,238.7
3029870016,121.2
3013360018,208.3
3054940089,71.3
4026110447,110.7
4118840001,290.4
4026000001,152.2
5026850100,94.2
1010190061,132.0
2029730038,57.9
3035070005,92.8
3011740051,181.6
3038040043,134.5
4026460018,159.1
4032940020,200.8
4076210012,193.9
4093750007,143.9
4049600001,44.2
2024220001,0.0
1008860051,114.1
1008690074,69.7
2027810306,21.2
1011340010,188.0
1002620025,139.6
1021310050,172.7
1007240100,232.9
3026870001,135.7
3070180001,217.6
4159800100,79.1
4153500001,5.6
4043820001,58.8
2056220001,112.1
1011300001,141.9
3011830026,122.9
2031200020,1727.7
4000830018,8.0
3054950001,433.8
4008310015,14.6
4096570001,6.9
1021010117,228.8
1018190015,239.5
2027800002; 2027800074; 2027770292,506.1
4119000002,204.1
3025250001; 3025270002,353.9
5050670500,219.8
3058350001,197.5
5001850400,237.6
3020230125,136.2
4161610053,362.6
4039250001,924.8
3044400001; 3044520150,343.2
4007760150,159.1
3074520001,523.4
5009550100,55.9
5009550100,337.8
5009550100,47.9
3002300001,60.5
3029920033,42.8
4033220119,90.7
1013990074,63.3
4033400036,93.4
3031700026,47.9
1008020031,43.6
4005340001,40.6
4014540001,53.9
1011190047,19.1
1015040056,73.2
1021340022,61.6
1018750001,55.9
2028020023,143.1
4000527502,33.2
4000547501,35.9
1012890072,68.6
3079690009,69.0
3051030036,87.9
3060360053,16.1
1012020036,58.0
2031270039,87.0
1004100048,117.2
5024527503,36.4
4004157501,57.6
1008320032,80.2
1005637503,31.7
3073257507,40.0
1019190026,77.1
1007720064,91.8
4073470020,53.6
1001370005,11.9
3024330012,61.5
4003757501,32.7
3068020036,72.1
4-05076-7501,22.2
2-02374-0048,19.0
2031540022,116.3
4049430036,23.7
1-01012-0029,149.4
3072640072,30.0
4096630002,73.4
4096630020,77.2
1018730020,79.1
1018590039,93.0
1001240008,27.8
4030790086,78.2
4011310017,72.6
2025880033,2.8
3005910001,86.9
4000560036,31.4
4008440040,92.3
1-00690-7503,77.7
1012520075,43.7
1013910071,69.4
1018900028,70.3
3-03152-0001,44.4
3-03152-0048,48.8
1-01259-0001,75.3
1-01002-0001,120.6
1-00506-7501,74.4
1-00225-0008,52.3
1-00476-0007,59.2
1-00221-0035,53.6
1-00491-0046,56.4
1-00221-0030,52.0
1-00580-0039,45.9
1-00602-0068,66.5
1-00226-0001,48.8
2-02407-0001,24.7
3-02352-7501,108.4
2-02458-0132,0.5
1-01923-0016,38.5
2-02474-0015,69.2
2-02474-0010,81.8
1019777501,49.4
1-00834-0029,67.7
1-00833-0049,50.5
1-01167-7501,27.1
1-01339-0012,142.4
1-01232-0057,66.1
2-03121-0056,22.2
4-02223-0001,95.1
1-01600-7503;1-01600-7502,51.7
1-00552-7501,92.6
3-05122-0012,11.6
1-01127-0029,96.3
1-01333-0001,54.5
4-00510-0020,60.6
1-00877-0067,67.3
4000067505,62.6
4-00021-0060,22.6
3-02013-7503,50.7
3-08711-0085,10.1
3-01247-7501,33.4
2055190091,19.7
2029750037,69.7
2042710001,120.9
1018250043,67.1
2032710101,79.3
2032710125,64.1
3040390001,46.9
4038040164,8.9
2-04319-0030,82.2
1018477503,55.5
1007840008,72.4
1000787510,46.7
1015530027,63.3
2023230043,1.2
1-01512-0033;1-01512-0030,139.1
4044097505,39.4
3037840001,49.3
3037850015,46.4
3037690030,24.2
3037670036,10.8
2-03217-0031,76.5
2-03164-0037,23.4
2-03188-0048,94.0
2-03038-0046,25.3
2-03221-0026,91.2
2-03240-0011,762.4
4-01833-0300,48.0
3-01190-0001,87.7
3-01192-0018,103.4
3-03294-0016,64.2
3-03283-0040,46.4
2-04248-0026,11.7
4-00570-7501,63.6
3-02841-0010,211.9
2023440083,16.7
4004020012,65.9
1007320001,86.8
1013020051,87.8
1010050001,90.5
3001660040,78.3
1009980047,92.1
3-00204-0001,8.7
2025960020,61.7
4025730001,30.1
1005707504,37.1
1012750069,213.8
1012300038,88.7
1018320029,2.3
5028297501,47.5
3013087501,47.2
1-01228-7504,65.8
3044690017,81.0
1000020002,187.8
1-01617-7502;1-01617-0020,32.2
3-02088-0030,7.7
1014850046,27.6
1014840035,24.8
1-01169-7503,66.3
4-09773-0005,88.0
3-06878-0048,82.5
3-06378-0019,62.5
1-00178-0025,52.4
1-01889-0022,62.8
2023870001,1.6
5000620056,5.4
1021390508,67.7
3006970034,47.2
1006167502,45.9
1013210034,69.9
4011850001,76.8
4018420071,80.0
4018420031,90.9
2041637501,96.7
1007740008,23.4
1015800038,65.0
3033280026,22.8
3023907501,59.8
4053747502,56.2
2024587502,54.6
1008507501,89.8
3020180062,62.3
3019927502,45.8
4099447501,78.2
4021050001,2.6
3051630033,95.6
2059040246,71.5
2043290001,351.2
2043300001,256.2
2022687501,32.8
4120990030,43.0
1012530048,62.7
1013827501,37.7
3011790017,72.1
3023447502,73.3
1005297507,59.8
2035190001,82.4
2035190005,77.7
2035190012,10.5
2035190049,92.1
2035190042,93.5
2035190020,95.2
2035190034,103.1
2035190030,93.0
4-06858-7501,45.7
2-02600-7502,51.6
4041480078,31.5
1-01274-7503,99.7
1005150025,55.3
2-02661-0052,5.7
1008037501,64.8
2-05906-7502,35.5
3056490027,64.3
3032800052,48.9
3079320266,32.0
3001810011,38.4
1021110050,68.1
1007940030,62.4
4004740048,71.7
1004430016,48.8
3070640016,0.1
3029647501,32.7
1022230016,46.5
4025730124,20.3
4094520030,74.4
3014270020,49.5
3001400106,122.1
1008390024,63.0
3063480006,29.4
1014960011,158.2
3067480014,35.8
3024697503,27.1
3024517501,24.8
3024690001,95.0
3021310008,62.1
2023510021,72.5
4026870021,68.5
4073350001,203.4
3056797502,42.3
3015860008,71.8
3036600002,97.3
3054690035,75.6
1007200049,140.4
1005787501,74.3
4012220009,32.9
4049810078,126.2
4019470001,62.7
4097130163,120.2
4031680056,89.5
4050457501,80.9
2028757501,70.2
4050160007,36.8
1020360029,51.1
1020670036,82.1
3049700067,53.5
1020450054,52.4
1020340041,63.5
2-03041-0038,50.0
2-02861-7501,32.3
1012670028,70.1
2032500065,33.6
2033500025,94.7
2048310018,19.3
2-02368-0012,51.8
3050180070,28.0
3055220036,155.3
2-02592-0021,59.1
2-02386-0164,9.0
1-01790-0001;1-01790-7501,35.9
2037510001,67.4
2023510012,18.1
1021360018,91.1
2051070008,36.2
3027007501,61.2
1-01277-0069,27.1
1012460039,85.9
3023030001,204.8
3-04452-0423,37.9
2024560037,363.1
3053907502,80.5
3010790001,70.7
1007440043,177.1
1007460038,54.2
1021420015,59.2
1021420012,11.7
1021420009,49.6
1014050066,13.5
1011650056,11.5
1008880044,126.7
1-00463-7502,39.7
3067667504,68.4
1007987503,32.1
3030760006,38.2
1018250051,8.9
1016770001,53.5
2028710002,142.9
1021420247,90.1
4004060040,85.0
4026030130,101.9
3018600074,73.1
3005080010,23.1
1005310045,48.2
1007620061,46.2
1008690025,65.1
3048280022,153.5
3029760060,107.7
4-01245-0001;4-01245-0061,185.7
4-01245-0061,235.4
1-01549-0014,122.4
1017260044,25.3
1-00460-0029,93.8
4051070200,133.4
4043010001,0.0
1002410013,25.6
4051850054,88.6
4017817504,56.8
4012927501,58.2
1-01487-0025,54.4
3009570033,52.9
4-03631-0001,98.6
4-03628-0017,102.6
4036080061,72.6
1-01124-0059,95.6
3063800006,68.2
5009550201,26.8
4/02689/0019,46.4
1007620046,9.0
5015420002,53.7
4069310038,115.5
3072640049,22.0
3002300001,90.2
4-00411-0001,54.5
4-00411-0010,76.6
3-03163-0001,102.9
1012890003,189.3
3007960024,36.9
4026570040,32.5
4009120001,75.8
1008240011,94.6
1005447501,101.0
1000907504,37.8
1000687502,56.9
1021490101,68.2
1021490003,0.2
1021570056,87.5
1021490104,64.4
1021490084,60.6
3029870006,19.8
4015200005,81.0
1021560022,106.7
4-01275-0045,88.2
1-00871-0025,111.5
4004030003,64.2
4-00573-0032,142.4
5-01270-0012,77.2
4-05843-0140,162.2
3-08692-0001,68.8
3-05211-0011,82.4
3-06027-0045,84.8
3-05637-0001,123.0
1-00861-0001,82.4
1-02177-0116,49.9
1-02177-0003,5.9
1-02177-0046,260.0
1-02177-0042,8.7
1-02161-0050,136.7
3-02419-0019,73.0
3067670001,19.4
1012837501,31.9
4067930380,143.1
2026000079,2.5
3030290105,26.7
3008070046,56.8
4015120013,58.2
1008800004,81.9
4031480035,104.5
4087890031,74.5
3053890024,78.3
3053890010,78.3
3063340045,86.6
1000220017;1000220020,62.9
4-15537-7501,34.1
4-15537-7501,31.9
4-15537-7501,28.0
4-02159-7501,69.8
4-02159-7501,28.8
4-02159-7501,42.5
1-01020-0038,39.7
1006350026,38.2
1-01060-7502,176.4
1-01833-7503,77.3
1005130035,131.3
4-03321-7506,98.2
3-01179-0047,16.7
1-00842-0023,55.6
4020840101,42.6
4032330022;4032330001,84.7
1020760049:1020760046,82.8
1-00453-0011,54.3
4-00214-7501,33.6
4051857501,84.2
4-05004-7503,34.3
3-01972-7504,31.0
3-02306-0001,44.1
3-02306-0025,35.7
3-02306-0015,39.3
3-02346-7502,90.2
1007990063,48.0
1008000050,72.2
1008030062,76.7
1000390001,70.7
1-01023-0029,131.5
1008340011,73.7
4-09814-0006,71.2
2-04320-0050,61.2
3-04853-0022,106.3
1-00798-7508,61.5
1-00882-7504,52.6
1-00878-7502,43.2
1-00175-7507,34.4
1-00860-7505,0.4
1-00816-7504,44.2
1-00019-7501,38.5
4-04972-7505,2.8
3-00153-0003,44.0
3-01053-0070,108.9
1-00778-0025,70.0
4-10101-0150,34.0
4-09738-0114,26.7
1-00612-7504,204.8
3-02299-7503,27.3
3-00631-7503,21.2
1-01822-7503,20.3
1-00469-7506,44.3
1-01508-7503,38.8
1-01347-7501,58.9
1-01240-7503,36.5
1-01243-7504,44.1
1-00914-7501,70.3
1-00778-7502,53.2
1-01570-7501,20.5
1004830017,107.1
1004830015,65.1
1006057501,89.2
2-04226-0005,42.8
3024157503,52.1
1019630009,66.9
1000780047,52.5
4003220118,33.7
3079320075,10.5
4005770005,64.3
1011250009,74.4
1012747502,106.9
1011240062,190.2
1005850001,87.7
1012160039,88.1
1006190001,34.1
1010100053,67.7
1015220020,14.7
1007930001,133.2
1015200041,92.0
1009080006,89.7
1012360044,99.9
1009060015,140.5
1003977502,82.3
1010230006,103.5
1011670104,116.5
1018880001,74.9
1018930039,98.8
1011830037,58.5
1008610075,112.2
1012450088,90.9
1012440012,59.7
1012270061,80.5
1007220026,93.8
1005730006,103.0
1010670052,76.3
1015820015,119.4
1021340030,22.0
2046450019,112.3
1022370059,92.2
4005750015,66.1
3009557506,52.0
1019517501,23.9
3008030192,29.8
1012847501,48.5
4014470001,65.5
3052567501,48.6
1007430038,79.4
2024610083,86.3
3012280037,91.7
3049980004,50.0
3051210018,114.6
4-09793-7502,24.9
1-01833-7501,66.7
4-00366-0018,90.4
1008130064,318.2
4-15895-0050;4-15895-0055;4-15895-0053;4-15895-0053;4-15895-0052;4-15895-0051;4-15895-0050,69.9
4-15895-0055,84.2
4-15895-0053,62.2
4-15895-0053,64.9
4-15895-0052,74.2
4-15895-0051,60.7
4-15895-0050,72.9
3051280003,143.6
3076917501,74.8
1015560052,75.6
1012607502,46.8
4161780080,27.0
2025790019,5.5
3013680074,44.8
3061267501,32.7
3075640031,36.6
4008720032,109.2
2027770230,64.9
1013300011,101.7
1020580001,134.1
1000200012,92.7
3071920074,81.0
2057550019,66.9
1021800473,64.0
2032630050,99.5
1022430283,62.0
3059380047,66.7
4051257501,96.3
1007930014,55.8
4050487502,83.8
1010670033,239.2
4047170001,19.6
4030577501,39.4
4051850054,98.5
4012687501,87.2
4014460045,66.7
4033787501,60.5
4011880055,34.8
4015407501,48.3
4033227501,69.9
4012270006,103.4
4001927501,72.9
2031250001,106.5
2031080008,69.3
2031110015,114.3
2031420200,64.6
2031430001,95.4
2030240008 ; 2030240069,65.1
1-01863-0001,86.4
1018600027,92.8
3-01274-7501,6.8
3-01274-7501,1.3
1-00851-0054,83.7
3000420011,21.8
4100417501,66.3
2023500001,8.7
3029880014,51.0
3010410001,75.0
1015537501,59.4
3036967501,41.0
3010470003,65.2
1021800483,80.9
2038380175,35.8
2038380159,29.8
3072607501,266.3
1-01440-0033,70.0
3-02085-7502,45.4
1004730051,41.0
1005440012,100.5
4005897501,51.2
4005310060,60.1
3071690028,79.1
3016280021,31.0
2033110114,84.1
2025990128,8.7
4001050012,70.5
1010950024,17.7
1015710035,4.1
4024310023,39.2
4017820005,36.4
1008410027,80.1
2057087501,52.8
3001470036,49.2
1012990041,29.2
1008410018,69.3
1007870065,30.3
1007600012,46.2
1007800010,66.4
1008370056,57.3
1008710003,63.3
4004620053,229.3
4004620016,99.2
4004620161,35.8
4004620053; 4004620016; 4004620161,126.3
4097600027,56.8
2028110024,82.1
1002300042,19.1
1004200068,63.7
1004257501,86.6
1004667502,132.4
1005290062,1.2
1007010024,56.7
1008110016,46.8
1008400058,30.8
1008670020,73.2
1013050023,113.5
1013820049,55.1
1020650022,47.8
1021347502,77.2
1022370064,22.4
2039980010,70.3
2046490021,82.2
3011420048,22.3
3012270036,66.6
3023410001,19.1
3023780011,53.4
3027320005,32.8
1018810029,137.5
1020020101,87.5
1021360167,90.7
3005230018,48.3
1007590001,157.4
4156650001,59.0
4156650001,56.1
4156650001,56.7
4156650001,64.2
4156610012,59.3
4017590030,66.5
4098200049,84.9
4097640082,60.3
4098200038,94.7
4015560033,58.2
4015120026,71.4
4015560043,67.0
3029500001,355.3
3028020014,35.4
2-02371-0052,34.3
4-09998-7503,25.4
4-09998-7501,61.5
3-05063-7501,55.7
2-03309-0039,47.5
2-02458-7501,51.3
1-00880-0016,41.2
1-00767-0002,97.0
1-00798-0014,102.1
2-02452-0029,123.6
3-01811-0070,17.3
2-02714-0030;2-02714-7501,45.1
2032520076,82.4
1000160001,40.5
1000730002,560.7
1000960001,0.1
1002820003,201.9
1003530044,0.0
1006650014,164.8
1009910050,9.1
1010130039,80.0
1010130041,24.2
1011070012,74.3
1018760020,83.8
1019300055,59.9
2029140001,71.8
2029150001,18.3
2029190005,8.3
2029200002,53.6
2029210001,340.2
2030730013,205.8
2032470002,70.5
3006620001,43.4
3007150001,11.2
4-00239-7501,28.3
4133630006,47.6
2029400072,144.1
2029420001,66.3
2029400006,83.5
4129720067,17.9
2026990045,214.0
1001780022,68.6
2043470007,94.6
4001040001,64.2
1015950065,47.1
4051810046,88.3
1-01966-0095,10.1
4-09827-0025,39.9
2-05957-0152,70.6
1010117501,88.0
1015200050,54.6
2-02810-0017,65.8
1-00632-0039,64.5
4000850005,49.5
3029870016,142.8
3002507501,52.1
3053400015,57.4
3009650032,9.6
5030950021,51.0
4005750029,83.6
1008330020,44.0
1007860062,47.3
4003880013,129.9
4013360001,12.7
3060500051,13.6
1000630006,79.9
3004130007,54.3
1008180059,48.3
4053070024,61.8
4116020001,13.2
4089250047,84.2
4014390001,64.6
4073470007,193.0
3012300014,81.9
1004267502,37.6
1013310039,58.8
1012710007,109.7
1014660037,70.0
1008760018,57.9
1013107502,72.5
1011690037,54.6
3064910011,50.7
3064910011,23.2
3064910011,12.6
4-00041-0010,34.9
2-03308-0104,37.3
1010010006,92.5
1008610001,82.4
3075600034,85.3
3012430017,88.3
3050830086,67.3
3051000056,87.5
3050830071,27.9
1021360140,39.3
1019580001,64.9
2057690132,78.2
3067230001,73.9
3012060031,70.3
3051350044,88.5
1021700340,114.4
1021700336,16.0
3050730001,89.7
3011920006,87.9
1020060011,96.9
1021610075,28.7
1021610079,103.3
1021610083,89.0
1021740111,39.3
1021490270,95.5
3050847501,70.1
1-00521-0001,56.3
4032340173;403234183,105.0
2-02409-0078,7.5
4-10524-0001;4-10524-0150,90.7
1-01413-0001,49.1
3009900050,31.1
3086800001,22.1
1013780041,0.3
1016750011,135.5
1016300041,19.5
1013730030,83.5
1008420007,109.6
1-00994-7504,16.5
2031040001,35.2
2030760011,74.7
2030760039,100.7
3016997503,27.7
1007887501,57.0
3072240037;3072240128;3072230027;3072240050;3072230011,63.9
1006960049,28.0
1015287501,32.6
1012127503,35.2
1011450029,59.6
1005307508,50.6
1014977503,33.6
3003207503,67.9
3025967501,66.5
1006050001,55.3
3003357501,80.1
4042527501,52.4
1009430001,51.2
3002857502,48.0
4067977501,51.7
4114310015,88.5
1016910002,36.5
1016710001,45.9
3012050028,84.7
1014540001,187.8
2031547501,19.4
1010390027,109.1
1005050036;1005050031,67.1
1011697504,25.6
1-00161-0001,68.8
1-01565-0001,67.7
3-07244-0058,66.7
3-07244-0105,38.4
3-07392-0001,42.6
3-08771-0135,71.8
4-00184-0001,69.4
4-01277-0001,62.6
4-01277-0012,49.5
4-01277-0058,51.5
4-10107-0090,107.4
4016340001,60.7
4034140002,27.9
5001870042,38.4
1000637501,50.7
1010000001,119.1
1010190055,113.2
4003990022,129.0
2033270060,77.6
2059040100,58.2
3051330014,66.4
3054890006,88.6
3056220007,84.4
3072820062,107.3
3068180082,73.7
3066620033,71.6
1011830032,59.1
1019770023,81.9
1003840033,63.2
4050147502,84.8
3003000017,145.4
3062040001,97.0
1020620014,88.8
3019140046,46.7
1019770037,75.4
1020530026,70.5
1014647501,61.5
1012300061,48.6
1-00212-7504,143.9
1-01009-0040,82.7
2023627501,16.0
1012840002,32.9
1012640040,59.3
1-01792-0005,75.4
1017890039,42.7
4014420001,84.7
1018750026,96.2
4014560046,75.0
4014560029,78.3
4030860002,100.1
4022110018,87.2
4022210006,95.6
4022220001,80.2
4012450030,54.4
4022500012,84.7
4022380019,65.1
4033340299,65.6
4093020028,90.7
4022250001,70.0
4022250006,68.6
4033410001,104.7
4033410008,82.7
4033410016,99.4
4033420037,82.8
1015170058,90.3
4050230045,94.3
1015170043,26.7
1008960048,72.2
1014490038,13.4
1014530037,64.1
1015840035,97.7
3067370064,71.0
3067750025,69.6
3064130030,65.2
1018740022,88.0
2057980086,63.1
1021720004,80.9
3054880004,88.4
3063150034,95.3
3061000006,68.9
3061000001,56.1
3061290001,70.4
4032750083,98.9
1012090053,54.2
1015050044,55.1
4033210043,88.6
3011790103,67.1
3011797501,54.1
1013630001,33.0
2031790031,95.9
2028570028,86.4
2028790045,75.6
2032100059,89.6
2031640001,99.1
2057640642,71.4
2059460052,86.6
4041250001,64.9
1007107501,79.5
4000347502,24.6
4000547501,41.4
4000527502,37.8
4000487501,43.0
4092840019,79.7
4034440033,71.5
1021657501,164.7
1021090034,63.3
1012810059,78.2
1005100038,81.6
3001527502,116.0
1014330127,108.8
3053160001,12.4
3062630043,88.3
3062290037,60.8
3023837503,39.1
1001887502,73.9
4013497501,58.3
1005947505,64.3
3032177501,58.2
1021100037,94.0
1004730014,48.1
4002397502,4.1
4005690056,17.2
4012720001,12.9
4014740058,88.4
4001340045,45.0
4001960032,64.9
1012090006,58.5
4013097501,53.1
4092040009,77.1
4098290048,99.2
3023587501,36.1
1008847501,24.9
3015097501,13.3
4096290001,95.2
3000287502,46.7
2025160026,101.4
1019607502,41.7
2032530221,86.1
3010890040,88.6
1018207505,44.3
1011470056,78.9
2057870130,67.2
2033240011,79.3
4018720045,57.6
1010007501,89.6
3043650012,64.8
1020447502,90.2
4097400142,82.3
1016220005,178.5
4005100020,60.6
1002017501,94.1
1021700368,31.1
1002027501,76.5
1003460001,70.9
3019520016,44.1
1018240055,62.6
4050410005,48.7
1007990021,82.4
1018610010,72.1
3034870021,71.2
1018600011,72.9
3021480013,69.8
1004050001,72.9
1004210044,90.2
1002857501,62.8
1008840048,23.4
1008890039,78.6
1014210005,108.7
1004897502,65.5
1008170001,52.9
1010080029,93.3
1008900011,22.1
1003720060,61.1
2035190001;2035190005;2035190012;2035190020;2035190030;2035190034;2035190042;2035190049,80.9
1-00994-7502,75.9
1-02039-0058,106.4
1-02039-0055,89.2
1005130039,76.6
1005017502,41.5
2057070020,64.3
1013137502,40.0
1010507501,49.1
2031217501,19.2
2028690159,99.2
2028690163,99.8
3015840011,23.1
2-04657-0071,44.5
2-04657-0042,36.8
1003467504,43.8
4-03731-0065,61.8
3046740021,101.7
4-03880-0097,89.5
4-03322-0135,62.3
4-03355-0144,62.0
4-03341-0037,62.5
4-03255-7501,74.8
3077290025,108.2
1020130009,36.6
5014100250,157.3
1000080039,154.4
1-01557-7502,58.4
2-02294-0032;2-02294-7502,69.6
4005920008,72.5
1008880051,27.2
1013030053,43.6
4129580050,52.9
4006400024,48.5
1000360018,139.3
3005150061,41.9
3052930029,405.4
3031060020,172.9
3007250001,0.2
2027810500,170.1
2027700001,20.7
1000960005,120.5
1000740001,77.6
3-00165-7501,61.7
3-00389-0010;3-00389-0005,59.8
3-00245-0025,39.8
1018850029,22.1
1011710132,69.4
1011710133,90.4
4105990100,30.9
4105930002,23.6
4105920150,39.1
4105900100,31.1
1010700001,95.6
1006010013,84.9
1006010026,97.6
2025430020,46.6
1010967501,106.2
3034920001,58.9
3046200030,127.5
1015790030,65.1
2028260011,74.9
1013210011,59.7
1007890030,49.0
1012790001,51.5
1012790069,90.3
1008230009,53.2
2-02812-0001,61.7
2-03181-0034,63.2
3005960027,75.4
4001150221,54.3
4020790001,34.3
4002500001,43.1
3024430034,36.8
3051820001,4.3
3043850036,32.7
3087320061,50.5
4019710001,43.0
2036070002,78.1
4-00192-0035,76.0
4-09767-0001,50.6
4005380046,33.6
4001910030,13.6
1021220130,81.8
4031930001,69.2
4000417501,34.2
1022210011,20.4
3-06377-7502,37.6
1-01483-0001,117.5
2-02769-0193,69.8
2-02772-0102,50.5
1009970041,66.8
3043620001,268.1
3055600020,71.6
1021800340,43.0
2057320924,35.4
4011650071,72.2
4011650017,63.9
4011650058,63.2
4011650027,48.2
4013420009,75.4
4030780065,66.5
4030780050,67.5
4030800001,61.2
4030800051,65.5
4032340051,31.9
4011650045,70.1
4033530001,48.8
4030800006,67.9
1021770154,68.5
1011467501,77.3
1-00694-7502,68.6
1-01395-7501;1-01271-7501,56.5
1011457501,29.7
3-01854-0049,35.2
1-01930-0044,82.4
2-02948-0044;2-02948-0040,65.1
1-00766-0053,51.2
4-16137-7502,49.9
4-03335-0023,46.2
1004737501,41.5
1017230005,62.7
4042730105,38.9
1018260008,88.5
2023590210,67.8
3020600001,26.1
3023407502,71.7
1-01534-7501,109.7
1-01238-7503,74.1
1-02243-0289,72.5
2023730021,191.0
2037160032,51.5
2037440053,21.1
2028390083,111.7
2025320015,72.5
2032600050,108.4
3065820068,119.9
3066070066,119.2
2031590001,114.5
2031680064,905.0
1021390310,113.3
2032920001,67.2
2032850019,80.5
1011860009,83.8
3075620001,65.1
3024130001,82.4
2033260105,93.2
2026230147,93.7
2026830094,102.1
1012010058,69.8
3014190039,107.8
2024520054,24.0
2032150008,108.8
2032810057,111.0
2051070010,75.5
1011637503,96.6
1013077502,90.3
1-01417-7502,40.6
1-01397-0001,65.9
3003357501,28700.0
3003357501,81.3
4114310015,314300.0
4114310015,90.4
4114177501,718800.0
4114177501,73.9
4020820107,13417900.0
4020820107,78.8
4021370013,205700.0
4021370013,81.4
3072240050,81400.0
4012610001,278700.0
4012610001,76.6
3042950063,1054700.0
3042950063,123.0
4031157501,131400.0
4031157501,136600.0
4031157501,81.7
1005320015,47.1
1000907505,56.3
1013190029,109.8
1012417502,27.2
1012397503,25.3
1013120069,71.1
1010460038,57.2
1008667501,60.4
4114177502,110.8
1004437505,32.1
1011860052,69.7
3023220006,82.0
3023220001,19.3
1012070029,59.8
1012480029,54.2
1011630061,60.5
1014960054,35.4
1012410052,48.5
1000730010,153.1
1000730011,568.8
1000960001,80.6
4-02159-0002,142.4
1001070038,103.9
4120990015,35.9
4120990001,77.0
1007870070,48.8
1007870076,40.7
3007290072,96.3
3008370001,98.9
1-01893-0001,64.2
1-00179-7506,49.1
1013010001,81.6
4-02264-7501,71.6
3-02010-0001,41.3
1-00179-0056,69.8
1018360047,81.8
1012710019,53.8
1012710017,83.7
1-02139-0537,52.3
1-01197-0113,59.5
4057840001;4057870001;4057780001;4057810001;4057500006;4057300001;4057400139;4047460035;4047470038;4047580010;4047670001;4047420022;4047430001;4047440028;4047540001;4047560001,100.7
4057840001,88.7
4057870001,94.2
4057780001,134.6
4057810001,83.3
1-02006-7502,27.3
1017870080,510.3
3039950001,52.5
1003460095,57.2
1020680074,72.9
3047170011,57.9
2035630005,83.4
1003760058,80.5
3034460001,69.3
5007520001,65.8
1010220061,90.9
3062640029,65.6
2043410025,104.3
2043410020,68.4
3040057501,30.2
2044270004,115.4
2044280019,91.6
2032200032,79.7
2032150014,73.6
1020260001,99.2
3070680030,151.6
2051410385,73.0
2058512091,74.3
2024590030,76.5
1008487502,49.9
1004257505,34.9
1002810006,366.2
1001977502,119.1
2033180119,108.4
2028290030,109.4
2033130040,76.4
1021730029,97.7
2033800056,66.9
2024220026,84.1
2024080017,109.7
2046560034,89.9
1021760144,83.4
2027030025,37.7
2027030053,97.5
2024460015,102.6
2024340015,109.6
2024500052,16.9
2037670039,76.2
2025210005,92.5
2028450062,373.2
2028260006,96.2
2030790022,46.9
2032180020,46.6
2033140041,64.7
2032490006,67.9
2032490046,74.5
2033050045,75.4
2033090042,40.2
2033280082,86.9
2030480046,48.5
4078800400,16714.1
1005210045,73.4
1001700001,58.9
1008900003,7.6
1007540001,35.5
1012280061,69.9
1005740005,63.6
1002120018,17.8
3-00250-0039,54.4
2037780010,61.1
1021220110,50.6
2028790204,72.2
1-00051-0001,43.9
4-06285-0029,56.6
3-06735-0044,103.3
3-05887-0001;3-05887-0006,55.6
2039980022,101.3
3-02893-7502,79.9
3024720200,36.1
3024720021,51.2
2023197501,53.8
3031840019,60.9
2028700050,84.2
3060470049,81.5
2028700040,69.5
2028200016,79.0
3056010006,111.3
3076370049,94.0
2028700045,97.8
3076360046,88.3
3056080037,14.1
2031220031,92.2
2031220067,99.5
2025530002,72.4
1020530111,78.8
1020080057,105.7
4041450065,62.8
2028700035,109.0
3059080037,104.1
2042850010,91.9
3059080043,90.1
3017760067,46.2
2028630011,46.0
3086780066,82.6
3075540038,110.5
3036070008,15.9
3024200022,162.0
3015900017,40.5
3026160018,57.1
4004170003,36.9
3001467501,64.0
3037340100,20.0
3019700013,14.6
3011550016,34.9
3017510010,55.6
3023280015,29.7
3023677502,44.7
3014560001,32.7
3011427501,58.8
3023537501,69.5
3012460017,7.2
4006130001,111.3
3030730006,46.2
4098800030,124.9
3007690036,63.9
3053400048,58.9
3067480052,100.3
3022500010,50.4
3009250042,123.2
5000910043,102.9
2032860034,90.3
1020950023,75.2
2026740027,111.1
3056500068,57.4
1021370052,70.5
2028290001,92.4
2038010001,151.5
2025770038,73.5
1012620009,83.9
1008330028,96.7
2-03623-7502,51.9
2-03623-7501,52.8
3051190040,97.8
3064947503,31.0
2031210010,29.6
2033120008,55.1
2029800017,10.9
1008980016,19.6
3006317504,36.0
1011397501,69.3
1-01205-0022,65.7
2031980092,89.7
2-03324-0014,66.9
2-03203-0047,69.5
2-03199-0053,77.5
2042460020,61.2
4006340001,36.8
3-02033-0002,55.2
3-02033-7501,60.4
2-02369-0001,41.1
1012677502,52.1
2025990146,21.4
4003727501,19.8
3-00339-7503,74.5
1-01629-7504,24.2
1-00236-7504,34.1
3-00236-0011,61.1
3-02011-0060,28.1
3-02044-7502,57.8
3-02121-7501,37.0
1-00775-0009,120.7
1-01149-0033,136.9
3-00969-7503,23.7
3001630001,129.2
1005590016,70.7
3070710130,46.0
1010140017,89.3
1010140025,168.7
1010140041,99.1
2027810520,87.5
2-02361-7501,29.8
5-01035-0012,44.8
5024507509,34.1
1001977501,64.3
3-01814-0123,186.0
1009620050,72.5
3012740001,647.9
1000020002,229.8
1000020023,113.2
1-00732-0068,101.7
1-01081-0080,261.4
3061337503,20.0
3060840001,8.0
3063310001,64.4
2052590016,84.0
3047910051,122.7
1-00539-0028,77.6
4057840001;4057870001;4057780001;4057810001;4057500006;4057300001;4057400139;4047460035;4047470038;4047580010;4047670001;4047420022;4047430001;4047440028;4047540001;4047560001,99.6
3029740051,219.3
3015310001,22.2
1007320070,128.6
1012700064,183.9
1000717501,33.9
4025570050,39.6
2027650168,8.5
2030950001,35.0
4-00839-0001,72.1
4-00614-0054;4-00614-0057,102.8
4-01939-0011,34.3
4-00530-0007,56.6
2-03929-7501,28.3
3059880039,93.4
3060370001,116.1
1012337501,48.5
1008587502,49.5
1013797504,140.2
1014130004,62.7
1014270030,53.7
1013180022,27.8
4004900080,34.0
3013870013,53.7
3013870024,56.8
3013870029,16.0
1-00604-7501,87.1
4051217501,83.7
1005527501,79.2
3047180001,139.1
2022930046,67.5
1011680056,76.4
1008600074,108.4
1001450012,223.4
1008570007,63.3
1010180018,126.7
1012600012,82.2
1008570075,127.7
1010410044,98.9
4010710001,881.5
1-01909-0012,39.4
1-01065-0001,136.9
1-00819-0056,34.8
00847-0027;00847-7501,45.1
1-02041-7504,34.1
1-01717-0002,87.7
1-02089-0041,95.7
2-04427-0007,66.2
4-05374-7504,33.2
1-01845-7502,65.6
4077390003,96.5
4077420003,97.8
4077540003,113.9
4077550003,132.8
4084890001,108.9
4084890001,737.0
3-05026-0011,65.4
1-01223-7501,72.4
3-05073-0006,102.9
3001460043,30.0
2028300030,21.3
1014890037;1014890008,99.4
3-07244-0105;3-07244-0058,50.2
4-00109-0007,63.2
3-01641-0055,65.9
4043220001,70.8
3-02085-7503,15.3
2033190093,72.8
3025700050,48.4
1-01447-0009,58.4
1019920013,79.4
1010737505,52.4
1-02240-0001,110.1
1-02170-0066,103.6
4-09710-0002,79.3
3-00299-7501,69.1
1-01210-0055,57.4
1-01878-0052,74.0
1-00691-7502,67.6
1-02180-0480,114.7
1-02139-0578,64.9
1-01053-7503,95.1
3-00176-7501,89.2
1-00896-0039,73.5
1-01234-0007,14.9
1-01446-0008,67.3
1-01507-0069,55.7
3038820055,4.7
4057500006,99.1
4057400139,141.5
4047460035,185.3
4047580010,87.2
4047670001,80.4
4047420022,873.0
4047430001,73.8
4047440028,89.7
4047540001,86.1
4047560001,69.7
1-01447-7502,77.9
1-00885-0001,65.1
1-02107-0020,83.0
3-01066-7503,27.7
5028690001,78.3
2033980044,67.9
2027650266,109.5
2032710128,44.7
2049940023,74.1
2041530008,76.9
2057150184,27.8
2047530029,64.0
2049940041,99.7
3001570009,39.9
4013207502,0.7
2058871348,99.2
1019210046,22.5
2025900102,89.5
2023710017,130.3
2025280011,87.7
2057140164,92.1
1014490020,32.7
1007320025,46.3
2028200009,87.2
1018230037,232.7
1018230038,17.4
1019040006,46.6
1019260008,91.5
1019260061,117.2
3038020038,124.5
1008807503,91.7
1022200043,75.2
1018420042,78.2
1016120001,73.5
1018430020,91.6
1009340015,98.2
1016720001,35.8
1005150004,41.1
2057480500,60.2
2059090977,142.2
2059090970,17.6
4053740023,96.3
4051370011,113.4
2043220051,120.1
2043407502,50.6
4017820005,36.9
3021347502,168.5
2-02877-0424,103.0
2-02877-0431,105.5
1018430022,95.2
3050840010,77.4
3050860050,112.2
3067700050,95.2
3071940028,64.7
3046980037,87.9
3050420073,77.7
3050860022,70.7
3075770025,97.6
3051840031,90.2
3051620022,74.0
3067000012,81.5
3067030035,89.6
1022150276,79.3
2058811086,70.5
1018470068,77.6
1021710032,100.1
2058811088,14.2
1018480031,69.8
2058141155,67.1
3023827502,30.9
1021360090,16.2
1021720030,13.0
1000267501,47.3
1000537501,85.5
1002467501,405.5
1005450008,42.7
1006220041,75.1
1007347501,54.2
1007667503,38.2
1007957501,67.5
1010607502,134.9
1010647502,47.5
1012510008,68.5
1012600066,81.8
1013317501,63.2
1013490044,48.2
1013670020,63.8
1013690002,72.7
1013737503,64.9
1019487504,39.2
1019950005,82.9
2057390257,90.8
3002917501,52.8
3011527507,51.4
3020607501,52.8
3031377501,62.9
3074330025,91.0
3074330034,79.3
3074330040,103.4
3077760026,76.8
3077770026,56.2
3077780024,80.3
3077790022,48.0
3077800008,90.5
4004377502,33.8
1004737505,55.5
3023327502;3023247502,62.8
3081730024,92.7
3012030034,92.7
1021630044,65.4
1021360075,76.7
3056060025,84.5
3054620032,103.3
3056740001,80.2
2027970025,120.9
2031680011,136.7
3056140014,92.3
3056140019,98.3
2032490149,80.8
2042560008,97.2
2033280130,83.5
2032490058,40.5
5011610001,23.1
2032480006,95.7
3013337501,27.7
3012857501,71.0
2037140030,108.6
2025060104,87.1
3057640001,176.5
3015797501,25.9
3022280011,13.3
2025060147,81.5
2040500013,134.0
1020320013,137.0
2032200010,82.9
3050360039,78.3
3011790076,76.6
2028090020,75.6
2022927502,41.1
3075740070,40.6
3051850069,69.7
3010540010,29.9
3009030083,63.5
3024630021,81.2
3031620001,41.2
3017370021,55.2
2027990050,106.0
1007330023,56.5
4051240002,63.9
3030630017,56.4
1007330008,74.2
3017540033,50.8
2024560001,180.3
2033240023,20.8
3050260075,90.1
2025540054,46.7
3050260080,77.1
2031490118,38.3
2045470001,99.3
2033140051,73.3
3016247501,17.6
3065780091,96.0
3022610009,65.2
3065710011,93.8
3022357508,43.7
3046320018,15.5
3046320025,92.6
3046890042,82.1
3021300021,35.9
3050490083,77.5
3019000067,55.3
3050560014,73.4
3066360071,110.3
3050850090,82.5
2027400039,117.5
3050560022,75.4
3051840006,83.4
3050560028,89.4
3053950008,77.7
3051850073,81.3
3046670046,76.2
2032140013,96.7
2032140022,104.6
3048990033,82.2
2033410057,64.0
2033350118,80.0
3060340076,13.8
3061150032,11.7
2033540026,94.1
2033350193,81.0
2033350128,73.7
2033430227,92.2
2025280029,76.1
2033560035,76.4
2033460010,80.5
2040500019,141.1
2042850001,66.8
2031910054,21.8
2026430060,103.6
4009000034,40.6
2030020023,74.6
2030350044,58.4
3016530090,47.0
2031470012,96.9
2042560003,86.5
2042560014,60.9
1006390001,64.3
1019690034,72.8
2040070037,99.7
2024500001,111.8
2027960050,88.3
2032150063,89.0
3052790043,50.2
2024760050,69.8
2024760047,93.3
2041540001,131.0
2039720003,119.0
3073257507,42.8
2-02816-0066,28.9
3056500034,17.0
3056360022,88.4
3056360052,68.6
3056430031,77.3
4008480044;4008480048;4008480052,82.4
4008480056;4008480060;4008480064,80.3
3004237501,31.3
3048377503,28.6
3052117501,23.2
2024560251,20.5
3027890011,52.7
3-02773-0008,38.6
2057870169,78.6
2059330225,8.5
2059330224,226.1
2059330230,46.3
1005440013,58.9
1007890040,58.2
4/03731/0065,35.2
3-07317-0023,16.8
4014570034,126.2
1013680001,80.7
1007800071,87.5
2052230001,190.9
4033210111,71.7
3051320018,116.9
4032370040,102.7
1012420055,50.0
2-03093-0002,60.9
2-03093-0020,78.3
2-05709-7501,64.4
4057500006,90.5
4047540001,84.9
1018210055,95.3
3019010001,43.8
3019020022,27.2
3019020001,65.6
3019020001,41.2
3019020001,359.7
3019300001,10.0
3019440004,363.1
2032200001,82.2
2030680093,92.2
2032560172,25.1
3016230073,50.9
3065710023,65.2
3067660030,69.5
3067670066,59.0
3087010001,70.1
3086910057,70.3
3086910071,45.8
2030100004,54.2
2-02763-0227,107.6
4051370055,82.2
4006460038,9.6
4051850037,80.7
1011170014,36.5
3025750005,15.2
1008000033,10.9
5030197501,18.6
1021260001,99.0
1001460018,35.6
3018150126,50.1
2039000039,78.4
4001580033,198.8
1008770042,72.3
1019507502,181.4
1006027503,43.6
3011790066,86.4
3053070070,60.9
5000030001,58.8
1-01118-7501,66.6
3012670010,98.1
3013960074,182.5
1017480035,81.8
3066007502,48.3
4000477502,41.0
3002787502,41.9
1020337501,89.8
1003537503,48.8
1-01349-7503,57.0
1-00696-0054,138.9
2-02762-0103,79.8
4018427503,56.2
4014550060,33.5
4121230100; 4121230035; 4121230025,47.5
1-00531-7505,135.3
1-00515-7501,95.2
1-01493-0033,71.1
1-00515-0031,46.6
1-01199-0040,60.1
1-00798-0017,45.6
1-01210-7504,75.8
1-01338-7502,41.8
1-00190-7505,35.0
1-00994-7503,98.9
1-00576-0041,13.4
1-00473-7503,39.4
4-02159-7501,15.5
4-02159-7501,54.9
1-00793-0067,46.4
1016237501,69.9
1017457501,67.7
1012520017,14.8
1014290005,62.0
4-00006-7504,52.4
4162287501,51.1
4021120014,76.6
1008810047,70.2
2033177501,55.1
1005010015,76.4
3-05185-7501,54.6
3067740001,32.1
4020807501,80.9
2029250042;2029250048,60.2
2028140073;2028140074,37.0
2023730021;2023730023,120.1
3045157501;3045167501,69.3
1-01320-0121,21.4
1-01320-0121;1-01320-0018,88.1
4050257502,28.4
4-01158-0120,50.6
4-16077-0001,145.6
2-02769-0021,12.7
1008040032,135.2
1008127501,83.7
1005560016,149.3
1007297506,89.6
3-00208-0002,16.4
5039600310,69.2
1-01195-0023,77.2
3068210275,83.9
1-00560-7501,100.1
4-00030-7501,42.9
1-00817-7503,38.4
1-01336-7501,47.0
1-00891-0083,52.3
1-01519-0008,12.6
1-00078-7507,81.9
3-02002-0001,564.2
1-00865-0042,49.3
1-01046-0047,21.6
1-01138-0001,67.7
1-01542-7501,82.1
1-00311-0013,88.8
4-06672-0001,314.7
3-03679-0030;3-03679-0022,117.3
3066650034;3066650040,53.6
1-01510-7501,29.0
3-02721-7503,58.2
3011300011,51.2
2-03567-0001,113.5
2031430033,138.7
2032710210,60.9
1010090044,93.4
1013247502,34.7
1006460001,117.9
1006460049,0.0
1012770069,27.1
1004980023,93.0
1012607503,73.2
1005110001,74.1
1006290001,188.6
1006430043,46.8
2023620044,46.4
2024630046,70.1
3002410020,61.2
1-01508-7501,46.9
3033400020,79.5
3033410001,24.7
3033240019,72.1
3033250001,29.7
2056417501,49.1
1015450039,68.0
1-01512-0044;1-01512-0047,93.4
1-01512-0047,27.3
1012670030,112.9
4097547501,30.7
3016997504,41.3
1017870070;1017870001;1017870080;1017870060,124.8
4050367501,99.4
2039840001,157.2
3033150001,14.4
3033340001,61.5
3032860001,27.4
3033510001,20.9
3015820015,25.5
3014730034,82.9
2028420033,116.0
3046470006,96.3
3046490001,18.9
1019660052,77.9
2023687501,41.7
3016050076,75.3
2026970015,100.7
4020750036,41.8
2051411149,75.1
5023800001,50.9
3046270031,72.6
1016750005,88.4
2054030025,78.2
2033440102,88.4
1010660012,51.4
4051347501,75.1
4015187502,99.7
4098600040,102.2
4092660001,71.5
1-00346-7503;1-00346-0150,51.3
4-02450-0001,23.9
3051117501,64.9
1-02039-0058;1-02039-0055,97.8
1021720032,195.1
1021640038,61.7
1021720030;1021720032,111.5
3022707501,73.0
1020320010,16.6
2025170035,97.4
2024560008,22.9
3013000037,102.6
3021477502,62.0
3012920007,86.9
3013050068,52.7
3014267501,91.9
2033560028,171.4
3007710001,66.8
3050830024,36.8
2027450033,43.5
1021670010,20.8
3000430029,55.2
3053990032,106.1
3029290046;3029290001,50.0
1018317502,34.8
4001570013,67.1
4092317501,93.2
4077610060,81.5
4001590021,58.9
2027070030,57.0
4030800043,91.4
4012680013,78.5
4065427501,57.5
4050057501,58.5
4043740049,71.8
4-15705-0069;4-15705-7501,41.5
1-00179-7503,31.9
1-00172-0030,45.4
1-00767-0019,59.1
4017820019,103.9
4118860010,68.0
2-02832-0030,74.7
2-02832-0004,138.0
2-02750-0022,81.5
2-03143-0234,14.9
3-01274-0001,649.3
3-01274-0001;3-01274-7501,107.2
1011717507,65.3
1016880030,66.9
1008020075,29.0
2043170048,87.2
2027240190,89.9
3066660001,67.0
3014800002,54.8
3055700001,113.9
1000530038,76.6
3056360022,39.6
3056360052,5.4
3050630009,100.6
3034130006,31.9
4021360033,81.1
1006440043,217.2
4003290018,47.2
3-02017-0008,67.5
1004467503,20.2
2028290040,68.0
2028290034,78.9
2031110001,33.1
2031030026,70.6
2057030175,68.8
2032000014,79.2
2043170006,63.9
2032000011,66.3
2040520033,90.1
3018620026,131.9
1-00895-0082,95.1
3-05216-0060,131.6
2057110029,13.0
1-01775-0001,112.8
3044960015,21.9
1020267501,65.0
3005550005,4.9
3067810023,68.2
3068020046,81.2
3066350052,79.6
2-02294-0032;2-02294-7502;2-02361-7501,47.1
1010320048,13.1
2022830040,53.7
1020320055,114.1
1020670012,121.8
1022410024,178.7
1022280014,86.8
1022280001,101.7
1018810032,12.4
1018810029 ; 1018810032,91.9
4036670576;4036670578,5.3
4036670576,2.4
2-02990-0037;2-02990-0034,54.0
3-02432-0030,38.1
3-00120-7503,46.4
1-00229-0001,54.6
3023330005,28.4
3026190020,44.4
4-09998-7503; 4-09998-7501,53.4
3073710072,79.1
3071920045,34.1
3037670001,58.7
2029180016,68.7
2030140016,56.6
3006930039,75.2
4017050001,65.3
5006350001,62.0
5006830320,69.7
4004040001,62.8
4004040001,63.3
2049470017,0.0
3078810033,16.9
1000020001,82.8
1003350001,45.4
1008060066,157.8
4096570001,43.6
4096570001,1.2
5004870100,35.1
1000930001,63.8
5019650107,250.5
4015290001,35.1
1003350001,35.5
4004730548,0.0
1003350001,34.9
2031090001,73.0
4096570001,26.5
4023340015,15.1
4041370001,7.6
4004170002,94.7
5004880071,88.4
1016330013,2.5
1016330013,19.0
4026570050,9.7
1020580040,84.5
1013180019,70.6
1004000001,63.3
2-03094-0003,53.9
3-00269-0016,66.0
2-03125-0030,77.7
3-01557-0038,23.4
5074520030,33.1
4032560009,65.9
1000690001,59.0
3001450032,74.3
1007630056,111.9
1007630054,94.5
1013170019,77.3
1005800015,35.6
4023250032,84.3
1-01930-7501,52.3
1-00459-7503,82.0
3-02303-7502,67.6
3-02303-7501,43.9
3-02342-7501,35.7
1-01215-0056,20.6
1-00514-7505,81.7
3-02049-7501,51.0
1-00507-7502,47.6
1-00475-7513,45.2
1-00528-7501,92.5
1-00530-0007,20.1
3-01176-0036,65.1
1-01235-0007,36.5
1-01216-7501,93.1
1-00376-0028,32.6
2-03938-7501,20.1
2-03937-7501,19.3
2-03943-7501,18.0
"2-03929-7501, 2-03937-7501, 2-03938-7501, 2-03943-7501,2-03962-7501, 2-03962-0020;2-03944-0003,2-03944-7501, 2-03943-0200",88.8
3019020001;3019020022;3019010001,82.9
3019440004;3019300001,76.3
2028870100,33.9
2029880016,60.2
1-01228-0013,76.2
4065370028,89.6
4065400003,78.9
4065420003,145.4
4066560063,85.7
4012640014,51.7
1010117504,30.8
2059037501,64.1
1010550001,29.2
2033190006,82.1
1002287501,83.6
3000680107,79.0
3025930001,12.6
3012000021,30.6
3019480042,12.1
1004207501,14.8
3048740032,78.1
2046570020,68.3
2026750006,36.6
2032530023,39.2
2032250156,88.0
1004820019,50.9
1006937505,38.9
1008680051,65.7
3065640001,12.8
3031607503,64.1
3021297508,78.1
1015350026,730.8
4028740002,58.3
3002807502,118.9
4097360141,93.2
2-03318-0150,11.8
3-05024-0006,66.9
3-05024-0001,79.6
3-07620-0014,69.4
3-06730-0082,48.8
3-08770-0013,70.7
1-01260-0010,59.3
4-00243-0035,69.2
3-03413-0071,105.8
1-00927-0018,4.3
1-00586-0077,23.0
4-00190-0010,100.9
1019520043,69.9
1013050032; 1013050028,105.9
2036270030; 2036270020; 2036270040; 2036270050,100.2
2036270030,19.2
2036270020,23.7
2036270040,328.5
2036270050,29.2
4100300012,56.8
3031100001,22.8
4082150024,120.7
3026120125,85.7
2026060003,41.8
2026060041,36.7
1000880001,56.8
4025750130,61.6
1016160036,41.4
2023277501,3.7
1007730044,327.2
1008620028,72.0
1008610054,100.5
2023187501,37.5
3051030008,30.9
3051090008,106.8
4101550123,31.8
2-03266-0023,106.6
2033150028,92.7
2027630248; 2027630252,99.0
1021700336; 1021700340,65.3
2-03198-0105,32.5
2-03805-0007,0.4
2-03827-0130,4.5
1-00473-7503,41.0
2-02360-0001,13.0
4-15537-7501,16.7
3-03620-0005,22.2
"1003950009, 1003950022",173.6
"3014950001, 3014950013",90.6
3-03574-7501,15.4
3-03573-7501,33.4
2-02892-0011,81.4
1013240009,64.5
3066410038,101.1
1-00016-7506,78.0
5003270060,118.6
5003270015,103.4
3-04369-0001,25.2
3-04371-0001,16.7
3-04393-0001,24.4
3-04397-0001,29.0
1005617501,66.6
3001567501,75.8
1011710063,83.3
1011420064,88.9
3-04375-0050,15961.4
3-04393-0001;3-04371-0001;3-04397-0001;3-04375-0050,109.4
3002500007,73.6
1-01151-7501,28.9
1-00772-0056,28.0
4005570003,149.0
2039360007,60.5
2027950042,97.7
4157380033,89.1
3074450001,72.0
4-07929-0002,58.9
4-07943-0200,102.3
4-07945-0025,66.4
4-07914-0002,71.8
4-07929-0002;4-07943-0200;4-07945-0025;4-07914-0002,71.6
1-02243-0277,146.4
1-00088-0001,56.8
1-00479-0029,169.3
3-06766-0092,27.0
1-00471-0055,165.9
3-01789-0012,41.5
1-00043-0005,71.2
1-01096-7501,173.4
1-01096-0034,51.3
2-02909-0026,65.6
2-03739-0034,50.1
3-02323-0045,41.9
3-02169-7508,7.7
4-05063-7501,54.7
4-04958-7502,22.8
3-00395-0054,47.8
4049717504,78.8
3-00208-0002,14.8
4012560001,97.9
1-00729-7505,23.0
2028790253,37.5
1010760057,63.9
1-01949-0061,69.5
1-01922-0020,113.5
1-00529-0001,67.2
4041480065,60.0
2023860144,86.4
2026070038,93.2
1020340029,73.7
1-00838-0054,94.7
4155630051,119.1
3-05052-0045,51.0
3-00154-0028,61.2
3-00165-0022,44.9
2059090977;2059090970,77.3
4094180027,14.2
4050420023,79.7
3030440016,40.3
3009557507,18.7
3010390020,41.9
4003970002,62.2
1003960020,72.2
1005957510,9.7
4011140011,24.9
2032530012,109.3
1004837502,59.1
1018230037;1018230038,113.0
2033960021,65.7
1007720047,84.5
3015780019,25.6
2026970045,99.6
3067837502,24.2
1020350001,101.4
2026430047,91.9
2032600005,67.6
2033960030,46.2
3066660018,79.9
2057897501,77.0
1020580040,81.7
1001507505,22.6
4049570044,126.5
2-02346-0001;2-02346-7501,34.4
1-00343-0062,27.9
2-02891-0057,53.1
3012580016,33.6
3004127501,59.5
3029920017,31.9
4033930062,40.8
4026110110,120.1
2032090021,60.2
4002940150,18.4
2033050055,42.7
3033350050,39.1
2033010037,92.6
4031980033,65.2
4003120343,59.2
1004827501,67.5
3017830001,42.1
3030490043,41.5
3024430023,39.4
2025140011,66.7
1021090007,105.3
2025060062,123.9
3050050020,94.4
2033550043,110.2
3054627501,38.9
3021400013,26.1
3066017501,48.2
4001517501,66.0
4003120500,11.3
3033757501,17.3
3055167507,28.1
4035540061,34.9
1005300001,132.1
1009687501,57.0
2025130033 ; 2025130001,67.8
2025050019,65.3
2025090048,396.3
2024200120,21.8
1017550050,24.1
1-01726-0039,58.6
2-05723-0042,90.2
2031440004,32.2
4003590021,95.8
5001290008,101.6
1-00395-0012,27.6
2-02409-7501,10.0
3005960012,1.0
5028430001,43.0
3011560001,17.1
3051350001,14.8
1002820031,31.7
3001077501,90.1
3056330068,80.4
4162267502,14.9
1-02011-0053,30.1
1-02011-0052,68.0
4-00567-0022,105.5
4049760003,170.3
4049600029,2.5
2-03016-7503,18.1
1021420187,160.7
4012290055,89.0
1021420097,22.6
1020260041,19.1
1013090008,99.1
4-00375-0001,34.0
2-2340-3,33.8
4003740012,4.0
3087640004,26.0
3014320028,56.9
4072480015,129.1
1013050001,205.3
2032920034,79.3
4026320012,19.3
1019290006,61.9
3014320005,40.6
5000510080,0.0
4015360130,104.8
3049470021,30.2
3049320006,21.3
3021780006,66.5
3083010060,48.2
4002280001,72.0
1009270018,4.3
3011710002,59.6
1005970005,113.0
2026920074,126.9
2028470025,75.9
4036670579,35.2
5024000025,55.6
5012340052,29.5
4019650015,214.5
3008360005,29.2
3008440001,19.6
4-00399-0034,50.5
2-03943-0199,20.6
2-03273-7501,32.2
3008270012,23.2
1008237506,104.0
1008227507,77.7
4092340044,69.8
3020150070,92.7
3012270025,95.7
4002510001,20.3
3067610075,70.8
3052400017,71.1
3001450026,81.4
1000720012,181.6
1012610029,63.8
3016007501,57.7
3031320021,56.3
1007637503,91.1
3016000007,108.2
1008390027,87.7
1000920014,70.2
1008370078,61.2
1000690030,95.6
2-02839-0075,192.4
2-03290-0065,177.1
2-03068-0033,44.4
2032370097,85.1
2032130085,123.2
2032130080,86.2
4066560063:4065420003,113.7
3-06612-0063,57.8
2035130032,33.8
1010720021,14.4
1000100033,43.9
3-05212-0024,102.0
3-05208-0046,79.2
1-02161-0110,87.2
3050977501,38.0
3017830047,38.4
4150010087,109.5
4025850064,114.2
3065480027,25.7
3006650012,41.2
3017547502,59.9
01791,111.8
2-05907-0352,86.2
3-00252-0028,45.9
4040690001,30.3
4-00438-7503,72.7
1-02123-0048,79.9
4004720642,95.8
2029290008,98.9
4-00569-0017,50.0
3-00451-0025,62.7
4-10050-0010,71.5
1007880004,45.5
1008480050,120.8
1007890014,29.8
1019290026,28.9
3064110048,98.1
3017767504,72.5
5054970095,47.6
4106020034,31.4
2-05722-0445,53.1
1-01333-0018,88.4
3-02764-7502,3.6
1-00595-7508,55.9
1-01369-0034,97.2
1-02164-7501,82.6
1-01248-0027,103.3
4012910001,141.7
4051020029,75.4
1018510005,60.7
4022360001,73.6
4-02166-0001,69.2
4-02150-0001,50.2
3-00300-7501,52.4
3-06462-0040,26.2
3-08782-0007,64.3
4-09803-0015,48.3
4-09803-0009,55.5
1-01258-0042,39.7
5-01494-0050,12.9
1-00025-0010,121.7
2-03304-0185,82.2
3-06764-0061,79.6
1-02243-0045,71.2
2-03314-0065,78.4
4-03099-0016,77.6
4-01516-0033,78.3
1-02088-0047,78.5
3-06494-0037,64.3
5-00028-0077,64.8
5-00001-7502,103.7
2-04323-0018,73.2
4-05263-0026,129.5
3-02349-0015,76.4
3-03091-0027,37.8
3-05186-0038,58.8
3-05207-0001,67.6
2-04365-0064,57.2
2-02825-0017,79.4
2-03874-0001,219.5
2-03785-0019,60.9
1008620016,35.3
1008400013,63.7
1010670038,39.3
1-01275-0050,40.1
2-02457-0001,92.8
2-02820-0001,61.9
2-02476-0091,62.9
4-01476-0026,81.9
3-08133-0052,95.0
3-07440-0020,70.0
3-07440-0028,77.0
4-01568-0040,70.8
1-00484-0024,50.7
1-00564-0007,98.0
1-01113-7503,8.7
1-00784-0028,95.1
4-03884-0034,129.9
2-02992-0043,96.4
2-02461-0130,63.0
3-06415-0006,112.9
2-02584-0001,20.9
1-00785-0025,54.4
4-01453-0034,67.5
4-01556-0024,72.1
1-01646-7502,77.9
1016240033,62.2
1013800039,54.8
1-00962-7501,420.4
1-00962-0080,149.2
1-00944-7502,118.7
1-01275-0006,75.8
1-01261-0021,66.2
1-01260-0071,45.8
1-00863-0060,39.3
1-01262-7502,52.4
1-00093-7501,53.4
1-00522-0001,78.2
1-01338-7503,76.3
1-00697-0023,38.7
1-00697-0013,39.2
2025120015,83.5
2043220001,23.3
3-02047-0011,83.3
3-00132-0023; 3-00132-0001; 3-00132-0014; 3-00133-7501,727.3
1005760036;1005760042; 1005760041,51.7
1005717502,88.0
1005750017,76.7
1-00577-0071,109.2
1-00577-7501,48.5
1-01993-0001;1-01993-0002,39.0
1-00767-0012,44.9
1-01145-0061,32.4
1-01780-0075,54.0
3-04345-0001,19.9
1003360005,54.0
3-02134-7502,142.5
3-02340-7502,77.3
3-02468-7501,52.5
3-03113-0032,89.0
3-03113-7501,66.0
4014437501,76.5
2-02382-7502,260.8
2-02964-0029,103.1
1019477501,61.8
1-00027-7502,38.7
2058141401,93.4
1-01011-7501,86.3
4-00021-0020,83.9
1010330009,113.6
1010330109,87.0
1007200045,48.8
4124950002,162.5
1015180009,77.2
1020337501,98.1
3023680001,13.2
1007937507,64.0
1-00231-0026,36.8
1010327501,63.5
1008657502,81.9
1010717503,59.8
2022950067,93.3
2022957501,55.6
2023660022,66.1
2023660037,69.3
2023667501,69.8
2023670001,81.6
2023670020,66.6
2023677501,58.3
2023677502,85.2
2023730006,71.2
2023790007,70.6
2024180033,73.4
2024420034,62.7
2024420060,64.8
2025110013,72.0
2025190001,70.9
2025270001,62.8
2025310005,67.0
2026180043,77.6
2026180047,72.9
2026420070,72.3
2026900081,65.6
2026900173,83.3
2027060001,87.9
2027060046,82.9
2027180017,75.0
2027427501,74.1
2028140069,71.7
2028390053,102.0
2028690171,99.2
2028720320,78.1
2029250042,60.2
2029650051,184.2
2030050007,90.7
2030240080,72.3
2030400003,92.9
2030500070,74.3
2030690017,62.4
2031080044,54.8
2031690045,73.4
2033220057,36.8
2033600176,64.4
2042530080,98.6
2042530084,82.2
3013470054,55.0
3036030025,65.7
3036170025,27.0
3040917501,84.2
1014167501,89.2
2039700035,80.7
1018710001,72.6
1018710061,74.3
1011320035,55.9
1007937507,63.4
2028370031,68.2
1-01295-0001,59.9
1-01770-0159,60.2
2-02446-0021,88.1
2058343001,60.2
3001310025,64.6
3001427502,195.2
3-07447-0028,68.1
1-02134-0206,63.9
4-01560-0001,83.6
4-01561-0012,81.4
1-01792-0019,34.9
3-03672-0020,9.9
2-02349-0090,9.2
4-00214-0021,49.9
1-01260-0007,164.5
1-00491-7503,117.9
1-00028-7502,65.6
1-01026-0055,49.9
4021497501,58.7
1012270001,51.9
1015150070,52.5
1001737503,116.9
1012750023,72.4
1012790057,52.2
1017490024,109.8
4036080001,35.8
4107700017,0.7
1019700002,71.8
3022910001,64.9
3-05240-7501,60.7
1-00695-7503,80.8
1-00855-7501,52.3
1-00027-7501,182.2
1-01268-7503,88.5
3-01067-0045,49.8
1-01195-0048,64.3
4-03358-7501,123.8
3042890001,251.5
3031680001,105.7
1-01003-0029,76.7
3-04452-0575,19.6
1-00331-0001,50.5
1012840007,67.5
2042910024,85.1
2042920024,108.5
2043220010,117.6
2043220018,112.4
2043220025,117.7
1-00740-7501,62.0
3-01064-0018,60.6
1-01446-0042,64.7
1-00137-0035,57.8
1-00628-0017,65.9
4-15638-0001,71.6
1-00456-0007,115.8
1-00457-0028,172.1
1-01080-7501,48.2
1-01021-0001,90.6
3-02049-0002,145.0
1-01076-0015,47.7
1-01058-0016,31.2
2-05777-0719,109.5
5024600001,46.8
2033200044,72.7
2042860022,94.4
2043190001,96.5
2032970043,88.7
2043170085,16.5
2043170092,78.3
2032490010,114.9
2043200005,74.8
2033110087,70.9
2033320021,79.7
2043170046,80.5
2033130029,64.9
2033480060,67.5
4002550001,65.1
3078130106,65.8
4051937506,60.7
1015010069,55.4
2025990035,78.4
1021370040,79.2
1021370091,76.8
1019950010,88.7
1000210001,40.7
1008207505,49.4
1012670022,44.1
1-01042-7501,62.8
1-00978-0001,48.1
2-02600-0001,8.5
4004430014,80.5
4-06797-7503,99.6
4-06797-0054,60.8
4-06797-0079,115.4
4002390049,79.4
4023430001,24.8
1021490093,42.7
2039800020,60.5
3054200050,81.6
3-05060-0018,95.8
3057980001,25.2
3-07018-0018,15.6
3-00625-0080,90.2
3-08149-0001,40.2
4-02529-0020,90.5
2-02604-0174,76.8
2-04392-0042,132.0
2033440052,88.7
2-03344-0012,111.8
3017780089,44.3
1-01377-0047,116.0
1-00998-0018,68.1
4-00627-0030,68.6
2028370001,145.2
2030220031,129.0
4-00427-0060,58.8
1-00575-0048,74.9
1-00978-0001,47.4
1-00972-0001,52.7
2-02604-0252,71.9
3-01064-0024,66.2
1-01951-0022,62.9
4-10100-0001,106.6
1008190077,85.5
1-00809-0069,87.3
3-04452-0480,21.7
4-05020-0023,83.0
5-02833-0031,57.4
4-06284-0001,168.9
1004840009,23.2
1011447502,22.6
1015580003,122.0
1-00487-0008,65.3
1012830017,68.4
1-01073-7501,83.2
1-02054-0082,57.4
1-02069-0001,83.4
2023700013,52.5
2-02861-0114,63.5
1012630067,97.9
1006927502,60.9
3-04452-7501,62.1
3-04448-7501,56.8
3-04452-7502,55.4
1-00718-7503,45.2
1-00028-0012,89.3
1-01325-0050,91.7
1021550006,72.5
4033650027,86.7
4012470041,127.2
4001690006,80.4
4090640031,76.3
2033530040,71.7
2026860001,145.7
1011450012,73.8
1009960014,94.6
1007457502,48.1
1007987505,40.9
1008497508,58.1
1013417502,102.1
1015660017,64.5
4015260016,88.4
1-00886-0056,7.2
1-01513-7501,52.4
1-01340-0044,19.9
1-01367-0010,1196.2
1-00431-0025,20.4
1-00516-0007,11.1
1-00564-0001,75.9
1-00575-0057,64.0
1-00763-0049,33.8
1-00842-0021,48.8
1-00844-7501,34.9
1-00874-0069,34.8
1-00908-7501,48.0
1-01186-0048,57.3
1-01323-0036,54.9
1-01425-0029,64.3
1-01603-0060,56.3
1-02136-0083,31.5
2-02309-0001,35.4
2-04222-0028,80.1
2-04332-0005,65.2
3-03419-0029,42.8
3-06047-0031,95.9
3-05024-0006,66.2
3076200014,64.9
3-05026-0056,65.8
4-09206-0001,88.4
4-05049-0032,128.3
4-05374-0007,164.9
1-00811-0016,25.4
4-05024-0024,59.3
3-05042-0039,70.0
1021790221,71.9
2057230100,86.0
4033400044,111.3
1007860076,47.8
2-03158-0001,79.8
3-02953-0001,37.9
1-02170-0450,109.4
2-03714-0054,129.2
3-05123-0068,100.2
3-05099-0074,114.0
3-06712-0090,91.4
3-05084-0061,115.0
2-03784-0021,105.7
3-06414-0062,68.7
2-02867-0151,92.0
1-02174-0194,148.0
1-02157-0050,162.1
4-04405-0029,43.8
2-03249-0163,25.9
2-03204-0065,120.8
3-06686-0001,105.1
3-06783-0076,95.3
3-06595-0001,70.7
2-03031-0069,143.9
2-03803-0005,130.6
1-02177-0014,98.5
1-02219-0001,167.0
1015850023,51.7
1015130001,95.5
1-00801-0001,66.4
4-00282-0001,60.6
1-00835-0041,59.4
1-00037-0023,77.6
1-00809-0053,41.2
1-01028-0056,50.9
1-01276-0042,67.4
1-00811-0021,55.9
1-00811-0031,38.8
1-00812-0022,43.4
1-00080-0001,56.5
1-00814-0019,47.5
1-00813-0001,56.4
2-02408-0052,66.6
2-02870-0016,69.8
2-02763-0329,98.4
2-03182-0050,98.4
2-03069-0093,34.3
2028690034,84.8
2-02949-0025,60.8
1007310001,61.9
1013620041,76.5
1014940059,92.8
4001847501,73.9
1013460049,82.8
1-01483-0023,287.4
1-00764-0042,78.9
4-01444-0032,121.9
4-00132-0067,96.7
4-00149-0001,131.7
4-03322-0105,74.3
1-01282-7501,56.1
3086890015,95.0
3086880041,75.8
2033110120,86.5
4-06790-0020,1.5
1000940001,59.8
1007640042,78.9
4014440032,121.9
4001320067,96.7
4001480001,96.7
4001490001,131.7
4033220105,74.3
4-00885-0001,48.4
1-00855-0024,15.1
1-00825-0031,80.3
3014297502,49.9
4-03321-7505,19.7
1-00217-7503,40.7
1-01789-0021,58.8
1-02179-0373,73.7
1-00474-0029,62.3
1-01124-0021,59.3
2-03144-0058,78.4
1020090054,122.9
1020480011,53.4
1021140010,76.8
1020880038,36.5
1-00861-0004,55.5
1-00818-7501,68.4
4051460027,26.3
4051810001,85.1
5000180099,74.3
3011790108,76.5
1015190069,56.1
1008790001,103.8
3050547501,55.4
1005450011,59.5
1015940007,76.6
2058030960,50.5
4030960118,103.6
4030830069,87.8
3050840082,94.4
3027850001,44.0
3029220003,21.5
3017770015,97.7
2025100050,61.8
3014240049,75.7
1017510001,65.7
3079300001,89.0
2041740024,94.1
1013007501,61.1
1012607503,66.0
1-01487-0005;1-01487-0002,52.0
2028390068,88.2
2028680001,67.0
3073810006,71.7
1-01396-0007,79.0
1-01551-0005,67.1
1-01346-7501,95.6
1-00573-0039,63.9
1-01457-7501,89.5
1-00484-0001,66.7
1-01584-0001,125.9
1012730030,37.6
1-01273-0022,55.3
1-01273-0044,1107.7
1-01624-0015,82.4
1-01625-0016,71.7
1-01216-0054,57.8
1-00896-0001,76.6
1-01923-0001,49.8
1-00997-0019,105.7
1-00802-0031,42.7
1-01273-0060,72.4
1-01348-0036,30.0
3-08470-7501,39.5
1-00603-0046,59.2
2-05773-0290,89.9
2-04319-0045,79.9
2-03982-0016,87.2
2-03980-0007,115.2
1-01291-0038,70.9
1-01035-0047,72.2
1-00189-7507,63.8
1-00190-7503,51.5
1-00217-7501,43.3
1-00789-0030,49.0
1-01250-0006,53.2
1-00024-0036,39.1
2-03982-0007,30.8
4-01564-0004,72.8
4-01331-0046,92.4
1-00895-0038,112.4
1-01311-0045,74.3
5-00240-0016,91.4
5-00240-0003;5-00240-0016,81.6
3-00492-0020,42.0
4-05134-0024,96.7
4-05122-0046,86.4
4-00643-0001,104.9
1-01491-0004,47.8
4-08401-7501,28.3
3018990038,61.3
3021377502,55.2
3022647516,104.0
3-05257-0045,62.3
3-06115-0042,68.5
3-06606-7501,80.1
3-05268-0002,67.6
3-05078-0014,85.8
3-07323-0025,82.8
3-06825-0019,77.7
3-07630-0012,62.7
3-05968-0056,70.1
3-07353-7501,44.3
3-07463-0037,65.7
3-05089-0015,54.9
3-08679-0007,53.4
3-08691-0021,60.8
3-06107-0029,73.9
3-06123-0038,65.0
3-05078-0022,89.1
3-05247-0006,77.1
3-04968-0038,83.7
3-05887-0006,113.9
3-05887-0001,10.1
3-05930-0001,87.5
3-05970-0001,59.0
4-09950-0057,75.7
3-05635-0038,77.1
2-03382-0050,74.6
2-03385-0060,59.9
2-03196-0086,68.6
1-01143-0037,78.2
3-08719-0020,71.3
4-01461-0001,102.1
2-04176-0034,87.7
1-00881-0029,45.9
5-00008-0025,103.4
5-00008-0060,48.0
5-00610-7501,96.5
5-00008-0046,56.3
5-00251-7501,67.1
3066940001,81.3
3050620043,54.7
3071120001,60.1
4026020170,62.0
4-00946-7501,66.5
4-00947-7501,134.8
4-00949-7501,65.6
4-00948-7501,58.3
4-00973-7501,91.6
4-01008-7501,75.5
4-00974-7501,76.5
4-01009-7501,125.8
4-01007-7501;3-01009-7501,63.6
4-05200-0052,71.8
4-05145-0081,74.4
4-05200-0006;4-05200-0001,58.5
4-05200-0151,58.2
4-05145-0086,49.4
4-05863-0250,82.2
3-03157-0101,65.6
3-03154-0001,87.4
3-03183-0037,67.7
3-03444-0016,58.1
3-03294-0042,55.5
3-03335-0001,37.0
3-03333-0033,72.0
3-03332-0047,74.3
3-03151-7503,49.8
3-03307-0004,61.3
"3-03151-0012,3-03151-0209",73.1
3-03151-7502,55.2
3-03151-0012,72.4
3067610063,106.1
3067610057,74.9
3087110051,71.5
3086860046,74.9
3086920030,69.9
3086920041,76.1
3054960004,87.2
4-15555-0018,59.2
3068260070,85.9
4155840004,16.4
4043400010,64.3
1021750015,109.2
2028320060,100.5
2028780195,94.3
2028290035,118.2
2032120031,88.6
2028040048,23.2
2031560129,105.1
2032370111,81.9
2033180034,98.4
2032560200,202.9
2024960081,88.0
1021750022,85.1
1022190041,111.7
1022250004,101.4
3029250001,27.3
4034120047,10.9
2023400145,51.2
4026110356,26.5
2028260027,100.8
2028420059,102.6
2045120052,81.2
2029320004,78.7
2024820060,78.1
2024820053,91.4
1-01569-0016,40.7
1-00625-7501,71.2
1-01435-7501,82.5
1-01455-7501,63.9
1-00560-7503,87.4
1-01430-7501,88.6
1011200023,68.8
3-04829-0003,59.0
3-04829-0004,62.6
2-05701-0117,75.2
4-01321-0001,66.2
1-01073-7502,66.2
1-01073-7503,45.5
1-01394-0007,51.2
1-01162-0001,85.5
4-03159-0070,58.4
1-00801-0065,50.7
1-00576-0001,74.7
1-00880-0019,85.7
1-00134-0025,71.1
1-00868-7502,76.2
1-01320-7503,71.2
4-01860-0100,108.7
4-03810-0350,57.9
3-07405-7501,65.6
4002390060,64.3
1021580007,65.6
2037420005,24.4
1-01531-0029,93.5
3-02418-0040,84.7
3-02273-0026,56.8
3-04469-0001,71.2
1007540078,44.5
2-03250-0040,84.7
1-00522-0005,93.5
1-00865-0071,86.3
1-00839-0034,109.3
1-00895-0069,77.5
2-02949-0075,73.6
1-01140-7501,93.6
1-00887-0030,82.0
1-01541-0021,83.8
1-00885-0042,77.1
1-01116-7501,120.2
1-01541-0001,30.9
2-03249-0038,155.2
1-01319-0034,2.8
4136400001,50.4
3022280001,75.3
1-00580-0065,34.1
3024420001,38.8
3051210018,107.1
1000797503,158.7
1013870021,19.1
3-01684-0001,79.8
3-01798-0040,56.9
2-04836-0001,53.4
3-03417-0001,76.4
3-01796-0001,68.8
3-01700-0017,60.6
4-09754-0001,65.9
3-04595-0215,62.0
2-03612-0013,75.8
2-03328-0039,93.5
2-05920-0687,82.0
2-05920-0510,58.4
3-05219-0029,57.6
1-02145-0015,46.3
4-12323-0036,63.7
3-06730-0082,48.6
2-04292-0001,48.0
2-03327-0142,62.5
3-05150-0001,80.2
3-08686-0071,61.6
3-08714-0015,72.0
3-05635-0028,68.6
3-05656-0034,64.9
3-05442-0006,69.8
3-05458-0006,71.8
3-06725-0001,67.5
4-02974-0109,114.7
1-00791-0078,33.8
4-05263-0021,136.2
3-00612-0205,54.0
4-01525-0047,64.9
3-05099-0025,102.4
4-01271-0071,61.1
4-01458-0046,82.8
4-01273-0021,19.9
4-01286-0030,93.1
3-05100-0074,71.8
3-04823-0001,80.7
4-01283-0001,106.0
4-01274-0001,95.8
4-01475-0001,67.0
4-09793-0033,82.9
3-06104-0004,81.6
2-02504-0126,61.6
2-04292-0014,59.8
2-02839-0057,43.0
2-02496-0034,61.0
2-03209-0021,60.2
2-02451-0005,131.5
1-02215-0481,107.3
2-03803-0019,16.2
3-08685-0019,75.6
2-02846-0074,115.6
2-02846-0041,71.6
1-02215-0339,136.2
1-00038-0017,86.8
3-05211-0044,81.0
4-02575-0040,162.3
3-03008-0022,32.8
1-00477-7501,65.7
2-03740-0001,77.2
3-04469-0010,110.3
3-02118-0011,51.4
1015170069,52.6
1014080071,67.4
1011270029,93.0
1014067503,60.6
1008757503,278.4
1005947503,50.6
1008770067,62.1
3029940090,11.5
1-00821-0041,45.1
1-01009-7501,57.2
1001730027,58.7
3-06721-0058,55.9
4-01192-0001,62.3
1-01846-7504,57.4
4-01282-0175,104.9
1-00821-0021,34.7
2-03306-0011,50.4
2-03307-0072,67.8
4-02226-0001,88.2
1-00793-7506,52.0
2-03312-0019,66.5
3-00396-7501,45.5
4-04012-0045,88.4
1013320029,50.1
2057220475,110.1
1011860001,47.4
3011700009,72.6
1005677501,59.7
1018377501,14.3
4021360051,81.9
4022670136,85.3
4045740080,104.0
4-00435-0013,79.2
1-01369-0045,76.8
1-01060-7502,37827.6
1-00392-7501,59.0
1-01780-7501,64.2
3-01384-0052,98.8
1003950022,159.2
1-01622-0017,97.8
1-01807-0030,17.4
3-01495-0013,163.4
3-01495-0001,17.9
1-00545-7502,72.8
1017300025,72.3
1017300009,76.2
1008200038,50.4
1005100001,27.3
1012360001,64.5
1016027501,99.0
1005670007,69.7
1005690005,53.6
1008900001,70.5
1013107503,80.7
1016020020,63.9
1018377501,73.9
1018870050,51.6
3066140017,74.6
3072230011,54.6
3072230027,42.4
3072240037,63.4
3072240050,92.0
4012610001,74.6
4012640035,64.3
4012830016,88.9
4014350029,85.2
4014360032,108.8
4014480001,98.0
4014490001,86.9
4019640001,76.3
4020820107,45.4
4021197501,69.0
4021340032,82.6
4021350036,75.0
4021560001,71.8
4021560014,55.7
4021570001,67.5
4021570015,67.1
4022120014,66.7
4022180001,64.6
4022190001,85.5
4022340038,67.6
4022350004,67.1
4022350025,62.5
4022680014,76.0
4022690002,73.1
4022690020,67.3
4022700020,90.2
4031157501,79.6
4031170024,69.8
4031680040,59.3
4031790020,78.6
4032330001,20.6
4032330022,167.4
4033340058,68.1
4040197501,45.1
4051800001,83.5
4058937501,70.4
4059000075,72.1
4059380005,62.2
4074740050,80.0
4098590088,67.9
1008630044,78.8
1015160013,110.3
1008770060,27.2
1015120040,89.1
1015610021,65.8
1015600021,72.1
1015860001,65.5
1020430029,84.6
1008060009,39.9
1010280033,100.1
1008480043,79.6
1008760006,74.1
1008580078,38.1
1012870014,48.6
1012810001,66.1
1013050060,78.7
1005650015,67.3
2024430090,131.8
4002740001,53.9
4002770001,51.5
4085130002,77.7
1011670059,72.6
1020020034,122.8
1003927501,59.0
1014980069,55.8
1008577502,43.9
1006247505,46.6
1008777501,38.5
5028320017,97.8
4004137501,55.4
1-00866-0042,133.9
3-04434-0060,67.8
1-01275-0064,56.9
1-00645-0011,153.6
3000630001,45.7
3000640025,35.0
4103040038,23.5
1-01456-0021,291.3
1-01409-7503,43.9
1-01892-0049,82.2
3-00152-7501,75.4
4-15908-0007,172.2
4099780006,79.1
4097620058,89.2
1008130055,40.1
1-00126-0027,52.5
1-00126-0013,55.4
1-02243-0230,66.1
1-02243-0220,55.0
1-02243-0210,53.7
1-02243-0236,66.2
1-02243-0240,62.7
1018440001,107.2
1019750001,165.2
1007940017,87.2
1008050017,42.8
1008040059,38.9
1008040067,47.3
3003317501,25.0
4076747501,53.5
3050260011,65.4
3050440068,114.8
3047010038,112.0
2032490202,78.0
3013270077,73.0
3013270026,83.5
3053340006,11.0
3012270016,83.4
3013270054,67.1
3050530018,78.7
3051200021,62.5
1021320058,93.0
1018230010,98.2
3051200026,66.1
3013260045,79.0
3012200019,89.1
3060420036,84.8
1020980036,72.2
1006907501,64.6
1-01365-0020,72.3
1-01318-0038,112.1
1-01124-0005,60.2
1-00939-0001,44.9
1-00757-0066,43.1
4-05123-0061,80.5
4-03100-0026,74.6
4-09712-0151,126.8
1-01343-0049,128.6
1-00077-0001,59.9
4-05136-0008,97.4
1-01547-0023,54.3
1-00056-0004,43.7
1-01755-0047,80.2
1-01753-0027,134.6
1-00791-0013,69.7
1-00481-0001,62.2
1-00801-0051,44.3
2-04550-0027,18.9
2-04286-0004,60.6
4-00644-0045,56.7
1-00189-0030,40.3
1-01022-0035,122.0
1-01376-0001,72.2
3-00171-0001,79.8
4-01525-0018,77.4
4-01913-0001,69.6
1-01457-0017,68.1
1-00827-0001,71.1
4-15634-0094,49.0
4-09711-0075,100.6
3-02075-0012,38.0
3-08318-0008,108.6
4-04959-7502,155.6
3-07598-0006,83.4
4-01264-0001,74.3
4-00972-7501,61.3
3-03145-0100,83.0
3-03266-0045,48.5
3-05043-0086,66.8
3-05247-0001,57.9
3-04905-0017,79.5
3-07578-0062,65.3
3-05217-0018,52.1
2-04337-0001,71.1
3-05086-0066,59.7
3-05043-0001,55.5
4-09755-0050,70.2
3-06296-0046,80.4
2-03311-0044,63.9
3-04905-0001,86.8
2-03175-0010,78.0
3-05083-0037,65.7
2-03388-0001,76.7
2-03316-0050,67.6
3-05161-0056,67.0
3-05156-0058,68.1
2-04337-0018,85.2
4-01275-0020,63.5
3-05064-0029,71.6
3-05391-0061,78.2
2031430130,117.7
4050150054,265.5
3058940001,69.4
1-00484-0026,59.7
1-00850-0001,65.3
1-00467-0025,78.2
3-03280-7501,37.5
4050520036,39.5
4051820015,84.0
2-02717-0063,76.3
2-03744-0075,28.9
4024490013,63.0
2057060001,70.7
2033350060,92.4
2032500102,88.1
2032560060,108.4
4-09760-0001,69.1
4-02148-0001,91.7
4-01527-0001,101.3
4-01291-0064,76.8
4-02220-7501,90.2
4-09230-0066,69.1
4-01281-0065,54.2
4-06633-0001,101.2
4-06632-0001,107.0
4-06631-0001,101.0
4-01268-0001,99.6
4-03355-0136,60.0
4-03355-0129,71.9
4-02112-0030,75.3
4-02124-0056,98.3
1020230028,80.3
1-00550-0022,71.8
1-00997-0001,148.7
1-01464-7502,221.6
4071170004,68.1
2-05777-7501,66.1
1-00837-7501,106.3
1-00809-7501,94.0
1-00505-0001,57.9
1-00886-7501,36.1
1-01837-0029,49.1
1-00497-0012;1-00497-0011,48.5
1-00558-7501,83.6
1-01565-0009,30.2
1-01458-7502,66.1
1-00456-7501,50.5
1-01945-0011,66.8
1-01621-7501,55.8
1-00837-0006,73.3
1-00864-0025,59.7
1-00837-0048,58.3
3-06035-0006,76.6
1-00803-0004,52.5
1-00779-0066,40.2
1-00805-0094,33.0
1-00779-0039,36.3
3-05988-0045,61.4
4-11434-0050,20.4
3-08661-0078,83.3
3-06329-0067,94.3
4-02602-0102,9.4
2-03327-0132,73.9
2-03343-0212,94.2
2-03341-0034,110.8
2-03304-0180,121.6
1-01167-0029,93.4
5-00955-0025,73.3
5-01035-0019,64.6
5-00538-0012,67.3
1-00172-7501,62.5
1-00239-7501,163.8
2-02482-0030,69.6
2-02477-0007,68.1
2-03288-0010,65.3
2-04822-0013,76.0
2-03316-0057,61.7
2027950014,36.9
1-00597-0005,72.4
4-05123-0051,64.8
1-01969-0025,72.0
1-01010-0015,2.9
1-00779-0017,59.9
1-01486-0049,13.6
4-00214-0243,88.6
5-02832-7501,46.9
3-07281-7501,53.5
2-02344-0112,0.1
3-01415-0075,65.1
5-00579-7501,76.2
1-01242-0024,69.9
1-02117-0007,81.3
1-02161-0040,66.2
4-04980-0011,61.2
1-01030-0058,78.2
2-03169-0002,21.4
2-04835-0070,96.4
1-02139-0584,11.5
3067010064,64.2
3067000026,58.7
3-01843-0020,90.2
2-03293-0106,30.6
4-01554-0023,62.5
4-03155-0001,91.6
4-03152-0021,102.0
4-10819-0001,12.9
1-02009-0039,91.1
1-02174-0001,95.0
3002447501,77.8
1-00832-0066,84.1
1008020026,104.3
2035400101,77.1
3007937503,73.9
1006150036,78.9
4090280001,186.0
3-01579-0037,39.9
4-08092-0005,78.6
4-15572-0001,70.3
3-00735-0020,39.2
1-00523-0046,81.2
3-01335-0011,10.7
2-02546-0052,18.1
1-00998-0015,113.8
5-01161-0010,35.3
2-04424-0033,53.2
1013050028,127.3
4-08400-0024,56.0
1-01882-7501,68.2
3-07363-0009,147.3
1008650040,61.9
4-00453-0023,14.3
3029090106,30.4
4038040091,12.0
1021360102,124.8
1-00862-7501,35.6
3029140016,48.4
1018930025,134.6
1-00962-0108,4.0
1-00962-7501; 1-00962-0080; 1-00962-0108,335.2
1-01511-0033,78.3
1-00994-7501,116.9
3-00140-0106,87.4
4-00414-0035,65.2
4-04977-0090,68.1
2-03162-0045,87.7
3-05124-0040,51.9
3-01322-0032,48.3
3-01189-0001,53.8
3-01321-0021,54.7
3-05124-0001,51.4
1-01241-0061,61.7
1-02139-0181,65.6
1-01232-0055,225.8
1-01892-0016,56.8
1-01993-0015,67.2
3-05123-0025,60.9
3-05163-0041,52.2
1-00809-0049,81.7
3001180006,59.4
2-02374-0001,59.0
2-02294-0002,55.0
3-07763-0001,135.7
1-01339-7501,93.7
2-03332-0081,95.4
2-03331-0001,83.4
2023087501,76.0
4-00021-0110,83.5
1007217501,82.0
2038430045,168.7
1-01028-0017,102.5
1020790001,95.6
1008940075,63.5
4107630023,35.8
1009407501,67.8
1015250013,61.9
1011630058,72.2
1015480036,69.2
1-01293-7501,44.7
1-00708-0037,96.2
3-00148-0039,259.6
3-02011-0001,242.5
4-03478-0031,225.2
4-00595-0010,220.5
2-02751-0003,190.8
2-02465-0050,108.4
2-03147-0001,228.7
2-03975-0043,347.6
2-04569-0025,270.3
2-02328-0012,212.8
3-03339-0023,133.9
3-06794-0053,211.6
3-07584-0027,214.3
3-01412-0035,187.5
3-07115-0001,156.5
3-05109-0070,153.0
3-07422-0136,240.4
3-05344-0006,163.9
3-03041-0001,296.6
3-06181-0008,232.5
3-03590-0002,177.9
3-05960-0007,206.9
4-01517-0069,261.1
4-15537-0125,135.4
4-04977-0033,249.2
4-03238-0014,136.6
4-06802-0016,255.8
4-09793-0016,330.7
4-00055-0008,233.2
4-09298-0091,154.4
4-11645-0029,115.4
4-13040-0001,186.4
5-00132-0159,249.1
3-04117-0017,100.7
3013520080;3013520001,107.0
2038860002;2038660031;2038680033,147.3
3035440001;3035610001;3037600001;3037770001;3037940001;3037800001;3037970001,120.5
3031290001;3030980001,127.3
2035910001;2036330001;2035150001;2035510001,155.3
1007240010;1007230001;1007240001;1007240015,102.0
1016620001;1016620016;1016840001;1016400001;1016400021,134.8
3013440001;3014380001;3013440175,87.8
1002560001;1002580001;1002560014,154.3
1016050024;1016080023;1016100023;1016260001;1016260021;1016470001;1016490001;1016520001,114.8
3037270001;3037450001;3035070001;3037090001,121.0
2022630019;2025480001;2025480042,147.1
2029010001;2029100001;2029020036;2029110001;2023900024,153.1
4004700001;4004700100;4004700200;4004650001;4004650100,116.0
3005380001;3005330001;3005570001,59.2
1003620010;1003670001;1003620001;1003560001;1003230001,91.3
3015970001;3015980001;3016010024;3015950001;3015950024,124.8
3073870001;3074051001;3073890001;3074080001,160.5
4101250033;4101460051;4101250012;4101250063;4101270001;4101480001;4121480100,150.7
1002600001;1002600075;1002670024;1002630001,132.1
5001960001,123.2
3020400001;3020410001;3020340001;3020500001,104.4
3037680018;3037870001;3037670036;3037690030;3037700001;3037840001;3037850015;3037870005,112.8
2055640001;2055670001;2055820001,158.6
4-05135-0017,58.0
1-01925-0050,48.2
4-02166-0015,55.7
4-02611-0450,35.9
4-03375-0015,43.6
1007600039,79.5
1002110029,91.3
1-01012-0042,62.3
1-01285-1001,83.1
4030940034,96.4
4050200017,104.8
3060560033,76.6
1-01875-0061,52.5
1-01513-7501,56.0
1-01427-0028,50.9
1-01518-0024,76.8
3-08684-0062,81.6
3-06575-0007,85.3
1-01150-7505,43.7
1-02095-7501,51.6
3-06782-0043,87.3
3-05873-0005,86.4
1-00796-0013,52.2
3-01167-7501,91.3
1-00887-0088,112.9
1-00909-0001,100.0
1-01453-0001,60.9
3-07576-0069,71.0
1-00175-7506,45.1
2039940001,143.7
1-00545-7501,72.0
3-02289-0014,70.4
2042890035,66.2
2042890050,57.7
2042890015,80.0
3006350013,15.4
1010070054,61.2
2025340003,83.8
2048200028,17.0
1019690029,83.5
2030060026,87.9
5077020001,61.0
2057050025,63.5
1019450001,73.4
2033030012,72.6
1008467501,51.9
1020680013,18.4
4096940052,131.4
1020500131,160.4
1017170069,50.2
1011460061,87.2
3051250001,46.4
1011677503,40.3
1008827503,30.1
1008827502,36.2
2033240130,83.6
3051590013,63.7
3052680033,76.0
4014740012,14.0
4011990020,70.0
4156270001,85.3
4018427501,85.9
3053750049,95.3
4050070022,71.1
4039070970,101.0
4025750170,8.4
2032630085,82.8
1007687501,64.9
4050397502,82.8
4050227503,53.8
4015097501,111.1
4050407501,75.6
3024950023,75.6
3-02027-0001,29.0
3-06759-0034,70.0
3-03266-0040,81.2
3-03166-0023,41.8
3-03413-0005,41.6
4-06790-0001,103.6
4-06789-0015,98.9
4-06792-0600,70.2
4-06791-0001,83.5
4-06791-0025,33.3
4-09539-0001,88.2
3-07261-0008,79.2
3-07070-0148,181.3
4096760007,37.0
3-03082-0073,40.5
3026050001,39.9
3024720350,14.2
3-00179-7503,88.0
2-02471-0001,26.4
1-01951-0022,63.9
5001020262,146.7
5001020001,215.6
1-00089-0001,62.1
1-02136-0024,71.3
1013750067,168.8
4-03857-0179,23.2
1-00814-0030,54.0
1-00267-0037,38.8
4-04963-0200,24.3
4-10217-0048,18.7
3-00980-0095,20.6
4-01016-0098,41.7
2-02589-0001,26.0
2-02345-0022,12.4
1-02215-0089,15.6
3017557503,36.8
3048130001,94.5
1-00025-0027,66.1
3082350150,54.1
4026030052,63.9
2-02534-0008,85.6
2-05703-0179,57.1
3060530008,71.4
1-01273-0071,114.6
2-05747-0605,82.3
1-01012-7502,54.9
1010287502,55.2
2026210001,63.9
2026320001,48.2
1-01118-0052,121.9
2-03834-0081,90.3
3036440140,78.2
1-02135-0060,60.9
1-00822-0054,39.8
2-02575-0065,29.9
1020080053,54.6
3-06825-0027,69.2
4-02603-0150,72.9
1-00872-0013,44.3
5-03191-0061,33.9
3-08691-0033,60.9
4-05016-0007,14.1
2-02724-0186,29.4
2-02998-0002,156.6
1-01374-0021,65.3
4014180001,23.9
2-03794-0001,71.1
2-03304-0103,72.1
2-03234-0042,66.3
2-03285-0028,56.1
2-03293-0130,69.5
2-02867-0030,86.8
2-03249-0025,61.1
2-03343-0060,69.0
4-01488-0042,15.2
1-02048-0025,66.6
1-02159-0035,20.3
1-01210-0005,53.0
3087710135,14.8
1-00175-0033,18.8
1-02180-0070,10.4
1-02180-0192,11.4
2-03175-0015,79.8
2-05115-0024,19.3
2-05115-0001,13.2
4-09695-0001,92.3
2-05107-0003,28.1
2-03250-0009,72.7
2-02458-0026,65.8
2-03160-0035,30.4
2-04649-0031,79.1
2-03156-0150,116.2
2-02867-0103,88.1
2-03347-0001,95.3
2-03157-0064,30.1
2-03927-0011,68.6
2-03149-0147,85.1
2-03022-0058,101.6
2-02807-0070,81.9
2-02461-0016,75.9
2-02790-0010,27.1
4-09758-0035,66.5
2-04820-0042,87.2
4-09768-0001,75.6
2-04287-0040,84.3
2-03258-0228,56.3
2-02819-0012,76.8
2-03250-0001,61.3
2-03212-0005,60.3
1-00495-0002,51.2
4-00839-0001,67.4
4-00530-0007,52.8
1-02057-0046,12.9
4-05036-7501,80.2
1-02136-0013,72.2
1-01520-0050,88.3
1-01931-0036,72.0
4-11434-0075,92.1
3-05375-0058,60.5
1-00779-0049,32.0
3-05043-0071,76.7
1-00495-0011,174.0
1-00866-7501,56.5
1-00826-0019,70.7
3063700032,82.7
1000110021,52.6
1008460002,65.5
3-07674-0009,75.4
3053240001,15.5
1020690048,90.6
1008340016,71.9
3-06561-0007,62.7
2-05701-0113,55.1
1-01081-0070,71.1
1-01517-7501,91.0
1-01120-0022,54.5
1-00631-7501,48.6
1015110053,60.7
1011430024,62.0
1001717503,44.6
3-02583-0001,73.2
3-02517-0002,13.1
4-00294-0200,24.7
1-00918-7501,280.7
3008360030,75.7
3008200036,95.2
1-00712-0046,47.4
1-01290-0044,33.4
1-00712-0046,59.6
2-02435-0045,99.5
2-03085-0045,83.2
2-03114-0008,79.1
2-03114-0009,69.2
1-01502-0033,68.6
3-05156-0048,52.5
3-05097-0120,62.3
3-01296-0052,73.9
5-00091-0070,127.4
1-00206-7501,83.8
1-00637-7505,130.3
1008567503; 1008560011,75.6
1-00837-0015,117.7
1-01030-0029,46.9
4103520071,5.8
3-01296-0014,62.0
2-02471-0050,63.5
2-03326-0001,74.6
2-02456-0140,72.5
3-05240-0025,51.3
2-02456-0150,79.4
3-05734-0045,26.9
2-02880-0061,82.3
2-02880-0047,69.1
2028800135,94.8
3-06776-0065,73.2
3-06796-0017,85.3
3-06796-0026,64.4
2-04287-0055,68.0
2-04321-0021,54.9
2-04321-0050,17.6
2-04320-0042,51.5
2-04343-0001,113.1
3-05338-0075,73.0
2-03248-0100,59.5
2-03248-0084,78.5
2-03304-0128,112.4
2-03274-0027,78.5
2-03310-0040,73.3
4-01430-0043,73.9
3-07334-0018,75.0
3-07335-0068,80.8
2-03343-0216,77.3
2-03329-0001,90.3
2-03329-0025,95.5
2-04649-0041,56.7
4-00185-0027,69.5
4-01527-7502,79.2
4-00162-0011,68.5
4-00140-0040,68.8
1-02180-0315,74.4
3-05248-0012,54.4
3087820034,73.5
4098287501,70.3
1014940037,64.0
4051357501,48.9
2-03283-0055,98.6
1008737502,46.8
1005450006,45.3
1-02170-0129,27.6
3-07268-0001,59.0
4-09714-0018,85.8
1008040054,93.3
2-05257-0016,6.2
1-01259-0054,100.4
1-00123-7501,40.2
4-08305-0010,70.8
4-08276-0010,49.3
4-08276-0030,72.3
4-08337-0001,80.8
4-08358-0001,77.5
4-08363-0001,74.6
4-08367-0002,77.2
4-08374-0056,80.9
4-15767-0007,76.4
1008547501,50.7
3-02134-7503,49.4
1-00894-7504,59.8
1-01292-7502,93.5
2033270001;2033430283,821.5
1020100054,42.3
2033270001;2033430283,486.3
1014180011,92.1
1007000009,57.1
1014350044,34.9
3019690033,71.5
3020330001,73.5
1022170022,100.9
1021080003,84.2
1022210022,69.9
1011200051,53.1
1018697501,72.8
1019220024,16.8
2035150060,50.4
2028240038,105.0
2045690043,75.6
2043410001,67.9
3072730025,15.0
3072730050,140.5
1003437501,39.5
1018447501,53.8
1021360086,72.7
1020060049,90.1
3001087501,98.2
1013000001,71.3
1008567503; 1008560011,74.3
1-00016-7513,77.0
2-02598-0046,53.8
3050630001,60.7
2-03341-0044,97.6
2-04833-0064,135.6
2-03344-0014,93.5
2-03203-0007,96.5
2-03190-0056,89.5
1-02180-0085,119.2
1-00861-0064,77.1
1-01512-0059,55.1
2-05804-1150,104.9
3046520008,88.4
1010487503,74.0
1012167503,76.4
4097180002,87.6
3-06609-7501,69.7
4-00366-0001,60.3
1012860043,98.6
1-00554-0035,80.9
1-00767-0054,117.0
2-05933-0210,183.4
3-07260-0009,72.6
1012950058,76.6
4-03084-0046,82.7
3075640047,67.0
4108130005,80.6
3076640041,57.9
3053210064,105.4
3057530026,43.1
3006510047,44.8
3066860048,96.2
3054370038,55.4
3062020006,75.0
3073960044,66.4
1001060009,47.3
1008420034,84.4
1010720015,53.5
4098130033,102.4
4016130017,99.3
4034250007,67.1
4012280048,83.0
3063090048,37.0
4093400104,47.3
4107730010,69.6
4010900001,57.8
4006470016,53.3
4022940026,72.7
4109750001,85.8
5070920039,39.1
5010650007,104.0
2040370001,64.8
2050800023,60.8
2030260014,93.8
4015290073,84.9
1011407502,46.5
1-01760-0001,142.5
1-01760-0101,29.8
4-00612-0053,84.2
4-00612-0057,15.9
4-00170-0016,80.5
4-00170-0021,97.2
4-01291-0006,173.0
4-01246-0035,90.8
4-01444-0001,107.0
4-01444-0006,107.0
4-01291-0020,60.5
4-01291-0025,96.2
4-01460-0040,73.1
4-01292-0063,82.0
4-03168-0013,72.2
4-08847-0357,77.1
4-00606-0029,92.0
4-00722-0038,19.4
4-00168-0001,84.2
4-00189-0014,83.5
4-00190-0025,89.5
4-01312-0035,86.0
4-01476-0058,77.3
4-01554-0001,87.7
4-01564-0058,79.7
4-01517-0021,67.5
4-02113-0034,15.0
4-09230-0074,69.2
4-06701-0001,78.3
4-06702-0001,82.8
4-06703-0002,78.3
4-06704-0001,81.3
4-06809-0001,60.0
4-01468-0001,43.2
4-00191-0035,84.8
4-00191-0040,77.5
4-00577-0019,76.8
3-02100-0076,75.1
3-01917-0045,70.8
4-02104-0001,50.7
4-02115-0001,81.8
4-02116-0006,85.0
2-02461-0035,83.9
2-02454-0011,97.0
2-02461-0040,79.4
1-01526-0021,22.2
1-02143-0001,29.9
1-02142-0178,79.7
4-04995-0001,68.9
1-02171-0066,78.2
1-02171-0042,110.5
1-02171-0052,85.1
1-02139-0551,16.8
1-02139-0500,71.0
1-02177-0228,26.1
1-02142-0168,80.1
1-02142-0175,93.1
1-02240-0006,85.8
1-02139-0329,98.0
1-02139-0322,123.1
1-02250-0027,58.6
2-05950-0429,83.2
2-05950-0430,71.6
4-00588-0038,103.2
4-00568-0001,61.8
3-02108-0021,123.7
3-01176-0074,75.2
1000167512,60.1
1-00565-0021,42.6
2-02824-0005,63.6
1011630001,31.7
3060180051,74.3
3067810040,92.0
2033970029,20.2
3073520015,67.4
3067950075,60.9
4-01263-0001,81.5
4014700024,73.6
3-03050-0018,28.0
1-02174-0166,20.1
2-03263-0098,74.4
2-03248-0001,120.5
2-03894-0011,276.6
2-03201-0046,58.1
3-04775-0041,90.9
4-05046-0040,86.5
4-05021-0001,81.8
3-08686-0037,73.3
2-02831-0048,84.8
1000797502,92.0
1013107501,100.4
3-01170-0001,65.8
2-02877-0211,75.6
2-02808-0051,80.4
2-02421-0036,118.8
3-01960-0022,74.5
4-01756-0005,113.1
1-00861-0003,90.3
1-00691-0043,1.6
1-00784-0077,28.2
1006280004,132.8
1-01261-0015,57.0
5-02452-7501,37.2
1007227501,61.3
4-05294-0022,88.6
1-00565-0021,200.2
1-00701-7502,58.5
4-05066-7503,72.1
4-05066-7502,66.9
2-02363-0016,74.4
2-02363-0024,152.1
1-01504-0040,53.9
1013397502,87.9
1013797502,97.5
1-01317-0007,42.0
1-00993-0022,49.2
1005710001,64.6
1-00886-7502,89.3
1-00093-0034,3.0
4-02116-7501,23.6
1-02136-0007,64.9
1-02091-0017,74.4
1-02096-0017,78.2
2-02458-0016,75.0
2-02458-0025,71.0
3-05939-0006,55.9
3-08172-0027,109.4
3055170039,81.1
1-01901-0001,57.0
4-02237-0001,122.3
1-01158-7503,56.9
1-01158-7502,58.8
1-01179-7503,73.6
1-00028-0001,88.3
1-01460-0001,104.2
1-01564-0047,57.9
1005920066,61.2
1018920001,63.3
1-00215-7505,57.5
1-00817-0029,62.7
1-00851-7501,71.5
1-00862-7503,74.9
1-00864-0035,73.7
1-00875-0019,72.2
1-00888-7501,38.3
1-01117-0036,55.3
1-01120-7501,78.6
1-01142-7501,54.4
1-01230-7501,84.0
1-01234-7501,58.5
1-01236-7501,73.0
1-01338-7501,83.6
1-01397-7503,63.3
1-01440-0005,75.0
1-01522-0044,53.3
1-01890-0053,65.5
1011847501,57.9
1-01431-0021,109.4
3011727502,73.7
3-01181-7502,71.4
4-09131-0045,20.2
3005720001,15.4
1-00698-0001,62.1
1011507504,75.9
1012167502,55.2
3023507502,39.2
4005790018,71.2
1010360029,93.1
1009190059,57.3
1005770015,74.4
1003857501,41.7
1006270005,96.7
4018370012,82.5
1012100019,62.4
1006017501,52.9
1013860037,54.9
1013970004,65.5
4051827502,46.8
4051817502,79.8
4-00422-0001,78.8
3-02736-0001,56.5
3-02731-0001,56.1
4-09817-0006,65.5
4-10821-0070,56.8
4-09678-0042,69.6
4-09817-0030,83.2
4-09838-0062,110.6
4-09678-0054,77.4
4-09678-0112,68.2
4-09755-0006,73.2
4-09814-0116,85.3
4-09960-0005,81.5
4-09762-0001,54.9
4-10820-0068,60.1
4-09693-0001,73.6
4-09693-0011,83.6
4-09693-0029,61.0
4-09827-0018,70.4
4-06853-0006,76.1
4-09819-0003,76.7
4-09762-0028,84.1
1008417502;1008410063,66.6
4-03539-0001,31.5
4-03810-0002,100.0
3-08156-0001,10.4
3-02517-0027,36.5
4-00131-0004,99.7
2-03328-0102,79.4
1-01258-0001,51.8
1013920069,75.1
1011707502,94.4
4019360020,61.2
4000650057,67.2
1-01462-0001;1-01462-0005;1-01463-7501;1-01461-0013,278.6
3-03682-0033,39.4
3-01890-7501,80.7
1-00928-0001,76.2
1-01247-0040,11.4
1-01889-7502,49.0
3-02135-7508,33.8
1-00046-0003,37.3
1016340003; 1016340065,69.8
1016340065,40.8
1016340003,83.0
1019950053,0.0
1019950063,144.2
4-02610-0524,28.0
1-00609-7502,45.0
1-01433-7501,32.7
1-01129-0050,51.9
1-01204-0029,62.1
3-01480-0010,47.0
4033217506,44.2
1-00969-7501,60.6
1-01311-0005,50.2
2028440043,89.6
2037430057,83.2
2024780040,75.1
2032490098,75.6
2024780052,82.6
2028140029,65.6
2031690059,92.0
4050140004,139.2
1013837501,60.6
1010447501,79.2
3060370077,71.6
1021800120,107.5
2025510030,56.5
2025510040,94.5
1005317504,159.2
2043190050,138.4
2025940005,4.5
1015160052,137.9
4050230024,17.6
4050230035,107.1
4050490019,65.8
5005970120,54.5
4050280007,69.4
3017780049,83.7
3031320027,75.5
3001600007,93.8
1-01755-0033,47.4
1-00779-0023,43.3
1-00827-0049,86.9
3-03589-0038,60.9
3-03497-0065,74.6
3-03497-0051,62.6
1008660025;1008660058,150.1
2-03716-0001;2-03717-0001,108.8
2-03716-0001,22.1
2-03717-0001,195.4
3-05122-0056,62.5
2-03174-0005,41.6
2-04543-0001,96.0
4-02234-0001,67.3
1-01959-0001,27.0
1-02032-0034,82.8
1-00037-0008,81.0
2-02880-0017,137.8
3-01656-0030,99.4
1-01379-0026,53.1
4111980050,85.2
3054747501,14.6
3054687502,20.1
1011547502,98.9
4022370001,122.3
3072740060,17.6
3072740015,23.0
3072740001,167.3
1006030001,34.9
1006380019,34.4
1011587503,56.9
1011587502,58.8
1011797503,73.6
1011717504,74.9
1011240027,71.3
4105350050,47.3
4105350010,67.1
4105380070,51.9
4105380010,52.8
1009127502,65.5
1009020001,57.7
1013680013,29.8
1014440015,47.5
1011820020,52.2
1000280001,88.3
1000397501,89.1
1015100060,215.9
1016140001,76.6
1009160061,59.7
1008647501,65.0
1008687503,74.7
1014600001,104.2
1015640047,57.9
1012287501,75.4
1014270018,54.2
1014480003,45.4
1002157505,57.5
1005390031,65.4
1005717501,79.3
1005770024,59.4
1006940042,53.8
1007237501,60.0
1007677503,32.7
1008057501,61.9
1008170029,62.7
1008517501,71.5
1008627503,74.9
1008640035,73.7
1008750019,72.2
1008770074,70.4
1008930041,65.3
1008947502,88.6
1009070056,78.9
1009177501,128.9
1009287503,52.9
1010490001,88.2
1010037501,71.1
1010437503,82.8
1010477503,82.7
1010487501,97.2
1010487504,58.8
1011170036,55.3
1011207501,78.6
1011257501,76.9
1011427501,54.4
1011437504,62.8
1011860033,60.3
1011960029,47.0
1012060017,66.5
1012090053,50.9
1012090109,53.1
1012150035,74.8
1012307501,84.0
1012347501,58.5
1012360003,66.2
1012367501,73.0
1012377502,90.0
1012510054,68.7
1012520050,51.7
1013030041,46.8
1013207506,53.2
1013387501,83.6
1013437501,63.4
1013490041,82.7
1013500014,48.1
1013657502,75.6
1013660025,65.2
1013957502,89.9
1013977503,63.3
1014097501,92.7
1014367502,122.1
1014400005,75.0
1014440043,71.2
1014457501,60.4
1014477501,75.7
1014497502,97.6
1014707501,73.3
1015080038,79.2
1015110001,22.0
1015220044,53.3
1015647502,62.2
1015790023,76.9
1015790049,90.5
1015890041,60.1
1016007501,57.2
1018337503,62.9
1018707502,70.4
1018900053,65.5
1018940031,47.2
1020447501,55.8
4015187501,83.3
4031730070,55.5
4012650001,63.7
4012650011,61.6
4012650030,64.0
4020860050,84.5
4012650033,60.4
4012650052,63.0
4012650058,65.7
4079120002,61.7
4079120050,66.5
4077320002,57.9
4077320150,73.0
4077480500,50.4
4077380001,61.0
4077480400,67.9
1014137501,64.3
1007977508,51.8
1008930020,46.2
1011190029,89.4
1012320061,63.0
1012450025,56.2
1013660016,77.8
1014690028,93.0
1014990014,53.0
1015050001,58.4
4058437502,49.7
4-04959-0037,79.1
1019670045,15.3
4-00814-0001,138.2
1008380048,59.6
1-01317-0030,74.5
1017750033,70.8
1011427502,57.8
1010207502,85.1
1-00556-7502,96.2
1-00303-0015,163.1
1-00879-0027,61.9
1-01241-0023,94.5
1-00754-0068,64.4
1-00132-7503,48.5
4027090040,38.0
3-08840-0103,53.4
2-02824-0019,263.0
2-02610-0042,103.0
2-02610-0038,98.7
2-02823-0001,208.4
2-02612-0007,172.8
5074690200,129.0
4010270004,62.6
2039240007,58.3
2028700020,71.4
1-00740-7502,128.7
2-05792-0430,47.1
1-01020-0051,118.7
4-05268-0019,25.8
1008467502,49.8
1013227502,44.5
1007797501,63.9
4-08310-0300,79.9
1-01988-0134,49.1
3-06654-7501,40.2
4-00286-0001,55.1
2-05851-2105,73.3
5-04500-7501,30.7
2-05703-0175,121.1
2-02763-0190,133.8
1-00799-0067,67.0
1-02134-7501,85.1
4-05015-0012,69.2
1-00412-0048,150.0
3-00888-0034,48.0
4-00432-0008,107.7
2-02875-7501,62.9
4-04410-7503,46.1
2-05857-7501,65.0
4-01872-0025,90.4
4-05330-0001,17.5
1-00773-7502,58.0
4-00016-0025,57.5
3-02341-0009,39.0
2-05920-0670,72.2
1-02109-0018,63.4
2-02869-0058,22.9
3062870036,69.4
2028570090,5.8
3053210001,59.3
3011790037,57.0
3067210001,85.6
3023050018,50.3
3025780001,16.6
3074330150,107.1
4049800005,79.9
1004827504,51.7
1008330011,73.6
1010120023,68.9
1013167501,92.8
4002950035,63.9
1-01565-7501,13.6
1-01225-0052,9.8
4-03335-0008,104.6
3054210006,81.7
3054210001,79.4
1000780020,76.7
4016000121,85.1
4014230071,14.0
4015640034,19.7
2033040092,93.5
1016240045,91.3
1-00911-7503,308.1
3008280001,248.0
4-03348-0037,87.0
1-00024-0029,33.3
1-01171-0148,77.0
1-00232-0001,49.3
1-01312-0024,57.0
2-04007-7501,37.1
1-02136-0245,10.4
4-02585-0002,60.8
1-00023-0050,50.1
4001150048,41.7
2-03980-0001,47.0
1-01600-7502,12.7
2-02664-0061,63.8
1-01347-7501,56.9
1-01338-0049,64.6
1012930037,47.0
3066850034,59.8
1011520001,76.0
3043350001,92.7
1017350047,155.3
1012067501,59.9
2054340055,133.5
1007100011,69.1
1-00809-0080,174.1
3060400001,55.9
1005217505,54.6
1010057501,69.4
1015900042,71.5
1002087501,54.9
1013897503,34.7
1005397501,48.5
3004580001,63.4
1014467501,19.3
2025150031,71.1
1005680004,65.7
2033600070,56.8
2033607501,63.9
4045310447,220.3
1008760001,45.4
1018307503,66.7
1012067501,58.7
1008267501,48.5
1006367503,77.6
3-01036-0068,306.2
5-06511-0111,146.7
1010130012,90.8
4-02127-0027,84.1
1-01278-0008,63.3
3-00255-0044,64.0
4-00256-0021,88.0
1-01577-7501,86.6
1021800628,48.7
1021800614,54.1
1013900037,82.0
1013910034,17.0
3000760001,53.5
3000770001,42.2
1-00220-7503,65.8
4-01918-0001; 4-01918-0018; 4-01918-0025,104.6
1-01499-0025,88.4
1-00827-7501,58.8
4-00072-0073,67.9
2-05845-1799,80.4
3-01259-0001,36.1
1-01846-7503,62.7
1-02170-0131,82.8
1-01413-7503,62.9
1-00016-7515,54.7
4024530040,95.0
1000400003,10.9
1006270043,47.4
1022440001,1.3
3-00192-0009;3-01919-0001;3-01920-0001;3-01920-0002;3-01921-0001;3-01921-0019;3-01921-0064;3-01922-0001;3-01923-0001;3-01923-0020,121.4
1-01292-0069,198.5
1-01034-7501,84.9
4033560030,122.8
1-01736-0027,49.4
1-00701-7501,35.1
3-06491-0207,47.4
1-00832-0024,56.5
1-00804-0011,58.5
1-00831-0042,60.7
1-00811-7501,75.6
1-00787-0001,58.2
1-00847-0016,90.3
4-00040-7501,47.9
3001600018,41.2
3001580001,63.1
4097990001,51.7
3051010029,86.1
1012430028,45.3
3019247501,37.9
3073210001,78.2
2029240020,51.0
4021510127,80.5
1005770039,71.3
1012750012,61.5
3002360103,82.9
1011280061,80.0
3002470028,63.7
1001817504,110.9
4050030019,20.1
4050030023,10.8
1011500001,53.5
1010460009,79.8
1007310065,83.5
3074220146,36.3
1016380001,71.5
1018270053,74.9
1017100012,31.9
4003120330,65.5
1015490001,116.3
2032480033,87.0
4042730040,12.0
1021670001,308.8
2027660300,31.3
4001200028,52.8
1004740033,20.9
4010640002,82.2
1011020011,58.7
1011180005,100.2
1005440048,31.2
2028560020,79.5
4051210017,80.6
4051220022,82.7
1012710027,80.2
3072740001,167.5
3072740060,17.7
2024430400,46.9
1017560037,78.9
1017100019,83.7
1017560030,18.2
2024780018,99.4
2025050030,16.9
2031680016,106.9
2046530041,80.4
2048330045,106.5
2048330051,57.5
2032630001,65.5
3000017501,57.8
3000010050,71.8
1021740154,92.6
2028800091,71.1
2028800029,128.2
2028560011,17.0
1020750026,78.0
3-01710-7501,61.2
2033480032,55.4
1-01656-0001; 1-01678-0001,99.1
1-01656-0001,684.9
1-01678-0001,806.8
1-01763-0001;1-01764-0001,65.9
1-01763-0001,118.4
1-01764-0001,19.9
1-02016-0050;1-01744-0001,97.4
1-02016-0050,133.4
1-01744-0001,21.2
1-01273-0033,99.4
3-03333-0058,70.4
2037490001,107.7
2024570052,54.9
4002890001,10.1
1007570022,89.1
1018940036,76.6
1-00800-0071,82.9
1-00044-0001,86.2
1008660076,70.2
2-02787-0001,63.7
4001980005,91.1
2-02374-0059,158.1
2-02401-0023,180.6
2-02401-0007,132.9
2-02374-0038,139.6
2-02398-0040,105.6
2-02398-0030,79.5
2-02374-0060,100.2
2-02653-0001,25.7
1-01772-0013,160.2
1-01708-0039,97.1
1-01614-0063,74.3
1-01708-0036,55.3
1-01614-0057,152.7
1-01614-0014,112.7
1-01682-0050,110.9
1-01683-0031,72.5
1-01709-0013,124.2
1-01660-0043,99.3
1-01661-0021,124.4
1-01683-0002,106.9
1-01709-0010,91.4
1-01632-0046,66.5
1-01615-0009,33.1
1-01615-0010,255.5
1-01614-0058,193.2
1-01644-0026,173.0
1-01644-0068,110.5
1-01644-0164,138.2
1-01644-0057,95.7
1-01645-0124,96.9
1-01783-0042,125.3
1-01785-0025,91.8
1-01796-0054,77.5
1-01786-0039,84.9
1-01772-0055,123.0
1-01667-0024,84.5
1-01689-0002,94.3
1-01687-0043,60.6
1-01683-0036,92.6
1-01634-0024,78.6
1-01772-0150,105.9
1-01772-0050,120.5
1-01666-0041,106.2
1-01683-0006,90.6
4-02656-0115,58.3
1007860068,32.3
1012630051,40.3
1008380008,36.1
1007600055,26.6
1016830013,76.1
3-07932-7501,83.6
3-05057-0035,91.4
3030310018,103.2
3-00637-7501,56.9
1-00776-0021,77.0
2036620008,132.4
4004400008,39.3
2033310020,97.7
2033260150,65.8
3-02058-0017;3-02059-0001,65.3
3060360030,69.1
2-05747-0628,38.7
2-04659-0031,46.8
3004920001,21.3
3002860021,269.6
3053900084,75.6
2-05907-0362,62.6
2-03246-0056,34.8
1012430042,94.8
1-00078-7503; 1-00078-7504,75.6
1-00811-0056,47.3
1-00788-0066,39.3
4-00503-0005,48.2
1-01338-0049,64.9
3-00146-0053,31.7
3-05081-0052,60.1
1002010018,65.1
1008200033,26.4
1005010001,29.6
2030337501,73.5
4161697501,70.2
3072380042,87.4
1-02016-0050,133.3
3033060015,41.4
1-00377-7503,45.1
4-01983-0052,93.0
4-04957-0023,18.8
4-01422-0024,96.0
4-01422-0029,124.9
4-09335-0018,87.9
4-04956-0013,106.6
4-05049-0038,92.7
4-04972-0001,95.5
4-00387-0012,81.5
4-01297-0017,75.5
4-01315-0078,79.0
3-01327-0034,12.3
3-05338-0070,90.9
4-00129-0070,72.2
4-00134-0001,79.2
3-05390-0061,88.7
3-05024-0014,83.6
3-05059-0016,74.8
1-01090-7502,55.0
3-08840-0103;3-08842-0280,53.4
1-00706-0017;1-00706-0020,39.9
4-00264-0001,35.9
4-00264-0017,36.3
4-00263-0009,35.9
1011680022,74.6
1014367501,67.6
4031570101,132.8
1016287503,95.9
2-03398-0072,98.1
4-09231-7502,15.6
3-00237-0054,78.4
1-00817-0085,61.6
1-01363-0008,52.1
1-01424-7501,65.8
1-01923-7501,35.8
2-03143-0018,87.8
1-00825-0071,38.9
3-06836-0064,70.7
4-09917-0013,81.2
4-05010-0063,60.9
4-06802-7501,58.8
4-03293-0074,83.0
4-02213-0018,18.5
4-02213-0001,10.7
4-02214-0001,54.4
4-04374-0035,63.7
4-01845-0010,57.2
4-02235-0001,71.7
4-02945-0001,53.9
4-02236-0012,53.9
4-06636-0001,76.0
4-03166-0095,76.7
1-00916-0009,63.7
4-02116-0065,94.9
4-01507-0054,90.1
3-05218-0039,56.1
4-01492-0049,87.3
4-01581-0028,85.0
4-01946-0001,42.9
4-02112-0001,75.6
4-02112-7501,81.6
4-02158-0028,65.7
4-03191-0001,13.7
4-03340-7501,82.4
4-04788-0008,62.0
4-05021-0008,82.2
4-05021-0031,71.2
4-05023-0007,61.3
4-05050-0039,69.0
4-05180-0059,75.8
4-07348-0001,34.3
4-09648-0024,77.5
4-09651-7501,70.0
4-02214-0040,69.0
1-00556-0015,234.5
4-00199-0052,77.2
1021760119,60.5
2-04855-0051,190.8
2-04426-0010,81.7
1021160058,71.7
4-00284-0001,43.1
1-00803-0018,48.8
1-00887-0001,83.5
2-02366-0023,41.7
2-03343-0100,69.8
4-09719-0002,85.6
3-07397-0034,75.3
3-07456-0006,81.4
4-02137-0046,57.6
3-06768-0070,67.2
4-01527-7501,76.9
3-06792-0015,10.5
4-00429-7501,38.3
1-00806-7502,66.0
2-04821-0051,89.3
1-00863-0053,74.1
1-01029-0053,97.2
4016400020,38.2
4016400025,54.3
1-01167-0055,55.5
1014910023,58.9
1006937502,71.1
1-00859-7501,47.9
2036040001,153.1
3002710001,64.1
3002660050,93.9
1013997502,50.9
1012107501,60.8
1-00867-0070,81.1
1-00815-0026,97.2
3-03072-0001,59.8
3-03071-0010,55.7
2-02931-0013,88.5
2-03291-0001,184.2
1-00792-7504,57.2
1-01419-7501,74.8
2-05409-0041,80.9
3-01192-0077,64.9
3-01192-0085,71.6
3-01295-0010,75.1
3-05357-0005,69.6
3-05357-0030,63.6
3-06447-0001,50.8
3-06497-0044,67.5
3-06568-0033,75.2
3-08683-0080,61.5
3-08690-7501,77.5
3-08713-7501,70.8
3-08717-7501,91.7
3-08721-0350,74.9
3-08722-0474,66.7
4-16226-0062,77.9
3-05213-0024,61.9
3-06783-0010,68.6
3-05045-0059,82.3
3-05084-0015,76.6
3-08723-7501,59.9
3-07242-7501,72.3
3-01403-0055,72.7
3-06748-0040,105.3
4-01779-7501,75.3
4-01485-7501,37.2
4-01256-0035,69.1
3-06825-0037,84.1
5-00016-0054,63.2
4-01457-0056,74.8
3-01189-0064,72.8
1-02243-0332,42.4
4-02236-0033,68.2
4-09843-0019,65.5
4-10524-0001,157.5
2-03345-0019,39.3
2-03330-0073,51.2
4-12944-0036,57.3
4-12945-0002,35.4
4-01461-0006,51.2
5-00631-7501,57.2
4-10262-0006,124.6
1-01074-7501,53.7
1-00618-7501,50.2
4-01446-0001,54.1
4-10264-0091,80.2
1-02117-0001,94.5
1008260057,46.9
3-00245-7501,54.4
2030260005,67.6
1-00390-7502,118.8
1020100018,84.7
1020100011,78.0
1020100006,89.2
3050580057,67.8
1012600064,70.6
1008720001,92.2
1012100001,76.3
1021790207,76.2
2032970001,35.2
2032980021,104.9
1013430005,78.5
1014450035,58.5
1014460014,57.6
1021800007,73.1
1021800036,58.2
1021800435,68.6
1021800427,60.6
1-00070-0032,43.2
1000900017,70.4
4025670150,27.1
4-02681-0084,37.2
2032630235,111.9
2032630067,102.3
101373/1901-1904,41.6
1013730001,189.6
3001767501,70.5
1-00732-0016,61.1
1-00038-0001,66.7
1-00731-0060,68.8
1-01137-7501,54.2
1-01152-7502,95.1
1-01323-7501,79.4
4-00085-0041,54.7
1013147501,87.1
1-01501-7502,32.2
1011580038,64.8
4022247502,48.7
3023400004,76.9
3001337501,48.9
1012170050,58.2
1004837503,53.6
1012170029,60.1
1-01158-0012,42.2
3-02307-0038,31.1
1-00857-7503,51.6
2-05141-7501,126.3
4002810001,69.6
1005310020,37.4
3-02470-7501,27.6
3-08721-0360,88.6
3-08721-0375,59.5
3-02583-0012,59.2
3-00996-0017,31.4
4-10336-7501,76.6
3-00996-0021,79.6
1-00996-0046,237.0
4-00636-0001,129.4
3-02503-0001,10.0
1-01969-0012,10.1
2-02461-0111,73.6
2-03199-0038,76.1
2030330053,67.6
1001760001,79.5
1001760004,76.8
2025870043,15.3
1-01485-0015,202.9
2030220073,100.4
1012920037,112.2
1004990007,25.0
4-02091-0001,84.1
3-06937-0048,75.9
3-00245-7501,54.5
1-00928-7505,62.4
1-01552-7504,74.9
3-08720-7510,65.2
3-08720-7511,72.4
1-01452-7501,87.7
3-01181-7501,68.5
3066210022,93.0
1-01085-0001;1-01085-0023;1-01085-0041; 1-01085-0039,297.2
1019370001,55.5
1-01727-7501,50.8
2027430019,148.4
2033200052,79.8
1-01530-7501,71.4
4-00267-7503,38.1
4120930034,121.4
4103310001,43.3
4159450001,94.5
4156240001,81.1
4156250001,94.2
4050320016,48.3
4000130160,33.5
1006937501,306.2
1008990008,106.7
1021790440,58.7
3053760058,68.8
1021800166,51.8
1021807503,82.5
1021770242,85.3
1021750032,58.1
4091940048,73.9
4032920001,48.7
2022770010,2.5
3052950047,59.8
1005440001,127.2
3019180013,66.2
4053740027,62.4
1008190037,66.2
1008190039,25.0
1014950032,43.9
4031510043,81.1
3010750039,68.9
2031300100,119.7
1021790511,62.0
3054280039,61.4
1014960026,40.8
1-00027-0009,104.3
1-00027-0017,41.3
1-00027-0009;1-00027-0017,76.8
1-00934-0001,25.4
1-01288-0011,103.4
1017230010,107.1
1019310021,122.5
3053560042,79.2
1021800090,89.8
1021770008,62.2
1021770039,70.0
3-03286-0016,20.1
3-03276-0041;3-03276-0039,27.5
3-03261-0020,93.8
2024790012,106.7
3012030044,69.0
3020110039,73.1
1004737502,70.7
1006160001,64.4
1007310060,68.8
1008007501,66.8
1009150038,21.3
1011377501,54.2
1011527502,95.1
1014090040,63.1
1015137502,91.8
3009397502,33.4
3020757501,62.5
4000180001,68.5
1-01480-0001,482.2
1000210004,108.7
4026560064,7.3
1-02149-0023,123.1
1-02156-0016,78.2
1-02156-0061,99.6
1-02156-0048,26.8
1-02149-0076,92.3
1-02149-0030,126.1
1-02156-0083,188.2
1-00885-0015,88.8
1-00890-0024,145.7
1-00570-7501,69.2
2-04201-0031,68.3
1021560083;1021560048,101.1
1012877501,87.6
5-00620-0200,327.0
5-00620-0001,145.4
5-00620-0100,324.9
1-00927-0001,52.4
3-01221-0053,71.3
3-05090-0023,65.2
3-05084-0097,73.0
4-01474-0047,67.1
2-04653-0049,95.4
4067050001,40.9
1-00825-0017,55.7
3-00827-0001,29.3
3-07250-0001,9275.2
3-07253-0001,8.9
3-07250-0001,96.8
2044330001,82.0
2047090001,94.5
2027610142,88.9
1016620010,50.7
1005860020,63.5
1-01521-7501,115.4
1016070003,31.1
3-05883-0001,55.9
3013210040,54.3
1-00934-0001,26.7
3074570001,90.3
3073550042,77.5
1-00027-0017,57.7
1-00027-0009;1-00027-0017,84.0
1-00934-0001,25.6
2057010105,38.2
3051030101,36.2
4016280021,66.7
3061750048,35.1
3004540005,76.0
4017020058,89.8
2028590077,98.5
1018780037,11.5
2029600028,27.5
2029920052,99.8
4015267501,90.0
3002530053,59.5
1002177504,70.0
1006400012,47.5
1007320016,61.1
1-01774-7501,24.4
4-01027-0050,75.7
4-01027-0004,35.3
5-07446-0100,39.2
5-07469-0200,16.4
5-07481-0001,56.9
1-01716-0008,114.2
1-01715-0022,1.8
4-02118-0001,84.9
5074520075,51.1
2-04247-0057,62.4
1-01789-0001,66.3
2-02859-0092,39.3
1-02176-0100,49.3
1-00871-0074,6.9
3-08470-1110,72.4
5-00007-0050,90.3
4-04960-7501,56.4
4-01911-0001,79.0
2-02711-0028,103.9
1-00553-7501,133.3
1-01361-0001,33.4
5-00169-0035,60.2
4-11434-0007,85.9
1-01466-0021,352.1
3-02927-0042,27.1
1-00892-7502,80.3
1-01611-0001,151.2
3-08815-7501,14.0
1-01084-0001,45.9
1-00078-7508,28.6
3050837503,19.3
1-00763-0065,62.5
3-02371-0042,21.4
1-01631-7501,71.0
4-01842-7502,50.1
4-04360-0001,44.6
1-01105-7501,51.5
3-01164-0042,48.8
4050277502,76.5
1008050039,48.5
4014490032,71.9
4014620001,58.4
3057670028,124.3
3053250003,16.8
1010090037,107.4
2032660013,50.0
3052800047,44.4
5005930001,15.7
3057077501,58.6
1010360054,82.0
2023400213,8.0
4033560023,57.4
3081380225,44.5
4014220019,80.9
4097640077,77.3
3032040032,57.0
3032040024,49.2
2045160048,73.2
2045080041,72.2
1021790199,118.4
4019490090,92.1
1-01895-0047,87.1
1-01346-0020,81.2
1-02250-0014,76.2
1-02243-0309,48.2
1-01345-0031,36.8
1-01324-0009,64.5
4-00006-7502,48.8
4-00006-7501,49.6
1-01373-7506,56.6
1-00595-7509,65.1
1-00576-7501,56.1
1-00857-0038,50.7
1-00599-0064,39.4
1-00868-0012,65.6
2-03909-7501,58.5
1-00522-7502,79.6
1009290038,42.7
1018920064,56.3
1012440063,53.3
1-00574-0067,69.3
1017010001,128.6
2051410120; 2051410700; 2051410600; 2051350210; 2051410500; 2051410100; 2051350051; 2051410440; 2051350090,112.2
1-01433-0016,43.1
3-00706-0020,864.7
2028390010,38.9
2025110077,71.0
2032960055,53.6
1005750011,75.8
1010450050,52.0
1009100061,87.1
3-00465-0012,28.1
4098340041,86.0
4114177501,70.4
4021140034,81.9
1013280030,63.8
1012227501,59.4
1004670022,60.9
1012440063,53.0
1021790156,90.9
1012360061,66.1
2057850268,58.0
4012840015,78.8
2023690012,66.8
2027970039,58.6
2033600062,64.1
3043750070,45.3
1005740067,69.3
1006260012,59.1
1013640022,74.7
1013710038,51.6
1015070045,64.8
1015420014,18.0
1-00395-0001,82.1
1-00392-0048,86.0
1-00393-0056,170.3
1-00392-0027,92.9
1-00393-0014,115.3
2-02684-0085,105.6
2-02833-0030,17.4
2-02833-0028,281.4
2-02833-0026,18.2
1004650037,69.8
1004620025,59.3
1013930001,41.6
1005460031,15.8
1005480012,146.4
1005460020,72.6
1005470026,26.9
1005460005,50.8
1019900035,150.6
1-00123-7502,82.4
3086890055,78.0
2-02763-0185,168.9
1000530002,98.9
1-00064-7502,64.7
1-00859-0026,81.8
1006030028,61.5
1001760018; 1001760001; 1001760004,88.8
1001760018,93.8
3061640006,87.8
3055620033,86.3
3055800001,99.3
3017810040,34.6
3020167501,47.3
1-01439-0014,290.1
1-01145-0001,78.5
2025090036,45.3
5028710001,89.7
2025180001,82.7
3-07199-0005,82.0
3-07281-0182,77.3
3-06957-0022,74.9
4-01918-0114,168.6
1-01247-0043,21.1
3-00238-0035,240.0
1-00576-0056,13.2
1-00873-7501,165.6
1-00577-7504,61.9
1-00095-7501,46.3
1-00570-7502,79.0
3-01176-0047,56.5
1-01444-0031,141.4
1-02149-0056,151.4
1-01075-0029,94.0
3065090064,92.0
1-00246-0001,67.0
1-01652-7501,68.1
1-00620-7501,65.9
1-01830-7502,57.3
4-00645-0001,76.1
5-00569-0103,68.2
1-00645-7501,34.6
1-00888-0027,80.2
1013277501,70.2
3052990011,86.0
2038057501,58.9
4051810028,82.0
4098430029,153.2
4012800026,84.1
4012730034,70.0
4001330070,72.9
4012510030,75.7
3087090072,81.3
2024780024,90.9
4113580001,90.4
4113770001,55.1
4032720001,61.5
1010450061,79.2
2028500023,81.4
4000260004,0.3
4091720067,74.9
1018800029,80.6
2039430001,1.6
2039370085,1.7
1022280025,83.5
1003457502,90.3
3051030042,77.0
2057590573,91.6
1021750010,90.6
2026660041,40.8
2031650010,70.0
1009117502,32.3
1010120042,60.7
4013140011,80.9
4125290230,54.6
4121830035,47.9
2031170023,115.2
2056400018,76.5
4036670625,37.0
3006010017,57.0
3087197502,31.4
3087737501,35.5
3088060017,66.4
2032040046,70.0
2033540009,56.0
4157090006,62.9
1002377501,163.5
1002777501,125.8
3053890046,53.9
4001610026,98.4
4026220125,39.0
1002747502,103.8
4007557501,33.0
5080080014,142.6
2033130069,76.4
3020610110,52.8
1022360008,87.4
1021440042,105.8
1013120023,68.7
1010070051,95.2
1008920049,83.8
1014040041,194.3
1013090041,109.3
1015020056,190.3
3001550014,30.3
2032680001,98.5
1008950078,65.0
1005760076,91.8
3002540081,75.1
3-08235-0140,124.4
4-02657-0023,84.4
2-02439-0055;2-02439-0057;2-02439-0059,71.9
3-03420-0044,72.2
2033430180,52.6
2-02537-0006,51.1
3-02004-7501,67.9
2-02948-0025;2-02948-0028,103.7
2-02642-0022,64.0
2-02985-0023,49.5
1-00277-0004,14.8
1-00415-0012,70.7
1-00348-0013,140.0
1-00350-0036,92.0
1-00416-0025,87.5
1-00350-0056,64.1
1-00345-0014,80.2
1010790029,94.4
1007367501,66.8
3-01946-0004,73.4
3006120130,46.3
3-03127-0001,35.0
3070680014,126.5
5028670266,98.2
1-00564-0031,48.0
1-00017-7501,53.4
1-01096-0029,35.6
1-00248-0015,84.1
3-01387-0018,81.5
2039010031,63.2
3-06062-0001,57.8
3031317501,39.6
3-07124-7501,37.6
1008040022,66.2
1-00710-0029,98.3
1-00880-0073,105.8
1007610059,66.1
1012840033; 1012840026,124.7
1-00702-0010,127.9
2-02984-7502,46.9
2-02984-7503,68.4
3-04829-0005,54.0
2030680006,63.4
2027990030,95.3
3-00656-0001,15.8
5-03168-0161,69.1
1/01217/0018,66.4
2032390031,98.2
1-01224-0058,80.3
1009010026,36.4
1-01298-0045,20.1
1008290014,48.7
1008350011,55.9
3-00706-0020,870.5
4005670022,106.6
4099447502,131.7
3-01269-7501,85.7
3073090001,125.3
3001780046,152.3
3017797501,53.6
4035380067,87.9
3007417501,0.0
4-00535-0046,69.1
3-06911-0006,68.0
1012900003,62.3
1010680001,206.8
1009220046; 1009220002; 1009220070; 1009230011,154.9
1009220046,203.9
1009220070,46.5
1009220002,48.4
1-02166-0069,86.7
4005987501,44.5
4-16155-0021,69.4
1-02217-0022,81.7
1-02077-7501,35.8
1-00718-7502,33.2
1-01401-0001,193.3
3075520054,86.7
3007230025,36.3
4138950001,91.7
1-01076-0051,58.1
1-01086-0050,44.4
1003480036,61.0
1007600058,92.0
4019710001,90.1
1007620038,73.6
1007987507,40.2
1-01071-0001,88.0
4-08229-0006,73.4
1-01510-0015,58.2
1-01496-0065,58.7
1-01064-7501,74.2
1-00802-7501,44.7
3-05246-0001,71.2
4-01505-7501,111.9
3-03384-0006,88.1
1-01828-7506,28.2
4-03333-0016,83.3
1-01207-0016,25.9
2-02474-0001,59.4
1-00134-7505,83.0
3-01065-0031,74.4
4-00704-0022,70.5
1-01638-7501,55.4
3-02013-7503,84.0
1-01959-7501,64.2
3-02773-7503,92.9
1-01540-7502,43.3
3-01992-7501,39.4
4-09249-0040,89.0
1-01836-0037,23.9
1-01888-7501,13.6
1-01616-0049,40.3
3-05048-0034,54.0
1-01497-0007,80.7
3-06701-0047,71.1
1-01681-7502,47.0
1-00474-7504,77.2
1-00474-7505,107.9
4-01254-0012,12.9
2-05856-0378,77.8
1-00820-7501,21.1
1-01611-0015,68.7
1-00801-0061,46.4
1020440017,126.8
3052200040,29.4
4036080290,23.2
2054810065,59.2
4001997501,101.3
3-06319-0006,84.2
1-00940-0048,86.1
3-01063-0026,127.3
1-02180-0057,27.0
1-01468-0041,64.4
1-00576-7503,65.3
1-00863-0081,51.3
1-01025-0054,65.6
4-00071-7501,47.8
1-00029-0001,49.9
1-00646-0038,48.7
1-01258-0034,70.1
1-00843-0037,97.2
1-01261-0048,56.0
1014380014,71.3
1015270020,26.9
1015490038,45.6
1008810047,124.6
1-02180-0096,17.2
3-00249-7502,57.5
1-01735-0008,81.1
1-01918-0023,117.8
1-01927-0015,97.8
1-01917-0045,43.7
1-01922-0013,177.7
1008290016,87.9
3-00771-0015,55.7
3-00820-0001,581.8
3-00796-0001,92.7
3-01179-0047,92.6
4-02252-0010,68.3
3-07296-0005,77.0
3-05426-0045,85.0
3-06102-0006,72.9
3-06800-0057,67.1
5031570001,74.1
3-06124-0028,84.3
3-02607-0006,28.6
4-02603-0072,35.8
2-05403-0025,78.2
2-03172-0032,112.4
2-03209-0065,81.6
2-02745-0046,144.5
2-02763-0162,138.6
1010167501,86.7
2028360012,96.6
1-00172-0001,86.1
4-03165-0062,69.1
1-01120-0017,58.4
1-00135-7501,52.9
1-00175-7504,69.3
1-01186-7501,45.9
4-01216-7502,82.6
3-05054-0011,131.3
2-03154-0068,57.0
2-03198-0110,74.7
2-02624-0084,178.2
2-02624-0082,23.8
2-02867-0155,109.3
1-02170-0344,57.1
3-03694-0009,96.5
3-07321-0051,128.6
2-03248-0166,74.4
1-02032-0019,69.7
1-01913-0061,116.6
2031820008,79.3
2028100013,87.1
2031570017,80.3
2025240018,78.6
2031020039,92.9
3023487501,81.2
2028410010,130.5
2032250128,89.6
2031840005,92.9
2031830007,85.8
2032070058,83.9
2033430170,94.5
2033070012,15.3
3002260013,61.3
1008800006,69.9
2047380001,101.3
1007700031,28.6
1014920056,61.7
1005570039,77.6
4001620019,59.9
4001650001,60.3
5034720014,18.3
1000370013,78.3
1016737501,51.6
4032340029,87.0
1007690053,124.5
1021420227,88.7
3074657503,35.8
1016220037,71.5
1008730040,73.1
1002800052,193.4
1003777502,48.1
1002040001,125.3
4012590041,106.8
4012860058,108.4
4014960056,107.9
4014950052,89.2
4013270008,88.2
4015690001,119.5
4066590021,117.8
4031710019,102.4
4047690001,82.2
1022380007,117.9
1022170009,110.2
3001470002,68.0
1017560039,24.5
1022410042,390.2
2025680009,96.8
2027320021,92.6
3010110005,47.9
1006090065,66.0
4051810048,82.7
1014960006,79.9
1006957502,66.7
4021370027,71.3
1021370046,40.9
4099700038,39.9
2028720054,20.9
1020540036,108.3
2041240012,91.2
1021090070,135.1
1017250033,18.5
2033430155,73.8
2032970049,98.0
2037440070,100.1
2037760040,71.3
2031490121,63.9
2033170051,69.9
2032490186,57.3
2031580022,137.0
4088540067,95.5
1019250013,63.6
2057257501,78.5
2026000131,43.9
1019440010,109.5
1021200028,159.8
1021360040,46.5
1021360052,92.9
1017560056,67.0
4101560001,81.4
4079450002,210.0
4008310001,191.4
4101510001,128.4
3086920019,122.5
1007980066,38.5
1007970074,64.0
1014370045,121.4
4004070037,64.0
4098140034,80.2
4013220001,89.3
4003880023,76.0
3001600003,52.1
3001600029,0.0
3032387501,35.9
1012037502,66.4
4026110452;4026110465,19.1
4022240037,267.6
2033190040,93.8
2027200001,91.6
2031730020,94.9
2031840071,81.3
3050450038,78.2
4019720001,133.5
3020617502,78.6
2027940049,92.3
2030600021,102.2
2057990073,34.1
2028470069,77.1
2031830064,77.3
2031460029,80.0
2031960093,85.8
2031780050,17.6
3046920003,62.6
2026230188,75.2
2026230205,80.3
2028040001,125.4
1-00477-0068,75.1
3067230006,70.9
1-02149-0011,7.7
1-02149-0016,5.3
1-00890-0057,34.3
1-00890-0064,116.0
4-10504-0051,26.8
1-02149-0056,77.5
1-00888-7502,60.9
1016240060,41.0
5042570001,12.6
5035760023,52.1
2023720041,9.2
2-02613-0036,95.1
2-03249-0088,91.7
3-03794-0028,61.2
2023710023,108.9
1-00862-0001,283.9
1022370038,77.4
3012730001,137.3
1-00196-0013,173.0
4-03644-0030,62.7
1-01726-0037,45.1
1003090022,117.4
3-01389-0016,105.0
1-00196-0009,37.1
2-04594-0048,82.1
4-04959-0018,26.8
2033190098,51.9
2033090100,53.9
4-01570-0008,99.2
3066100055,78.7
3067680054,62.1
3087140020,72.7
3087090090,86.5
3068620014,92.9
3065610030,88.8
3068170030,91.7
3068210222,55.7
3067700001,57.9
4-00184-0014,51.9
3-01965-0042,33.1
2-03225-0010,61.2
3086820048,98.7
4-01299-0010,61.4
2036960050,15.8
1-02172-0120,72.3
4014550065,115.0
4-01016-0060,36.3
2025460001,55.3
2-02878-0061,59.8
2-03216-0052,87.5
2-02868-0127,59.9
2-02433-0057,42.2
2-02425-0016,70.9
2-02427-0001,120.9
2-02427-0052,70.1
2-02429-0034,79.1
2-02439-0022,104.7
2-02876-0170,99.6
2-02867-0058,70.6
2-02861-0011,93.8
2-03196-0010,46.6
2-03777-0040,72.2
2-03777-0035,75.6
2-02532-0020,72.9
2-03866-0005,19.5
2-03866-0001,131.7
2-02876-0087,159.5
2-02876-0088,16.3
2-02633-0004,77.7
2-02876-0014,68.7
2-03743-0050,75.3
3029740113,40.0
2027630233,58.1
2031490084,84.9
3067710031,80.2
3/00292/0016,43.6
3-07441-0255,69.0
4-00837-0027,48.5
2043370064,29.7
3021320030,32.0
3050770001,56.8
3014060044,51.5
1008480059,45.6
4038100154,32.3
3053750082,102.5
1002050030,77.5
3/06765/0035,58.9
3/06825/0016,58.2
3/06799/0074,57.9
3/06553/0006,61.2
2-03221-0017,99.2
3087150073,97.2
1-01594-0012,94.4
3017850069,97.9
1017790060,3.5
1015520006,82.9
3-04621-0031,78.5
4015070005,100.2
4012180006,75.0
3-01239-0001,90.4
2-02926-0008,91.7
3-00565-0001,69.2
1-00877-0001,71.9
5-00490-0004,55.1
4-10155-7501,49.3
4-15950-7501,38.6
5-00955-0075;5-00955-0170,510.7
1-00826-0055,54.3
1012900014,40.5
4-00205-0015,79.0
4-09525-0040,22.1
3020620006,30.4
3029790005,52.2
3023770012,42.7
3000400001,20.1
4-05059-0001,124.0
2-02480-0001,54.7
4-05182-0062,117.1
1-00509-0027,95.0
2026100065,99.4
4-00268-0001,57.6
3-02107-7501,67.4
1-02142-0136,29.5
1-02054-0079,101.0
2-03778-0024,87.8
2-02303-0016,76.2
3066200001,57.3
3-04452-7503,64.2
1009947501,109.7
3-07405-0058,92.3
1006960001,68.7
3-03750-0001,12.2
1007630067,56.3
3-05617-0063,90.3
3-06623-0001,95.2
1019037503,96.2
1008637502,64.6
1014210037,62.6
1000917501,49.7
1014960013,69.1
1011210043,54.3
2-03170-0027,90.8
2-03195-0016,106.2
2-03152-0029,129.6
2-03294-0030,81.1
2-03206-0022,126.1
2-03172-0008,107.2
2-03197-0009,77.3
2-03225-0022,72.8
2-03183-0037,120.8
2-03182-0004,87.7
2-03182-0019,110.5
2-03152-0003,106.1
2-04048-0014,84.3
2-03111-0009,17.0
2-03315-0001,110.5
2059470120;2059520120,89.0
1-00841-0080,50.8
1-01539-7502;1-01539-0008,66.8
4066720001,314.6
2032340037,88.8
3-01702-0001,26.9
3-02096-0006,55.7
3-02097-0015,49.9
3-02097-0007,59.5
3-04027-0001,66.3
3-04043-0001,43.2
3-04044-0001,89.7
1-02180-0098,76.6
1-02180-0100,71.6
3-02044-0064,64.7
3-02104-0008,67.3
3-06578-0079,79.8
3-08717-0096,74.8
1-00789-0044,104.3
3-05221-0073,69.8
3-05164-0037,106.7
2-02785-0063,101.6
2-02522-0016,66.9
2-02535-0026,90.3
2-02520-0026,69.8
2-02521-0027,90.2
2-02438-0001,93.7
2-02438-0005,70.8
2-02785-0016,106.9
2-02948-0040,13.1
2-02948-0044,132.8
2-03142-0070,115.5
2-03108-0038,81.6
2-02478-0058,85.9
2-02662-0013,80.2
2-02970-0073,98.9
2-03098-0050,83.9
2-02842-0029,98.2
2-03037-0075,93.6
2-02438-0085,61.8
1-01840-0005,60.9
1-00882-0056,84.7
1-01146-0008,52.6
1-01873-0010,162.1
1-01994-0066,77.0
1-01891-0054,70.6
2-03292-0075,68.2
2-03203-0012,34.1
2-03203-0016,14.8
1-02225-0044,129.0
2-03195-0051,75.4
2-02865-0126,96.4
2-02459-0055,66.9
2-03193-0021,120.3
2-02879-0235,400.1
2-02879-0240,99.4
2-03253-0001,173.9
2-02703-0014,108.7
2-02761-0083,71.3
2-03195-0022,59.3
2-03199-0034,117.0
2-03196-0029,61.7
2-03248-0158,53.1
1-00791-0050,63.7
1-00792-0024,53.1
3-05329-0058,7.7
3-05329-0052,6.9
2-02841-0050,95.5
2-03311-0107,65.7
1-01041-0038,41.5
4-05013-0031,58.0
4-03320-0018,58.9
1-00629-7501,44.5
2-03350-0040,45.9
3-01280-0008,73.8
3-04809-0006,74.1
3-01181-0028,67.0
3-05120-0018,82.2
3-05671-0034,58.6
3-01402-0039,80.0
5-00064-0003,85.9
3-05545-0059,11.6
3-05545-0053,176.3
3-05545-0047,81.5
3-01387-0001,67.7
1-01065-0023,61.8
1-00389-7501,222.9
3-00238-0024,57.1
1-02177-0166,88.8
2-02835-0001,73.8
1-02046-0024,16.5
1-02046-0025,184.7
1-02046-0043,19.0
1-02053-0009,74.3
2-02865-0129,86.0
2-02399-0020,86.7
2-02874-0085,16.2
2-03022-0043,87.5
2-03198-0005,16.0
4-01518-0040,94.1
3-05049-0048,86.9
3-01318-0057,140.2
3-01318-0051,11.0
1-00849-0026,27.4
4-03099-0025,67.1
3-08172-0013,109.7
1-02236-0027,106.4
4-00414-0117,56.7
4-05015-0006,88.1
4-02664-0001,20.0
4-04954-0131,60.8
4-00389-0012,64.2
4-00414-0121,61.1
1-00849-0002,45.5
1-00385-0063,26.0
2-03249-0117,118.4
2-03191-0045,103.1
3-07674-0030,90.1
4-09011-0014,45.8
4-02236-0027,78.5
4-00566-0001,72.8
4-02224-7501,81.1
3-01811-0019,22.1
2-03276-0005,141.3
2-03089-0001,93.4
3-05206-0017,86.4
3-01532-0030,76.9
3-01372-0001,96.6
2-02877-0290,94.4
5-00185-0527,23.0
1-01750-0034,19.6
1-01923-0049,34.5
1-01924-0052,32.7
1-01944-0043,34.3
1-00377-0030,59.2
3-05124-0005,59.5
3-05026-0023,92.9
1017740001,73.2
3088040042,74.6
4004337501,61.8
2023300045,58.4
2024660040,100.7
2033310082,78.3
3076550045,61.1
1-00886-0063,47.3
1-01436-0122,49.4
2-05141-0265,18.5
1010780020,55.4
2046810010,83.1
1005470018,24.1
1005330010,146.6
3001420050,12.0
1005480021,32.4
1-02133-0016,86.2
1-02133-0050,177.1
1-02133-0080,74.0
1-02133-0076,76.3
4-03168-0067,65.3
1-01890-0007,74.5
2-02509-0006,74.2
1-00568-0026,81.4
1-01214-0008,57.0
2-02826-0072,82.3
2-02524-0021,49.8
2-03213-0033,74.8
2-03218-0017,88.6
2-03208-0048,82.2
1-00731-0050,91.9
1-01184-0083,58.8
5054600053,17.7
3051070038,54.5
3079320090,31.3
3-05248-0022,109.8
1008370009,45.2
3-02549-0036,60.2
1-00090-7503,141.8
4-04978-7502,73.3
1-00478-7503,95.4
3-00167-7501,37.0
1-00033-7501,61.5
1-00696-7503,122.8
3-02128-0005,48.8
3-02134-0056,54.4
4035450014,47.5
1015570041,56.3
"2055600062,2055600068",102.1
3045010022,82.4
2-02995-0038,90.8
1-00775-7503,38.7
1-01259-7501,46.3
1-01067-7502,66.2
1-00821-0049,36.4
1-01755-7501,41.1
1-00798-0054,57.5
2-05792-0445,65.3
3066560006,162.3
3051390035,93.6
3060190041,109.9
3046210001,99.1
3061150037,74.1
4031060020,95.5
3053570054,102.0
3022060007,61.2
3012937501,41.1
3067290001,75.7
3054190011,114.1
4-00153-0033,89.7
4-01336-0052,92.9
2-04833-0058,110.9
2-03170-0040,135.3
2-03181-0030,102.8
2-03181-0015,101.9
2-03170-0034,140.1
2-03341-0016,135.3
1-00353-0052,66.5
1-00377-0026,111.4
2043190015,98.5
4162267501,69.5
2045940044,78.6
1-01784-0005,9.8
3053250065,85.6
3056640001,91.6
5031520052,46.0
1012200053,8.2
1-01891-0055,82.2
1-01883-0040,66.3
3087150051,120.6
2029500030,129.1
3051850059,57.2
2031070036,79.8
3-06613-0001,76.2
3-06821-0270,62.1
3053580063,85.9
3053760076,71.6
3053300024,59.3
3075540056,64.1
3050430066,73.4
3050260039,68.3
3050260178,64.5
3050770006,91.4
3053290068,71.5
3014800023,43.6
3014800060,26.1
3027887501,32.4
4-04974-0051,24.6
2-03056-0027,78.9
4103430015,16.0
1010380043,54.2
1021800077,83.8
2038700028,27.1
2028770166,14.5
2031700021,74.7
2033260064,69.3
2028270053,62.1
2028440065,82.1
2039090081,74.7
2028870094:2028870088,74.7
3013970035,80.5
2028870088,20.5
2028870094,129.1
1007610062,9.2
3-01362-0050,102.9
3-01535-0014,96.3
2-03355-0121,74.6
3-01429-0156,75.3
3-01354-0030,45.2
2030380055,36.4
2023280035,34.7
1/00525/0029,117.7
4-00573-0046,44.7
3018120001,290.6
3070510133,156.1
3052280008,49.3
4050100038,155.2
3025960001,113.5
1019190053,197.5
4097580001,34.9
4002440024,139.9
1007907502,105.3
3039120024,152.8
3010057502,141.0
4160880100,117.2
5003030047,105.3
5052360031,105.5
1013200034,133.7
1011160024,124.6
1-01655-0045,53.8
3-00917-0058,74.0
2-02546-0074,33.8
3-06783-0057,8.7
4-00588-0009,100.5
1-00902-0049,74.2
2-03248-0014,59.1
1-00475-0015,84.7
3-07084-0039,135.4
4004420018,48.0
2-03026-0005,73.0
1-01030-0024,18.8
1-00372-0018;1-00372-0017;1-00372-0016,85.5
3043220016,54.6
1/00195/0001,28.5
5-02015-0048,105.7
5-04645-0410,208.3
1-01197-0020,148.4
3-00627-0038,34.0
1001890025,36.8
4053370012,59.3
3067827505,32.6
3073640011,107.1
2-04655-0011,94.3
3-00705-0050,90.0
4-01538-0016,29.7
5012700128,28.7
3-04504-0023,146.4
3-04503-0024,28.7
4051347503,53.7
1005150008,69.5
3062630038,101.4
2-04168-0001,73.5
1012600001,59.9
1-00068-0036,61.6
1010940045,117.3
3076670074,76.9
1016077503,0.9
1016070005,194.7
3-01326-0035,85.1
3-05207-0030,68.0
2-02510-0087,92.2
1009270009,80.1
"1012690020;1012690058;1012690014,1012690009",201.3
3074650052,16.0
3087110015,15.4
3087260001,59.6
3088040042,74.5
1-01541-0001;1-01541-0021,70.4
4050027501,23.1
3-06623-0044,73.2
3-05307-0045,44.6
1-02091-0048,64.0
1021740119,19.5
2032610038,91.2
3067380001,9.4
3067150079,66.0
3067120001,81.8
3067670006,65.6
3067380001;3067380007,65.6
2028410055,99.3
2032870115,57.0
2029850013,66.0
3002500036,100.8
1014090068,57.2
1008660013,58.2
2045080052,93.6
2-03279-0050,142.0
3055950019,83.0
3014230001,71.3
2031690055,85.5
2031690053,80.0
2031720016,87.0
2031690043,106.3
2031720011,114.0
1-00378-0010,76.5
2044470024,89.1
1019930057,95.3
2029070002,96.4
2029730061,111.1
2033090061,89.4
2024230065,88.5
2042480048,86.5
2030410028,70.5
2029500011,92.5
3013850028,17.7
2031930024,104.5
3052100017,93.6
3013880048,80.3
3013850023,126.2
2028790200,153.5
2028690040,88.6
3013790073,70.8
2027630275,109.6
2026770019,100.7
2032250007,111.5
2023290053,9.6
2027630331,77.4
2032500046,60.5
4003510014,65.3
1-00993-0007,82.2
1-02164-0016,52.6
1-02137-0181,12.7
1-02138-0171,102.7
1-02138-0183,47.7
1-02139-0140,92.5
1-02138-0143,60.0
1-02139-0145,81.5
1-02139-0159,98.5
2-03207-0056,77.9
3-05059-0052,84.4
3-05081-0048,84.9
1-01092-0030,65.6
4-05135-0001,465.8
1-00918-0025,45.0
1-01143-0039,83.8
1-00179-0021,12.2
1-00856-7501,61.0
1-00771-0068,85.4
1-01441-0014,99.8
3-06627-0043,90.9
3-06627-0038,103.8
3-06284-0050,93.0
1-01594-0022,87.1
1-01551-0012,93.8
1-01630-0005,67.8
1-00863-0004,77.8
1-01163-0053,70.4
1-01885-0021,25.2
1-01327-0035,54.1
1-01057-0056,55.4
1-01529-0018,58.8
1014980007,25.5
1015040047,95.9
1005150039,35.8
1014690043,123.5
3023950029,79.2
2032370067,82.3
4032560009,72.2
2031950061,77.0
1012207501,73.7
2027200030,76.2
1014710032,34.4
1003757501,73.7
3060940005,229.2
3054220050,120.0
3073690068,49.4
3043280001,76.5
2023310052,44.7
3022300013,123.0
1015020059,96.8
2031540017,61.9
1021700370,88.7
1008020001,192.8
3064710013,197.8
1020610029,103.1
3045990038,93.7
3054420065,98.0
1013980006,66.8
3001610043,92.9
1016030025,54.1
1008300030,96.8
3001500001,140.0
1012610027,143.5
3082810024,127.4
1020870025,29.7
1011630020,57.9
4014560022,84.0
3010290004,111.3
1014980061,58.0
3087170017,120.0
2049940080,101.7
3051740001,86.5
4041380050,52.0
4098350040,111.1
4012610054,78.3
1021370065,95.2
1021370058,90.6
1021350013,154.7
1021350017,18.7
1021350020,104.4
4014520006,112.4
4015610025,101.5
1022400009,82.1
4012677501,63.5
1021420073,76.8
1021420066,84.6
4031007502,56.4
4014780001,136.5
1005930036,60.8
1009180007,125.2
1005880071,94.8
1009120036,52.4
1007220043,101.1
1015120016,144.5
1015780014,91.1
1006350042,25.9
1003980018,104.3
1010360010,91.9
1004760019,71.0
1015000009,697.9
3023750005,43.2
1012460007,14.5
1008830078,111.1
1021370021,63.0
1019270061,63.5
1020260029,54.6
3-00030-0007,33.7
4-00410-0046,41.0
1-00580-0022,26.5
4-13366-0020,163.1
1-02246-0043,7.0
1-02246-0028,18.7
1-01034-0048,24.2
3-03721-0001,15.5
1-02014-0036,63.2
1-01456-0001,70.7
1-00692-0041,15.3
2025827502,54.8
2025827501,59.3
3001400111,125.2
1-00504-0014,50.4
1-01228-7502,49.2
1-02171-0120,65.3
4-00131-0036,78.7
1-01208-0052,67.8
1-01580-0033,89.4
2-03258-0073,87.4
3-03058-0001,81.0
3-03060-0075,17.6
3-03077-0001,90.7
3-03078-0001,129.6
2-05859-0297,94.4
3-01933-0100,75.1
2-03663-0002,91.3
1-00888-0024,45.0
1-00888-7502,50.1
3-05613-0036,72.9
2-02806-0001,77.3
2-03194-0031,107.1
2-03328-0143,66.1
2-04633-0001,74.4
2040490054,122.1
2058640500,70.3
2039740004,74.5
4050500001,88.2
2031640015,93.3
2024570044,80.8
3-07548-0038,64.5
3-07548-0033,70.4
3-05059-0042,77.6
3-04653-0033,76.5
3-06333-0043,85.6
3-06748-0088,68.6
3-05417-0020,71.4
3-05161-0001,69.4
3-04646-0001,95.1
3-08682-0066,76.4
3-08182-0001,75.4
3-00041-0042,45.2
3-00186-7502,38.9
1-00459-7502,100.6
1-00439-7501,45.6
2039860007,105.0
4104990083,89.6
1000700043,6.6
1008060058,62.5
4006400004,74.2
4000980042,41.9
1008380001,75.8
3082350342,32.8
3-05151-0012,73.3
3-06117-0036,116.2
3-06001-0006,127.1
3-07354-0001,81.3
3-06010-0001,90.7
3-05399-0007,74.7
3-07590-0023,56.5
3-06501-0018,69.9
3-05231-0042,83.5
3011790117,85.5
3053740030,86.0
1021770156,71.6
4030780085,63.1
4092650006,80.9
2054440095,63.4
2057710020,73.9
1022170051,210.4
1005230038,104.7
4009030007,68.6
4009080001,81.1
1008417501,75.1
1018290029,65.8
2037430005,96.1
2026890009,58.9
2028500040,55.1
1011220040,73.9
1021700292,17.6
2032670020,83.8
1008190019,27.1
2057000087,59.2
1022360014,71.3
1022260011,84.2
1000720031,0.1
1000720013,0.9
3055950034,62.7
3055950014,52.6
3056080006,108.4
3056080011,60.1
4-00604-0026,100.7
2028410045,157.8
2028390014,21.3
1006940014,55.1
2033350016,174.2
2033350012,66.7
2032250106,79.5
2032120015,96.3
2033240107,78.6
1018200017,71.4
2-02272-0022,99.5
2-02271-0005,146.4
2-02269-0001,112.4
3-01100-0060,259.9
1-00195-0006,36.9
1021220127,101.2
4002480015,122.6
4001910005,85.5
3-07459-0001,57.2
3009170048,55.5
2/02736/0189,76.1
2/02762/0187,37.7
4/03667/0491,8.9
4049770080,103.6
4108080050,43.0
4055200001;4055200047;4055200050,37.0
4/09120/0043,84.4
2023400072,72.4
1-00309-0006,56.4
3059070018,69.4
1-02134-0105,82.7
4040340010,31.1
3067050007,94.3
3067030078,69.2
3007330025,72.6
1-00220-0026,37.0
4015550033,67.3
4014640001,79.4
2-02961-0025,108.0
1012910010,42.6
1012610016,89.8
1008690054,60.3
1012380046,143.8
1012870058,49.0
3079150010,36.8
3-05530-0001,42.4
2-03369-0005,73.3
2033480054,73.9
2049970051,82.5
2037760066,25.7
2037760062,247.8
2039220039,64.9
2032480111,129.4
2032500121,21.1
2033470029,88.7
1021750135,74.0
2042490025,63.7
2041700001,77.9
1021800020,81.6
1021800018,115.3
1021760078,72.2
1021800031,122.3
1012450040,58.2
1022430278,132.6
3023310042,57.2
4000490010,56.6
4097950003,67.8
1-02142-0130,18.6
2-02465-0010,66.4
4002480015,173.1
1-00806-0001,74.9
1-02179-0354,98.7
1-01876-0058,198.2
1-00906-0055,137.2
1-00771-0001,98.1
1-01344-0036,96.9
3053420006,108.2
3006520070,73.2
3066950056,45.2
1-01351-0036,60.7
1-01351-0032,10.0
4005440007,94.4
2026740012,98.5
1008020052,38.4
1-01643-0005,46.2
2-02872-0207,86.6
1-02050-0011,74.0
2-02872-0200,107.0
1-01877-0061,110.0
4-00052-7501,37.4
4-05104-7502,56.3
1-00793-0014,12.1
4-05051-7501,46.3
4-07761-0060,76.2
4-05024-7502,72.2
4-00157-0013,62.7
4-05125-7501,90.0
4-02784-7501,47.1
4-02267-7501,51.3
4-09231-7501,86.6
4-01947-0018,69.1
1-01010-7501,64.2
1-00890-0054,81.4
1-00637-7501,41.1
1-00637-0077,48.8
1-01516-0042,38.8
1-00519-0044,131.9
1-01877-0042,58.8
1-00770-0059,47.8
1-01506-0018,83.0
1-01184-0007,62.8
1-01338-0012,99.7
1-01570-0012,27.6
1-00638-0001,43.1
1-00717-7501,62.1
1-00512-7502,35.1
1-00134-7503,59.1
1-00850-7502,67.5
4-01554-0011,68.9
4-09884-0032,93.1
4-06327-0001,112.9
3-00236-0018,66.5
1-01121-0045,72.0
3-01961-0014,60.7
1-00425-0023,65.6
4-00676-7501,48.8
1-02243-0001,119.1
1-02243-0004,99.8
1-02243-0008,13.9
2-03324-0041,16.1
2-03324-0045,17.3
2-04994-0017,20.1
1-00500-7505,77.6
1-00846-0071,70.3
1-00515-7501,78.1
1-00862-7502,77.2
1-00632-7502,43.9
1-00144-7502,37.7
1-00512-7503,65.6
1-00461-0006,106.1
1-00850-0059,12.0
1-00802-7502,85.4
1-00171-7502,29.4
1-00594-7501,41.5
1-00528-7501,87.3
1-02238-0017,10.0
1-00214-7503,77.5
3-00055-7501,57.3
4-00846-0032,83.1
4-01221-0015,86.8
4-03087-0021,93.0
4-01175-0036,109.5
4-01526-0001,59.1
4-03258-0023,44.9
1-02240-0017,13.0
1-02243-0335,14.5
4-00621-0001,13.3
1-01067-0018,13.0
1-02225-0020,17.6
4-03100-0033,15.2
4-03156-0106,22.3
1-02127-0035,93.5
1-02217-0047,75.3
2-02813-0009,95.3
2-03292-0079,75.3
1-02139-0345,69.6
3-07233-0115,43.2
3-07232-0081,47.7
3-07232-0001,46.2
3-06296-0027,99.8
3-06110-0052,128.7
1-00284-0011,132.9
1-00236-7501,75.6
1-00200-7501,100.0
1-00492-7503,102.8
1-00209-7501,44.5
1-00162-7501,43.5
3-06724-0006,76.1
3-06721-0062,69.2
3-07439-0006,88.8
3-00238-0061,71.4
4-01304-0025,46.1
1-02130-0022,21.7
3-01177-0007,78.5
1-00793-0020,54.8
1-00797-7504,15.1
1-00844-0011,37.4
1-00542-7502,114.8
1-00851-0063,28.3
1-00078-7506,82.1
1-00872-7501,32.9
1-00875-0008,50.4
1007640051,71.8
1-01887-0001,73.1
1-00849-0055,111.0
1-00746-7506,64.6
1-01349-0009,64.4
1-00742-0022,65.4
1-00583-0029,69.6
1-01334-0013,70.5
1-01346-7503,45.6
1-01844-0037,38.0
1-00847-0050,32.8
1-00646-0030,46.3
1-00193-7508,24.5
1-01867-0060,59.5
1-00563-0045,50.3
1-02179-0269,14.3
1-02180-0092,94.5
1-02235-0047,63.7
3-02809-0001,48.5
3-02372-0005,57.6
2-02394-0005,15.7
2-03820-0042,79.9
2-03819-0050,90.6
2031480029,83.1
2-03927-0027,59.7
2-04323-0035,64.3
2-03346-0036,57.9
2-03292-0006,63.3
4-04011-0024,55.2
2-02514-0032,76.0
2-03156-0155,106.3
1-02036-0001,76.2
1-02115-0021,66.4
2-02615-0029,72.8
2-02455-0014,76.7
5-02450-7509,31.2
1-00597-7502,51.9
1-00801-0030,24.4
1-00798-0017,14.9
1-00879-7503,60.6
1-00530-7502,151.4
1-00821-0062,52.3
1-00309-7501,75.3
1-00147-7508,131.5
1-00595-0011,44.0
1-01250-0091,66.3
1-00529-0005,58.2
3-00253-0061,10.3
3-05491-0037,85.4
3-02151-0006,52.9
1-02158-0016,88.4
1-01842-0007,93.9
1-02097-0014,33.5
2-03103-0026,22.0
1-00629-0001,173.1
2-02842-0080,99.8
2-02842-0071,102.2
2-02868-0100,14.5
1-01988-0123,94.8
5-02451-7501,15.5
5-01801-0150,34.5
3-08819-0011,47.1
3088200001,30.0
4031510103,72.7
4015470016,127.9
4098300035,55.4
4114510050,15.1
4162300044,18.9
4050057502,56.9
4053280015,78.2
4-00654-0034,15.9
4006540029,93.5
4006540024,78.1
4013120043,81.4
3057920001,95.9
1005900034,131.4
2-04172-0007,100.7
3-01396-0013,70.7
1-00909-0043,72.1
3003550030,56.6
1010200049,77.5
1008880055,75.1
2032550071,14.6
4-05180-7501,34.7
1-01871-0010,92.7
3-05099-0128,109.7
1-01238-0010,85.5
1-00846-0004,29.8
1-01510-0027,19.5
2-03308-0030,77.4
1-01424-0029,77.1
2-05707-0040,15.7
2-03326-0032,15.1
2-03228-0021,78.3
2-03214-0074,88.6
1-00204-0022,84.7
4-03348-0021,84.7
1-02163-0034,88.1
1-02167-0024,19.6
1-02166-0001,96.0
1-01922-0061,193.6
1-02139-0343,75.4
1-02142-0161,78.6
1-02225-0042,103.6
1-02142-0061,20.2
1-02239-0001,55.6
1-02177-0163,82.6
4-00531-0060,56.2
1-01905-0036,63.7
1-01823-0063,53.7
3-02418-0005,49.4
3-05257-0035,64.4
3-04906-0001,67.6
2-03002-0023,69.5
2-02809-0020,70.6
2-02643-0060,96.8
1-00500-7503,33.9
1-00482-0001,35.5
5-02829-7501,44.8
3067800050,103.0
1-00793-0017,52.6
1-00792-7502,53.5
1-01954-0050,105.1
1-00204-0024,110.0
1-02108-0035,82.4
3-06110-0020,125.0
3-05156-0015,78.8
3-05399-0041,77.2
3-00749-0035,88.3
3-05969-0038,91.8
3-05969-0044,88.5
3-06277-0001,84.8
3-06048-0005,88.4
1-01931-0027,103.8
2-02724-0178,72.7
1-00878-0028,71.5
1-01862-7501,22.4
1-01621-0036,23.2
1-01038-7501,40.5
3-02732-0005,25.0
4-01443-0001,75.7
1-01881-0017,12.7
1-01363-0001,30.8
3-06536-0010,35.1
3-05042-0031,77.5
3-01321-0006,127.5
3-01321-0001,90.7
3-06052-0039,90.3
2-02463-0063,84.3
2024630060,26.0
1-00385-0005,225.1
1-01037-0040,97.1
1-01056-0019,119.9
3020957501,62.3
3-02334-7501,183.3
3-02326-7501,90.0
3-03023-7501,16.0
3-01145-7502,21.7
3-04659-0012,90.2
1-01831-0029,95.2
1-02152-0048,31.2
2-03173-0050,19.6
2-03165-0024,95.4
2-03288-0001,60.8
3-05656-0006,119.0
1-00398-0002,56.4
1-02125-0053,20.2
4-00588-0018,27.9
4-00578-0006,90.7
4-00620-0051,81.3
4-00590-0021,22.7
4-00590-0023,157.3
3-02344-0016,64.1
1-01943-0019,102.5
1-01319-0012,53.4
4025460001,27.7
4156100001,113.1
1018230018,89.7
1020320043,58.6
1020360061,73.1
1020390001,98.4
1020460007,67.4
1020460063,52.4
2026620010,41.6
2026690006,76.2
2026690047,83.8
2029030003,82.9
2029340023,28.3
2029847501,65.2
2030460003,86.6
2037760044,73.1
1-01994-0038,86.1
1-01994-0057,0.0
2-03827-0201,104.5
4-03237-0040,39.3
1-01988-0001,4.7
2-02574-0064,3.1
2-03195-0090,6.8
3-02425-0030,6.7
4-00368-0011,39.9
3-00022-0016,40.3
3-04388-0028,18.7
3-05447-0001,68.7
3019667503,42.1
3020960014,52.5
3061337501,82.2
3086690068,98.1
1003970012,175.5
3-04675-0001,94.2
3-00981-7501,54.3
3-04126-0025,131.7
1-00630-0043,68.2
3-00167-0013,68.0
3050520002,10.1
3057310064,74.2
3050520007,203.8
3050520011,8.8
1012270054,119.6
1021340180,122.4
2-04317-0037,141.8
2-02435-0025,83.7
2-02791-0044,86.1
1018230018,86.6
1020390001,93.4
1020460063,49.4
2026620010,47.3
2026690006,73.9
2026690047,81.4
2029030003,79.8
2029340023,24.2
2029847501,61.3
1007347502,67.8
2033350046,64.0
2032540005,69.2
1001750029,20.1
4-02554-0055,87.8
4-02564-0001,31.2
1008637501,108.8
3-00918-0036,59.4
1017860001,70.1
4-03676-0037,101.9
4-03676-0034,91.1
4-03676-0031,101.0
1-01390-7501,341.7
1-00529-0055,24.0
1-01117-0021,18.2
1-01197-0050,77.7
2-02461-0001,76.6
2028310005,85.9
2029720062,83.3
2033180003,68.1
2028750039,72.8
2028090012,52.6
2032930139,73.5
2032150020,63.4
2046000019,206.5
2024810019,19.0
2032130090,84.2
2032130024,82.7
3-05656-0001,131.2
1-02088-0036,48.7
1-02088-0029,164.8
1-02091-0032,96.1
1-02176-0011,82.8
3-00735-0060,111.7
4-00549-7502,51.8
4-01470-0059,96.9
2-02471-0024,16.4
2024560222,192.8
1-02130-0029,80.5
4-00846-0036,68.9
4-05237-0030,74.6
4-00190-0016,64.8
2-02455-0001,108.6
1-00867-0018,91.1
1-00788-0071,39.4
3-05340-0018,60.9
1-01129-0047,60.8
2-03153-0023,163.0
3-00152-0001,23.7
4005650023,176.8
4-06238-0001,153.7
4-00134-0029,82.6
4-06258-0016,84.7
4-09260-0018,11.1
4-08876-0006,101.8
4-00846-0038,34.1
4-04978-0004,83.2
1-00350-7501,17.2
1-01879-0029,83.8
1-00480-7502,20.9
1-00194-7507,36.2
1-00175-7505,137.4
4063280001,37.8
4-03093-0055,81.1
3-02857-0106,38.5
1-01570-0031,7.8
1-01059-0008,9.9
4-09375-0212,1.5
3-01192-0046,0.4
3-05124-0033,120.9
3-05058-0040,59.9
3-05101-0090,103.0
3-07560-0034,79.4
3-06795-0015,70.7
3-07422-0040,84.6
2030710047,36.4
2-03270-0049,14.5
2-03275-0011,18.9
2-03341-0083,85.2
2-03324-0104,70.8
2-03328-0001,42.7
1-01859-0024,56.8
1-01881-0035,150.5
1-01726-0039,53.1
3-05024-0001,74.1
5-00579-0045,78.1
1-01569-0029,6.7
1-00621-0027,9.8
4-00257-0021,355.1
4-00259-0014,7.7
4-15555-0025,51.1
3-02045-0053,28.0
2-03149-0056,100.9
2-02435-0020,109.6
2-02792-0018,91.2
2-02813-0003,106.8
2-02452-0035,102.4
2-03218-0078,93.1
2031840019,104.0
2-03184-0026,114.2
2-03025-0009,122.3
2-02791-0040,96.1
2-03332-0030,15.8
1-01217-0035,119.9
1-01772-0064,31.1
1-02238-0014,59.6
1-01078-0016,88.4
1-01895-0012,31.8
3-00376-0021,57.9
1-00499-0037,48.4
2-04510-0028,73.8
1002110018,87.3
1-01567-0037,48.3
1-00405-0017,56.9
3-06297-0038,92.7
1-01225-0023,12.2
1-00831-0020,55.6
1-01507-0021,41.7
1-00523-0032,64.2
1-01876-7501,60.0
1-01196-0035,25.6
1-01166-0058,70.8
1-01199-7502,85.4
1-01497-0005,70.6
1-01545-0039,12.4
1-01206-0032,11.6
1-01893-0006,14.5
1-00762-0014,47.7
1-01182-0012,21.8
1-01845-7502,68.3
1-00858-0032,87.7
1-00575-0072,67.5
1-02061-0051,69.3
1-01976-0013,60.8
1-00555-0011,63.2
1-00522-0004,58.8
1-00875-0025,76.9
1-00140-7503,87.7
1-00796-7501,127.5
1-00595-0006,32.9
1-02072-0001,19.7
1-02087-0097,41.0
1-00484-7501,68.2
2-04273-0013,80.3
1-02083-0037,62.9
1-02154-0043,84.3
3-07584-0012,94.3
3-05240-0110,62.6
3-05087-0032,12.4
3-06858-0006,67.9
3-05357-0040,57.0
3-05411-0023,76.8
3-05392-0027,58.2
3-05392-0052,59.6
3-01153-0010,12.1
1-02161-0021,40.6
1-02075-0001,67.2
1-02082-0043,55.0
1-00996-0043,53.6
3-06114-0053,83.1
4-00168-0041,63.8
3-01107-0027,119.9
4-01508-0006,91.7
3-05714-0033,102.3
5-00182-0062,59.6
2-04834-0052,29.0
2-04834-0063,54.5
5-03307-0025,14.6
3-06330-0038,89.6
4-01477-0050,98.4
4-01306-0130,76.9
1-00594-7508,60.0
4-00534-7501,62.5
4-00055-0033,86.6
4-00580-0030,85.3
4-00153-0007,13.4
4-00200-0023,93.6
4-03347-0054,91.3
4-01482-0011,100.7
2-02966-0017,119.2
1-01566-0014,41.9
1-00564-0011,59.5
3-03822-0031,77.6
4-16230-0039,94.6
4-04957-0080,64.0
1-02169-0003,89.3
1-02115-0017,54.2
3-06552-0070,70.4
3-06218-0036,80.3
1-00840-0078,57.6
2-03906-0091,70.8
2-02805-0060,100.7
4-09810-0047,88.3
2-02796-0023,86.2
2-02814-0065,88.9
2-03203-0038,76.6
2-03168-0052,81.1
2-03168-0049,79.3
2-04513-0027,98.7
2-03356-0014,81.4
2-03174-0022,90.1
2-03175-0001,22.5
2-05118-0046,23.6
4-09806-0024,37.8
4-09895-0081,84.3
1-00152-7501,56.6
2-03071-0025,101.9
2031730064,264.1
3-00444-0061,34.2
1-01251-0008,63.7
1-01380-0033,45.1
1012710030,65.8
3-01296-0064,23.0
3020680117,161.6
4-03257-0001,76.0
1-01452-0010,58.4
1-00767-7504,57.6
2028050041,87.4
2031610001,91.3
2-04668-0001,75.7
1004830007,69.8
1012890028,133.7
1-01247-0057,19.9
4051057505,47.4
4-09686-0010,121.4
4-10821-0001,108.5
4-09818-0049,185.8
4-09678-0037,72.0
2-05709-0001,252.0
2-03247-0074,78.8
4-06300-0016,194.5
1-00219-0004,201.2
5-04192-0029,221.9
3-03992-0022,270.0
3-07759-0001,211.2
4-16113-0009,142.3
4-10474-0300,171.5
1-00430-0001;1-00431-0001;1-00432-0001,89.3
4-02382-0020;4-02376-0101,35.9
1-01103-0041,13.2
2-02524-0064,45.7
2-03324-0117,99.5
4000260021,28.5
1020990040,10.3
1004250023,70.2
2037360001,38.4
2028610063,50.7
2029310015,58.3
3041400013,73.3
4120390044,48.0
3074377503,79.2
1001790063,30.2
2031820045,105.2
2031710031,88.0
2031640011,96.7
2031150009,124.8
1007950012,54.6
1008220067,57.1
1008230047,108.9
1008280070,56.8
4-02092-0001,55.9
1-01143-7505,67.3
1-01425-0035,80.1
1-01166-0154,50.3
1-01252-0044,39.4
1-01252-0041,13.6
1-01545-0034,89.1
1-00608-7501,82.8
1-00903-7504,49.9
1012750059,46.3
4080590001,73.1
2033480004,53.5
2048310058,86.7
2048260081,106.5
2033280158,96.2
2048270013,125.8
2028140082,80.6
2031700015,93.4
2031960001,110.7
2031540065,17.7
2028270042,49.9
2037440034,55.5
2037440029,66.7
2037440024,39.9
2037440019,60.3
2037440014,52.0
2043370090,53.1
3050420050,99.5
3050530028,52.0
3070890066,89.6
3050800036,73.7
3059280013,94.6
3051700010,113.7
3060340007,125.9
3011760027,109.4
3061310024,77.8
2024650034,31.0
2031620001,92.0
3058740072,114.8
3013120055,81.6
3014220042,105.1
3046370028,108.1
3054030016,119.2
2048250068,80.5
2049940011,21.5
4094830021,101.6
1020760053,27.2
4103430319,5.6
4103320006,44.3
1014600005,5.1
1013790056,74.4
1012270043,11.5
1021370001,184.3
2032490206,105.7
3019520033,54.2
2025230150,41.1
1015350042,80.9
3022130009,52.5
1005757502,63.4
1006990014,10.2
3002650017,80.0
4033200011,64.8
3-00413-7501,38.8
1-01039-0007,24.3
1-01395-0010,68.8
3056020030,85.4
1-00806-0013,125.8
2-03379-0050,84.1
3-05214-0024,70.2
3-05246-0006,78.6
2-03280-0013,87.7
2-02805-0016,74.6
2-03281-0018,92.8
1-01931-0006,78.4
4-01937-0001,43.7
1-01014-0033,56.0
1-00192-0001,175.4
3-07279-0153,16.0
2-02690-0063,98.6
2033310026,87.5
1-01253-0045,60.8
3002660001,239.2
5001770041,62.5
1010180020,99.8
1010120038,103.5
3019940053,102.7
2022650001,78.6
3009300003,60.8
4093290075,184.9
2-03646-0001,33.6
3-03331-0036,83.7
2-02878-0156,84.6
2-02290-0110,84.7
2-02878-0190,81.2
2-02623-0001,145.6
2-02623-0060,19.0
5004880053,212.9
4053370039,28.7
2047430008,189.4
3001930050,40.0
3-06116-0001,93.6
4052770025,51.6
4045170009,32.1
3-06867-0036,119.8
4003860033,86.3
3018770035,32.4
3026580026,29.3
3024790028,105.0
4-02538-0014,50.1
4-09802-0058,135.8
4-02750-0055,19.6
4-02633-0011,6.9
3075480024,14.0
3075480020,250.9
3075480015,15.0
3067210053,105.7
3038860119,110.6
3013740021,102.8
3067430001,99.8
3024447501,51.4
3025710001,31.2
3023870007,95.4
3023870002,61.6
4002670009,51.6
3-01293-0038,62.4
3-01226-0015,72.7
3-01300-0021,87.1
3-06933-0055,79.1
1-01722-0033,55.8
1-01431-0013,67.0
4020790001,48.8
4076100008,184.4
4022680023,131.0
4001640001,201.6
3024420011,46.9
3023750016,51.6
3009670001,61.3
1012890028,12.6
2032970028,97.0
1019887502,51.1
3063700023,79.5
3056920001,68.9
1007720045,160.5
3063150027,98.3
3087910224,102.7
2032140030,76.4
2032150001,83.6
2033180056,26.8
2028000072,99.7
2028910064,31.7
2037440039,131.2
2033570001,137.8
3056290030,89.2
3076180042,70.3
2028410070,109.7
2031500003,26.2
2028420038,93.7
2032160021,104.2
2028400018,90.0
2028610005,81.0
3061200023,71.9
3061110014,77.8
3061260036,76.3
3058710058,86.1
1008497506,92.8
3067827502,63.6
1008180058,57.4
1002347501,54.2
1005420011,74.1
1005310027,52.6
1005957503,53.0
1004980015,52.9
2023090012,47.1
5002307501,55.5
1021120015,67.3
4050057501,46.3
3012660001,78.7
1015520029,145.2
1011290064,55.8
1005947509,63.3
3010030038,52.5
4006620041,128.2
1001070028,60.8
4001340039,79.5
4014850051,78.4
4014940029,117.9
4013040021,53.5
3021060024,86.0
4033240050,33.3
3039660001,12.1
1-00764-0062,72.8
1-00765-0070,29.0
1-00571-7505,86.1
3026660201,6.7
4026110158,57.5
1014550008,425.2
1-00594-7511,51.8
1-01538-7501,99.9
1-01029-0027,82.2
1-00530-0062,47.3
1-01427-0007,59.6
1-00629-7503,51.0
1009270038,57.2
1013147503,194.1
3-02460-7501,21.0
3-04043-0001;3-04027-0001;3-04044-0001,65.8
1-00457-0001,93.4
2-03121-0038,61.8
1-01726-0025,82.5
2-02926-0023,18.2
2-02930-0070,81.4
2-02930-0066,63.7
2029900022,133.9
2029980014,110.4
2026900134,88.7
2026210032,75.5
2024530061,61.8
2-02459-0034,80.7
1-02155-0068,107.1
1-02155-0091,87.7
1-01036-0021,108.4
1-01253-0038,37.0
1-01154-0156,16.9
1-01154-0206,20.5
1-01154-0158,480.9
1-01154-0160,16.0
1-01154-0202,19.0
1-01154-0162,14.2
1-01842-0032,118.3
1-01021-0052,167.8
3-00381-0041,2.8
1-02031-0023,102.0
1-01873-0063,75.7
1-01253-0013,89.8
1015690035,73.0
3005760024,55.2
3005760012,43.7
1019087504,57.9
1018207502,85.8
3005970009,54.4
1007980026,59.7
1007467507,49.5
1019147502,64.2
1004757503,71.6
1016457502,44.8
1001337501,43.5
1018267503,37.1
3045410005,48.4
3045220031,31.9
3044290001,55.8
3045420020,21.6
3045410023,70.3
2032530020,99.1
2028240015,78.1
2043470001,99.2
2032130063,92.6
2033080077,84.2
2042510041,86.0
1008280059,55.2
3-01091-0035,67.9
2043220038,20.2
2043280011,85.3
3001550010,59.3
4-00214-0238,64.3
3-02307-0027,43.7
4-09674-0007,70.9
4-09693-0038,96.4
4-10823-0031,21.4
4-10820-0083,84.4
4-10820-0001,64.0
4-09761-0048,70.4
4-09814-0001,77.6
4-09827-0008,66.3
4-02474-0021,85.6
4-09762-0039,68.6
4-09755-0001,84.8
3-05086-0008,37.5
1-01026-0012,93.8
1-01303-7502,104.9
1010000007,45.3
4-11600-0026,114.9
2030340052,30.5
1-01246-0058,77.4
1-00796-7503,23.0
3-00026-0050,112.5
1002307503,82.6
4-04789-0086,69.8
4-00578-0001,69.0
4-08092-0028,85.4
1005630031,67.0
1008250009,45.3
2-03318-7502,50.0
3052250034,76.8
3079810020,76.2
3070710019,54.4
3068210214,109.6
3038330006,58.7
1-00860-0027,14.2
4-15574-0036,25.0
1-01200-0019,42.5
1-01672-0017,55.7
4004110031,5.3
2029830023,94.0
1015300015,71.3
1020800059,124.4
1008360033,54.4
4053120001,41.5
4053100001,104.3
4053110001,50.7
2029980135,103.2
1018700005,68.3
1015850008,141.7
4001040017,0.2
4003050017,0.0
4015180083,144.7
3086820036,70.8
3066260036,102.7
3051230038,85.8
3066550006,86.0
3065510006,71.6
2050340028,79.0
1021100024,79.0
2048350054,84.9
1020020057,64.9
1019940043,87.8
1018870019,82.6
1018720011,84.3
4028640021,108.2
4024767501,86.2
1015200025,15.5
1002430080,130.1
2057810992,110.9
2032000020,135.8
1015090006,72.6
1015210007,53.6
1013110028,50.9
2-02683-0043,111.9
2-02762-0037,14.9
2-02762-0045,73.9
2-02762-0051,83.9
2-02762-0149,109.1
2-02763-0155,21.3
2-02763-0158,85.4
3-00736-0023,38.5
4-04995-0034,65.7
4-05104-0027,110.7
1-00537-0026,71.5
4-09664-0001,71.0
2-03171-0037,114.3
2-03172-0028,56.9
2-03237-0108,83.0
3-00782-0056,70.0
3-00395-0059,121.6
3-01048-0001,88.7
2032690001,200.6
2051410394,153.8
3074380001,243.3
4036750010,244.2
5024400002,163.0
4038860380,199.0
4160810045,238.4
5039830130,115.5
5015440120,238.8
4161660434,275.2
4059000002,326.6
4141480001,228.0
4129990220,242.8
3020020001,146.0
4044060032,240.5
3069970300,251.8
5010520001,236.5
3-05086-0037,91.9
1-00411-0045,85.3
3-01275-0066;3-01275-0064,58.3
3-01321-0061,59.8
3-05086-0027,58.2
3-01412-0017,80.5
3-01963-0025,63.3
1-00773-0056;1-00773-0027,76.5
2025310001,93.5
2-02845-0047,68.5
2-03282-0065,70.6
3-02482-0026,68.6
5-00169-0001,93.1
1020700039,78.1
1-00902-0051,81.9
2-03197-0005,84.3
2-03343-0001,28.1
2-03346-0017,64.1
2-02876-0174,77.5
3-03511-0072,17.9
2-02879-0075,102.7
2-02879-0149,14.9
3-01363-0068,129.2
3-01595-0061,38.2
3-03533-0031,16.7
3-01399-0039,167.5
3-01595-0066,117.2
3-01399-0034,48.9
2-02877-0453,106.0
1015160030,31.9
4-05386-0020,97.8
2024560016,118.6
2024560095,97.3
2025100040,102.2
2025100010,114.6
2025060024,98.9
2025100017,78.0
2031420009,81.0
2031570001,88.7
3062770006,82.3
3062890006,83.4
1008060054,30.6
1-01576-0037,84.4
1-01523-0050,59.7
4030977505,89.1
4098070073,82.4
3065580008,99.7
3056920004,74.0
3056770025,89.9
3055800006,76.1
3063350029,75.1
3067950028,85.6
3067810050,65.0
3074650040,74.2
3056570007,74.9
1021660061,77.2
1021700365,105.8
1021360175,67.1
3065860006,80.5
3-06297-0006,86.1
2032830091,82.6
4-08490-0002,130.0
4-08441-0001,123.9
4-08517-0002,64.7
4-08492-0002,102.5
4-08446-0001,112.0
4-08535-0002,108.1
4-08515-0002,114.9
4-08442-0001,103.2
4-08511-0002,91.4
4-08450-0001,136.0
4-08447-0001,135.5
4-08440-0001,100.5
2041770030,73.8
2033280152,90.9
3-01112-7502,39.4
1-02137-0115,52.9
4-00651-0005,79.9
3009890044,34.7
4-00548-0016,100.1
3-00942-0058,39.2
3-08815-0530,62.0
1-00497-0012,37.4
1-00822-7504,74.0
1-00561-0009,61.3
1-01838-7501,65.9
1-01010-7502,92.0
1-01390-7504,82.2
1-01907-0045,77.4
1-01681-7501,59.3
3-01025-0026,39.6
1010197501,168.0
4012140053,29.0
1-01911-0061,60.5
1-00828-0022,98.7
3-00171-0049,54.8
1-01839-0018,37.0
1-02142-0006,70.0
3-01172-0001,82.8
3-00178-0016,74.9
3057270010,70.6
1011710164,39.9
4018910001,55.9
4073270028,76.2
4115600001,96.8
4019840001,47.6
4041670001,80.1
5005430017,47.5
2037330005,68.6
2032500073,72.8
1-00092-0024,27.2
2-02746-0040,20.6
2-02703-0001,87.0
2-02732-0031,14.9
2-02703-0021,71.0
4-00641-0004;4-00641-0009,79.2
2032130037,116.0
2032890053,75.5
2024770011,96.0
3054480058,61.9
3053800001,69.1
3063190001,75.4
3056780001,76.7
3054710001,58.2
3054650021,69.2
3051220062,91.1
4-06205-0001,95.4
4-05010-7501,101.8
4-03169-0031,29.9
4-00341-0001,74.1
4-01492-7501,151.8
2-04226-0040,5.0
2-02319-0055,11.5
2-04805-0001,186.5
4-09991-0001,15.8
5-01208-0010,4.9
2-02864-0035,1.7
2-03269-0026,38.8
2-05244-0001,3.7
2-02349-0003,7.1
4-00223-0001,7.0
4-10319-0001,12.5
2-02288-0057,22.1
2-02984-0010,5.3
3-06947-0600,2.9
4-10352-0108,6.0
2-03646-0067,6.4
3-04367-0001,6.8
4-00392-0010,8.1
3-03951-0042,9.8
3-00967-0024,17.3
3-05109-0025,21.5
4-12516-0057,3.2
3-03719-0001,4.1
1-01064-0051,14.3
2-04014-0001,9.3
3-01125-0040,12.6
2-04257-0008,8.4
3-02019-0001,8.4
2-02991-0052,16.1
2-03709-0005,13.6
3-01399-0100,67.1
3-01122-0032,100.9
4-09330-0018,24.6
1011180036,53.0
4015480006,61.3
1012110135,76.6
1002230021,48.4
1012797501,45.1
1003847503,108.5
3065140070,21.1
3-07554-0038,103.2
3-01059-0055,50.4
3-01060-0008,55.2
1016600038,50.8
1016810031,27.9
1011050036,125.9
1-01228-0008,169.6
1-01148-0021,70.8
1-00569-0003,71.9
4055180001,61.3
3024830025,47.8
1001757501,49.2
3-05375-0072,102.5
1-01491-7501,55.4
1-00483-0013,66.9
1-01138-7503,51.3
3007840010,128.1
1-00484-0003,67.3
4-00704-0027,71.7
4-00195-0001,70.3
2031110071,42.3
2029540029,90.6
1-01915-0001,5.8
3-00769-0011,71.0
3-07558-0063,113.9
3-03590-0011,130.9
2-02839-0041,87.6
1-02120-0001,119.7
3-07055-0013,30.1
2033190016,83.9
2033750059,52.5
3058900043,61.8
3068640037,61.0
2043410075,98.9
2-02838-0004,77.6
4049800014,202.9
1003040021,154.1
4-10353-0085,71.7
4-00119-0085,90.2
3-07728-0001,81.7
1-01968-0016,50.2
3-07949-0295,140.8
1-00715-0059,29.5
1-01231-0047,114.7
1006460019,93.0
1021390229,62.8
3-02309-0017,35.1
4-01211-0022,62.8
4-00579-0016,48.2
4-01600-0086,22.4
4-01600-0130,15.9
4-00450-0002,75.2
4-00734-0047,62.4
3-02514-0033,14.1
1-02040-0021,61.1
4-05301-0033,97.7
1-01552-7502,90.8
3-02927-0168,102.8
4-01078-0001,34.2
4-00292-0001,95.4
3-02974-0170,43.4
4-01016-0565,96.0
1011240018,145.7
4134060028,47.3
1-00177-7501,65.4
1-01392-0046,301.6
1-01392-0028,128.7
1-01248-0025,29.8
1-01166-0001,56.0
1-00754-0021,82.2
3057157501,59.0
1013277504,39.6
4-01238-0040,92.5
1022150042,65.0
1019960023,10.3
1019960023,4738.9
1019950031,69.2
1-00634-0023,66.9
1-00521-0071,66.5
1-01185-0032,72.4
1-00716-7502,26.0
1-02179-0112,85.6
1-01210-0037,84.6
3-00211-7501,63.8
3-01916-0001,50.4
3-00961-7502,59.9
1-02139-0523,63.7
1-00821-7503,195.8
3-00219-0005,42.1
1-00893-0002,101.0
1-00801-0014,38.8
1-00804-0057,73.6
2028790170,90.5
1005590009,95.4
1012100012,73.4
1004520002,49.1
1019300030,60.8
1014220048,52.6
1009190042,73.2
1009160041,74.3
1012350042,82.8
1008370036,57.8
1010360028,84.5
1013420012,74.5
4012600035,80.1
1008360035,52.2
1012840056,71.3
1021420022,82.5
1021420030,98.6
1022340020,90.4
2025850001,590.1
1018730031,76.7
2024610007,60.8
3011240037,59.4
4084010600,73.3
4051210050,90.1
1019110061,69.4
2035150040,49.6
2033040069,77.0
2033010001,96.6
2033000029,72.3
2033000047,94.1
3086880079,61.9
3050970095,84.3
3065920006,81.5
3087150068,80.2
4014850037,100.7
1021270029,78.1
1008820008,71.3
1004350045,91.4
1008860062,67.5
1021800082,61.5
1006180042,64.5
1011690057,134.5
2044290006,100.5
1021390175,39.0
1012290006,57.3
1021420050,57.3
1020500007,80.9
1020500015,27.7
1014480045,62.0
1020630054,15.9
1020630057,185.6
1020500113,13.0
1022410002,73.0
1021150062,112.0
1021190001,99.4
3009280013,57.9
1022220045,82.0
4-09757-7501,44.2
4-09712-0146,79.7
4-03155-0019,80.8
4-03104-0108,72.7
4-05044-0063,87.3
4-05182-0009,69.4
4-07117-0189,55.2
4-03104-0092,38.1
3053630061,95.0
1-01538-0021,81.8
1-00858-0045,119.2
1010290023,157.1
1005290003,52.3
1-01245-0061,82.1
2-05851-7501,45.9
3-03875-0054,110.8
1006077503,90.9
3-00420-0045,48.8
2-02892-0001,74.7
4050410067,85.5
1-01829-0050,47.0
1-01829-0038,42.8
3007710150,22.3
1008430045,74.2
1006310030,64.1
1006920023,39.6
1006920019,40.7
1006920015,33.5
1009990054,40.6
2023270064,45.6
1008200029,150.6
1008610052,70.5
1011320020,74.6
3011580037,61.2
1-01614-0069,61.8
1-00928-0009,24.2
3-01503-7501,38.9
3-01507-7501,42.3
2-02844-0038,105.1
2-02844-0021,94.5
2-02847-0029,128.3
2-02845-0070,85.6
2-02845-0027,88.2
2-02845-0077,78.4
2-02847-0063,83.3
2-02845-0017,93.7
2-02845-0020,77.6
2-02845-0007,26.0
2-02845-0001,106.6
2-02843-0079,104.3
2-02846-0061,26.9
1021310008,18.8
1-00308-0016,17.5
3042340017,81.3
4-00320-0010,51.2
4-00325-0042,3.2
1020750023,71.4
4-00229-0039,58.1
3020100010,35.2
2-03341-0030,53.3
1-01851-0001,53.2
3017130007,54.4
3037050016,42.8
4035900042,12.5
3062140056,98.6
3032747501,32.4
3-00858-0001,127.8
3-08668-7503,42.9
1001897508,37.0
1007927505,56.7
3030290061,23.5
1018770025,65.0
1005140010,59.8
1-02002-0042,89.2
3-02945-0018,11.3
2033540005,74.8
2033000039,79.6
3067827503,48.0
5000010250,26.8
1002330004,85.4
4001310009,64.6
3-05731-0054,59.6
1015077501,68.9
4-05180-0015,68.3
4-05042-7501,64.0
4-05019-0101,57.3
1002710057,33.0
1/00795/0010,37.4
2-02319-0098,24.8
3-06437-0021,26.3
2028280024,63.9
2031210014,63.2
2023820037,60.4
4/02602/0180,5.0
4023740106,114.6
1-01772-0001,19.4
4116390022,50.8
2-02421-7501,59.3
3046150036,101.0
3045960043,116.9
3046490006,102.1
3011810036,75.8
3048180001,88.5
3046420029,81.0
3046660037,79.5
3011870044,82.5
3046500046,90.7
3046950037,62.2
1020790007,89.1
3062050001,35.1
1002630008;1003210001;1002660065,77.7
1002630008,82.1
1003210001,70.0
1002660065,201.0
2-02614-0043,82.5
3006437506,47.4
3048700033,84.3
3050830110,96.8
1007880064,55.5
1-00819-0050,70.9
1011390008,75.8
3-04452-7505,63.5
3-04452-7504,74.2
3-04447-7502,49.7
3-04447-7501,51.7
1-01014-0058,76.9
3-06518-0059,80.2
4-03322-0001,72.4
1-00805-0075,56.5
1-01458-0044,65.4
1-01471-0013,90.3
1-01446-0005,96.4
1-01577-0045,47.5
1011970046,41.2
4-06284-7501,52.6
1-02115-0014,110.7
3073257501,40.2
1004977503,25.8
4061720006,56.3
2027350020,114.6
4004470013,47.0
1020710015,77.4
4004470030,32.2
4026110121,12.1
3071040258,71.2
4066300015,98.3
2032790016,69.8
3011550088,58.5
4066300030,114.2
4014337501,11.8
4099440001,129.1
1008590077,8.8
1018720037,8.5
1018730027,7.5
1000920034,8.7
1010650025,7.2
3062417501,26.5
1015270009,57.0
1013470014,56.6
1015850036,17.7
1006220056,92.5
2033270126,45.2
2-02720-0041,100.5
1-01230-0008,58.3
3-06666-0037,22.1
4001190115,49.3
1-01218-7501,57.0
1-01206-0029,59.9
1-01299-0033,69.6
2026980084,62.8
2046280001,65.8
1021390161,44.8
3067210065,39.2
3076200033,56.4
2032560190,88.6
3-07594-0022,47.5
3-04622-0036,109.6
3-06621-0006,69.6
3-00087-0005,33.3
2029910005,51.6
1-01293-0035,69.5
1021370065; 1021370058,92.7
1021350013; 1021350017; 1021350020,90.8
1021420073; 1021420066,81.7
1007950037,117.1
2-03326-0060,99.2
2-02432-0001,121.0
2-02463-0016,93.9
2-02514-0025,101.0
2-02463-0030,68.3
2-02768-0137,15.7
1000080051,65.6
1013750049,35.8
1-00544-0045,69.2
1008740073,73.6
1022480012,96.7
1005920082,72.6
1007920012,72.5
1006110027,56.9
1006180028,72.4
1015350007,83.5
1006180044,11.8
1018700042,88.3
1011820029,92.1
1018700043,79.1
1007660071,89.2
2032850015,18.7
1006290029,151.0
1008930066,54.6
1015530016,102.3
1014370032,54.9
4012900049,115.4
4012900029,110.2
1014680039,87.3
1005910040,117.6
4030850055,83.3
4014920032,104.7
4092340034,111.6
4106980006,86.5
4105420103,102.2
3013140036,32.8
1-01272-0056,88.4
4-01918-0084,118.1
4-03164-0054,53.1
1-01391-0002,58.2
1-00175-7503,66.6
2-02807-0035,114.4
1021720100,78.5
1020980043,77.6
1020500118,15.4
1021110064,80.0
1020510020,87.3
1020510035,80.1
2044260005,71.0
1022390021,66.7
1021420202,74.8
1021390312,76.4
1010860031,147.3
1015220041,162.4
1007400037,113.0
1020750011,172.4
1020750008,13.3
1020660029,180.1
1020670043,103.7
3010537503,64.2
2024720028,116.3
2024560244,84.4
2027940062,114.3
1005640004,73.2
1014290041,77.3
1021800450,100.1
1012400024,76.6
1018890072,52.9
1018937501,59.6
1018910011,65.8
1021710012,84.3
1021790489,85.0
1018940067,64.5
1018967501,63.3
1012420062,59.4
1009390028,68.6
2026530028,58.3
1017290052,96.7
1020860054,54.4
3011730067,74.6
3026390007,75.9
1012130058,68.7
1005007502,56.8
1018207501,50.2
1021710105,81.0
1012160016,69.6
1021790258,19.8
1018740037,15.1
1022430354,96.9
1018820038,75.1
1018830025,98.9
1017247501,87.0
1021390316,95.0
1012070006,91.8
3051010044,110.2
3051230016,67.9
3051230019,77.7
3051230022,88.1
3051620020,67.9
2026090043,98.4
1019080001,109.8
2028760065,21.2
2028760067,127.0
2039990001,90.1
2056437501,46.3
2028080096,93.1
1014240041,61.7
2030500008,91.2
1012530004,52.4
2057030165,92.4
2032670056,121.4
1016807502,58.7
1020830026,89.8
2058600230,64.6
1019080060,37.4
1015570052,4.0
1007760012,7.9
1007750064,43.9
1005440005,26.3
1021520072,45.9
1020510043,229.4
1020510045,11.7
2030950007,89.0
3014990020,78.8
1018240014,64.4
1020730020,142.5
2026030150,105.0
2026030026,100.2
2026220040,22.6
2026030208,109.1
2026030030,85.4
2025050003,65.1
2028260024,81.5
2027850056,74.0
2027850054,109.4
1022150407,86.4
2028290062,79.1
1020290039,89.4
2028400014,107.5
2025500044,100.2
2032250136,67.9
1022500023,122.0
2025500038,89.7
3019740051,68.1
3016830085,64.3
2028390018,98.9
2025540044,78.2
1021170034,125.3
1021590012,82.3
1021590025,108.8
1021610064,104.4
1021610060,100.6
1021610055,104.0
1021570091,106.1
2025500010,90.5
2026830039,92.4
2026030020,104.4
2026030022,66.7
1020990011,70.6
2026830090,88.5
2026030165,97.2
1022390037,129.1
2025680060,85.0
2024030035,82.7
2026300051,105.3
2027460007,89.0
2027120028,128.2
2027080001,110.5
2025070029,111.3
2028720040,124.0
1021690012,100.1
2050470023,118.5
1022360017,130.2
1020530058,92.3
2029470040,74.1
2027620280,48.8
1004767502,55.1
1004537501,55.3
1012450070,102.1
1014227501,90.8
1021360050,93.6
1011470059,82.2
1018267501,88.4
2030800041,82.2
2030800004,130.8
2031490061,95.4
2031990062,103.1
1005207501,95.4
1011170016,97.8
1011860084,65.7
2033470043,82.0
2033520001,62.2
2057987502,75.8
1015710008,47.6
1019490018,90.9
1020810014,86.8
1021800032,95.2
1018890061,65.0
1016540029,118.7
1020540089,118.8
1020540096,157.8
1020530101,115.4
1018280030,83.3
1001807502,68.1
3054007501,63.5
2031340009,114.9
2031990066,110.2
3073210066,80.8
2033230032,86.7
2033060018,56.3
2033070058,55.0
2032980016,74.1
2033070053,89.2
2033070007,100.0
2033070084,75.8
2041960030,74.6
2041780005,82.3
2048190034,111.0
2048280026,84.8
2048280031,86.6
2048220001,29.8
2050430001,79.4
2033270063,78.9
4005400040,105.7
4125290238,23.3
2033280046,71.2
2032180052,101.0
2032180054,96.7
1010430017,100.0
4005500010,95.0
4125290239,45.7
3023220028,31.7
3023220010,68.1
1020650026,13.4
2043920040,48.3
2-02840-0008,89.1
1-02069-0008,21.0
2-02802-0014,38.8
2-02802-0017,181.6
2-03173-0005,94.4
2-02457-0007,101.9
1-01993-0047,59.2
2-03713-0037,104.8
2-03717-0032,126.9
2-03713-0043,106.7
1009437501,94.9
3-03056-0035,41.4
2-02859-0001,91.5
2-02841-0025,81.4
2-02845-0045,21.1
1017090016,8.7
1020270024,4.5
1020360049,22.3
2048260043,63.9
5-01003-0014,115.6
1-00997-0023,40.1
3011550054,36.6
4-03349-0039,77.9
3050820003,107.1
3-06126-0052,55.6
3-08772-0022,110.5
3-06379-0065,65.0
3-02268-0001,86.2
1-00778-0070,90.7
3-05628-0008,61.1
2-05141-0394,131.1
3014010043,70.1
3013260015,73.2
3013050072,66.2
3-03825-0021,140.0
3-00964-0047,58.6
1-01519-0067,43.4
4026110480,248.4
2026790001,414.0
4124940008,142.7
3-02438-0020,109.5
3-02417-0039,69.4
4-09194-0007,103.9
2-03281-0077,79.0
5-00011-0020,120.3
1-02142-0045,108.8
3-05120-0012,79.1
4-01558-0026,83.2
4-03100-0018,69.0
4-02116-0043,59.1
2-03225-0148,14.6
4-05181-0006,125.7
3-05162-0026,62.5
3-01318-0001,76.7
4-09715-0220,83.0
3-06653-0006,71.3
4-09223-0034,102.3
4-01786-0017,117.8
3-05389-0067,86.9
3-04660-7501,19.4
1016447501; 1016440043,66.2
4-01679-0001,101.1
1-01211-0056,72.8
3-05917-0016,74.2
1-00397-7503,51.1
1-01171-7510;1-01171-0164,64.9
3-08807-0135,93.7
3-07198-0006,71.8
1-02088-0074,55.8
3011047504,40.1
1008910023,68.6
3000200021,31.1
4008580005,39.6
1012440046,177.3
3052370028,9.2
4002100022,63.2
2044360027,55.8
2045700032,71.5
2-02505-0040,82.6
1-01426-0035,75.2
1002387502,54.2
2-02805-0065,79.5
2032480140,55.0
3032290033,34.8
3087070375,43.2
1008380062,54.7
1008160062,53.1
4106020034,35.4
1-01559-0033,81.0
1005620024,38.9
1010277503,45.6
1-00813-0016,68.1
1014010032,85.0
1-02038-0055;1-02038-7501,54.1
2032630235; 2032630067,108.0
2032520052; 2032520143; 2032520209; 2032520340; 2032520361; 2032520237; 2032520135; 2032520117; 2032520276; 2032520287,93.7
1019630006,40.4
3073780078,92.4
3052330044,84.7
3051740008,80.2
2046410010,86.6
3053280037,85.0
3074580036,76.1
3056280001,79.2
1008390021;1008397503,118.2
1-00842-0042,73.1
4002520001; 4002520018,61.0
3074590065,31.3
4079140055,73.9
4014337501,41.2
4004250005,12.8
2-04905-0360,110.3
2-02944-0001,104.7
1005300046,53.6
1022150465,119.9
3019050001,76.6
3019050080,91.1
1005470019,0.1
1-02179-0106,68.6
1-02139-0170,60.5
1-00128-0026,6.8
1-00486-7503,66.7
3-05938-0040,72.0
4-00013-0105,38.8
2-03263-0185,71.4
1-01171-7506,122.4
1-00699-0033,78.8
1-00697-0042,39.7
1-00697-0047,53.6
1-02229-0001,64.7
4005967501,78.2
4033320013,68.9
4048070041,103.0
4048070049,84.6
4026100336,42.2
4043020050,77.2
3005070050,18.0
1008440019,50.3
3048850054,71.7
3033230064,65.3
3050240023;3050240026;3050240019,115.6
3050240019,15.1
3050240023,345.4
3050240026,13.4
1-01499-7502,55.2
4-03316-0010,75.8
1-00631-7503,46.0
3-01015-0043,47.4
1-01547-0049,126.5
1-00570-7503,59.7
4-03258-7502,37.0
1-01343-7503,86.5
2-03329-0085,51.7
3062520042,76.0
3013930066,63.4
3013280006,58.7
3013210034,58.7
3046710030,78.3
3054110007,86.9
3013720072,77.4
3-01372-0076,57.9
3076170063,76.6
3-01401-0017,65.2
3-01401-0021,59.6
3076020035,71.9
3066650040,22.2
3066650034,82.2
3-04651-0036,66.9
1000330001,79.3
1001740005,33.9
3-06078-0010,79.5
3-01118-0002,55.3
2057917501,60.9
3052680018,72.8
3011070033,85.3
1005637501,60.6
1004820003,37.8
1010810101,38.2
2031510014,99.0
2054190127,137.7
2041700046,152.1
1018670059,57.0
3017637506,51.6
3046680036,77.2
3077220029,94.0
3048960003,64.0
3047160059,70.4
1021740131,84.9
1021750202,106.5
2030680055,86.9
2027850020,97.1
2028160045,25.4
2028290042,93.8
2032250072,78.4
2033280181,103.5
2031890020,106.9
2032060066,124.1
2030580001,130.7
2024710015,124.1
2024530022,113.5
2028090001,87.7
2032130074,92.1
2032140082,94.9
2033160026,77.2
2033170043,111.4
4089300098,122.8
2033560104,82.0
1020840053,66.1
1008677501,38.3
1006967502,48.4
1011250062,99.7
4097940036,87.9
1015120044,113.1
1015530045,87.4
1006160027,45.8
1005620044,70.9
1006090053,68.7
1008790070,66.5
1006140061,82.4
1004680046,63.0
1021590029,136.9
1012710012,89.3
4003650003,64.4
4000980011,15.3
2026420040,84.5
2026760075,101.2
1019690001,21.9
2028760073,77.8
1019680031,18.6
1018220024,97.9
1020010055,99.0
1004650055,178.5
1004510006,94.2
4033460001,102.4
3078480015,64.8
4021490001,95.1
3067660022,96.2
3051430084,90.3
3054180006,78.8
4125290228,60.0
1021790466,50.2
4003870031,121.5
4161310010,114.7
4076440033,441.8
2033530001,121.3
1021530036,80.1
1021620068,136.0
1004130051,40.6
1017747503,44.7
2039260024,49.5
2039260031,59.8
2039850033,82.8
2032540065,89.3
3075990059,79.0
5028730034,30.9
4001150249,12.8
2024880031,85.7
3012430021,72.5
3067120086,83.5
3050730056,69.6
3050720017,92.1
3054890025,83.6
3051240045,76.5
3051240018,85.8
3051360039,75.4
3-04837-0080,49.7
3-01766-0047,136.1
3-01542-0037,85.1
1011830035,53.9
1014520006,34.2
2-02526-0006,70.3
2-02661-0058,120.2
2-02372-0011,79.4
2-03335-0041,92.5
5-00620-0300,528.0
"5-00620-0001, 5-00620-0100, 5-00620-0200, 5-00620-0300",183.5
1-01872-0061,52.9
1017540020,14.3
2-03293-0039,86.2
2-03209-0045,92.6
2-03130-0020,540.1
2-03131-0020,108.2
2-03179-0047,87.2
2-03130-0020,88.4
2-03136-0001,69.0
2-03291-0016,76.7
2-03291-0008,66.9
2-03291-0024,52.5
2-03213-0014,96.5
1-00209-0034,27.3
3053400022,62.3
2-03179-0060,70.9
1021570042,85.4
2032210024,63.5
2038920001,25.7
2038710030,173.6
1017830005,79.6
1017220022,25.9
2040450029,60.6
4-00409-0027,7.9
3021310001,99.6
3014060050,134.5
3051730026,91.2
3052060037,97.4
3024520019,105.0
3052060025,86.5
3075540043,92.3
3024490001,105.9
3053590049,85.1
3012270044,86.1
3021570037,72.8
3012900001,126.0
3050600039,78.3
3012900073,71.3
3014180007,77.7
3046310038,119.5
3013040124,67.5
3047960022,83.3
3051250084,84.3
3046890025,113.3
3012920039,81.3
1-01303-0046,81.2
2-02362-0001,41.1
2-02383-0039,79.7
1-01770-0050,115.1
3-01864-0044,85.4
1-01829-0026,64.7
3-04588-0083,80.7
3-05128-0034,96.1
4-03545-0081,93.9
2032480173,65.5
2027460001,28.9
2024560088,19.9
2025250020,118.0
2028670118,117.5
2028680098,81.8
2031840012,85.1
2032870077,87.8
2032870081,111.0
2032920051,58.2
2032820036,89.4
2028260097,117.5
2030100025,88.6
2028440050,96.5
4049490023,26.9
1-00811-0047,42.4
1-00838-0070,78.2
2028240062,71.7
2027940042,95.5
2028240051,90.3
2041780010,96.8
2028210068,107.7
2033230001,76.6
2028260062,79.5
2033290010,79.4
2033290020,99.6
2031290010,97.0
2031290015,103.4
2031290018,97.0
2031290021,101.9
2038630033,120.1
1021360060,73.3
1021270015,139.3
1020900021,73.5
1020880043,115.0
1020600031,227.4
1018210064,97.0
3050770021,69.6
3013300014,55.2
3050530038,73.6
3051010093,59.3
3051000080,58.4
3050050020,86.1
3-04693-0045,125.7
3-04693-0066,146.4
3-03621-0015,102.5
3010890007,80.8
3031670026,22.2
2-02320-0011,73.8
4005760001,77.8
4006150069,193.0
4005920047,61.2
1010680003,84.7
3-02432-0025,62.7
3-02431-0025,83.2
3-02407-0026,130.6
3-02419-0012,122.0
3-02439-0001,104.6
3-02394-0020,99.7
3-02424-0032,145.7
3-02418-0018,82.3
3-02408-0001,90.9
4026780001,9.6
1-02051-0054,32.8
1-02051-0054,54.1
1-02051-0054,14.4
1-01210-0026,67.8
1-00799-0035,62.6
1-02096-0026,90.6
1-01826-0022,64.9
1-01737-0025,521.0
1-01737-0025,45.6
1-01737-0025,26.7
1-01737-0015,27.4
1-01737-0059,25.3
1-01737-0001,26.4
1-01737-0069,25.7
1-01043-0046,81.9
3-00816-0042,55.8
3-00816-0042,67.1
3-01296-0008,56.4
1-02201-0009,92.5
1-01532-0001,78.3
1-01851-0008,75.2
4-01566-0021,22.3
4-05101-0061,71.3
4-05040-0027,81.7
3012810040,72.2
3087160038,72.6
3020110007,68.5
3011850027,53.2
3011760001,68.8
3011760042,75.7
3050610001,73.6
3011760005,74.3
4015080027,81.7
4015080022,85.3
1012390052,191.5
4015310021,22.8
4022640058,37.1
4012930001,32.0
1007220037,80.1
4001680036,142.5
4005770036,12.3
1004607502,68.6
1008227503,80.3
1004940015,74.1
4014560035,67.5
1-00759-0026,99.5
1013187502,53.4
1006460057,54.2
1015150026,88.5
2-03028-0055,65.1
2-03068-0077,93.1
2-03070-0008,23.8
2039930045,76.4
2040490035,83.2
2041240017,40.8
2-03295-0056,73.0
2-03288-0025,79.6
2-04995-0011,55.1
2-02472-0023,82.6
2-02457-0013,66.9
2-03228-0097,85.0
2-03810-0013,460.6
2-03212-0026,70.2
2-03212-0028,59.3
2-03187-0053,76.0
2-04428-0001,67.2
2-04428-0056,209.9
2-04428-0046,57.4
2-04428-0043,54.7
2-03301-0037,19.3
2-03305-0055,42.7
2-03320-0028,41.7
2-03320-0025,78.1
2-04597-0031,56.6
2026060028,31.0
3066490008,92.1
3067470068,101.0
2057030183,18.5
4005880014,86.6
3074050914,68.4
4008000010,48.6
4032550028,100.2
4032550033,103.1
3067220049,375.4
3010670039,94.3
2028570064,13.8
1015170025,57.5
3007400001,111.3
3027230014,39.0
1006120033,77.1
3064910198,54.4
5027050135,74.5
3046900049,91.5
1019540046,88.2
2044780020,108.6
1020410031,74.2
3073220023,88.5
3014390013,74.8
4006800001,58.4
4003970014,97.3
3011410028;3011410033,34.2
1002340017,49.0
3023230057,30.1
3023960001,118.1
5024507507,18.2
5024507515,15.2
3053940011,131.6
3054090006,104.0
3066070061,103.9
3063350038,77.9
3031310006,82.2
2029250029,125.1
3053340085,81.4
3053580086,87.7
3053890019,75.2
3068190032,90.0
4156280036,79.3
3087160080,72.9
3053790021,76.3
3065600001,96.3
1008790033,82.1
1013460010,82.5
3054800001,39.0
1021390542,74.7
3022060011,120.5
3054560001,118.5
3054500001,94.0
3054500006,102.8
3033330017,125.8
3033330013,127.2
1004860009,61.7
3066660115,96.0
3031140007,61.4
2031540045,139.6
4006800032,54.0
3032690004,51.0
1012840017,82.1
4014640043,88.2
1010940018,117.6
3009190006,104.5
2042520009,83.3
3028340034,36.0
1022430358,39.3
3065780007,118.2
3065780014,101.1
2031520025,26.3
1015090064,11.5
3009650038,67.8
4030977504,17.0
1002390012,21.4
1015300009,40.8
3029530110,47.4
1005150042,52.1
1001980030,106.1
1002810001,63.5
1021440003,29.2
4158570007,57.5
5011610012,77.0
3072940049,22.9
3053390045,85.9
3051540059,77.4
4051257502,70.7
2036160017,119.9
3087070002,11.7
3021690019,88.8
3057310002,84.3
4018290019,26.9
3029580001,35.1
3004590018,64.2
4033220119,90.1
4033290057,110.4
4097680012,106.0
4005500029,113.5
4005690056,98.2
3049640050,207.1
3051030028,67.8
1005720026,3.7
1008290022,53.8
1000917502,93.3
1014430011,74.3
1013390012,142.4
1-00862-0066,36.3
1005617501,73.6
1012267502,89.8
4033220123,65.6
1005010028,58.7
1007910009,28.1
1011620016,69.5
1011670064,63.1
1014977502,45.7
4015180009,33.2
4066690027,79.0
4092310063,69.1
4092650001,86.5
3001997501,27.9
1021340195,44.5
1008587501,39.2
1015090071,62.3
1018510016,102.2
1005610001,12.6
1013490032,46.8
3013110038,64.4
3013000001,140.3
3014220036,78.2
3013110044,105.8
3014020001,70.1
3013240035,76.0
3012910001,80.9
2-02841-0061,56.1
1-00646-7502,66.7
3-00796-0024,44.4
1-02145-0001,41.3
1-00838-0024,24.4
3-05226-0001,99.1
4-15543-0035,101.5
3-04792-0051,102.3
3012500060,2.8
3-02130-7501,67.4
3013610076,59.7
3013930001,79.9
3050610010,77.3
1018690006,82.0
1-01252-0027,93.7
3012660012,47.4
3-01393-0072,84.3
3013890012,71.6
4014750021,97.2
4095590045,98.9
3-02107-7502;3-02107-0036,53.2
1-00833-0022,39.2
1010107504,74.0
3063740001,108.5
2024780064,70.3
2057880119,51.7
1007977503,36.0
3052450045,102.4
3061140049,78.5
3057850023,123.1
3057850028,9.9
3055950043,139.9
2032730114,3.8
4006320075,17.3
4006320001,168.8
4006630037,81.7
4014020036,105.7
4014020042,98.6
4006900001,70.3
4005790032,75.3
1006000029,11.8
2029180024,69.0
4027160001,280.5
1003310065,50.0
4002090042,70.2
3050650001,87.2
3051210007,67.7
3046300006,90.4
3047390033,71.3
3051510001,66.8
3068250033,71.9
3017820027,37.3
3-01165-0001,63.9
3-02511-7501,33.4
3071040237,64.0
3066500004,67.7
3-04309-0001,68.0
1-01830-0011,48.0
3076730006,107.0
2030760019,65.3
2030580020,167.1
1013400013,87.3
2027520009,208.7
2058710547,122.4
2039580080,73.9
1004417502,84.3
4006080029,89.8
4006080034,74.6
4006140061,80.8
4050220008,69.3
2028500067,101.1
2032250104,88.7
2032240017,98.2
2028490076,100.0
2033000033,88.9
2033000059,80.0
4008060029,72.4
4008060033,89.1
2037850025,171.9
2032250169,25.7
2028490070,96.5
4041480110,65.2
3046150011,16.7
3046150041,76.2
3046320006,73.2
3046680020,72.6
3014130001,61.5
3046790006,76.2
3013880053,69.9
3013880027,59.2
3014080007,79.3
3046500070,82.5
3046150006,139.9
3014260007,75.2
3014090001,86.8
3050480051,66.4
3049170015,80.0
3013930060,51.1
3011850034,70.6
3050450091,88.1
3075590001,88.8
3012800066,65.1
3050610006,64.7
3050280006,95.3
4008480064,78.3
1012150053,71.2
1-02053-0096,23.7
4-01276-0037,44.1
1-01081-7501,60.4
3086880056,58.7
3086850089,65.1
3067790042,77.4
3053690077,78.3
3067710013,71.1
3075730020,44.1
3031320001,149.1
3058700044,91.2
3076740004,83.9
3066970043,89.5
2027940054,85.0
2027830047,89.7
2033240051,101.5
2027960013,95.7
2027840040,88.9
1-01667-0045,27.5
3054620045,47.5
3-03338-0001,46.0
3029940033,165.1
3018730040,21.2
3076900082,78.8
3051620056,78.7
1008020071,56.1
4031640031,239.0
4047480005,104.2
1008680036,66.2
3013090056,90.4
3060170038,100.0
3067460020,137.1
3050830090,64.8
3070910055,88.3
3067010054,113.0
3066060021,93.6
3073240036,119.3
3054920028,42.1
4066470035,36.6
3050780049,102.4
3050780044,96.6
3031840060,56.5
3019490027,38.1
3031100005,34.1
3013880032,85.1
2029530001,92.1
1021270022,52.3
1022190009,105.6
1022270011,91.3
1021730025,41.2
1022170043,80.7
1021370086,89.7
1-00133-7504,79.6
1-00862-0067,49.9
1-00862-0066,46.6
1-00800-0059,44.9
2-05851-7501,45.2
3-00817-0005,55.5
3-00816-0037,76.7
4-03330-0033,87.9
2033230022,85.6
2057030186,129.0
3056110016,86.7
1010150010,15.6
2025180028,10.3
1008180073,47.9
1005640041,72.7
4030967501,67.1
4030977503,73.5
4018377501,57.4
4022350047,68.7
3076480016,64.2
3051600043,64.6
3053790006,80.8
3046890031,87.8
3046890038,89.9
3067130041,76.3
3079550017,33.4
4099380016,76.3
4099380078,17.8
3072260062,57.7
3074630005,71.1
4047010001,45.4
3055290034,73.6
4006990001,56.3
4029480012,60.8
3085570001,55.9
4061840029,54.7
3071020001,82.6
4111080009,56.7
3033060006,24.3
4029490010,39.7
3029210023,35.9
4052130024,53.9
4107040020,22.9
4055360001,63.8
3071540040,25.1
4012270015,130.7
4020997501,60.2
1018830030,58.7
4070710003,78.8
5000710117,69.5
4051210020,53.1
3007450001,44.8
1004697506,48.2
1007997501,64.9
3029270090,12.0
3004010050,39.7
3004010062,47.4
1007880008,17.8
1005227501,59.7
2032480177,80.4
2032480018,71.2
2032480022,75.1
3-00974-7501,15.8
4-01276-0001,74.1
1003787501,43.7
2045670107,49.5
2033180015,38.5
3046910069,136.5
1-01306-0050,171.8
1-01452-0019,71.3
1-00642-0042,68.5
1-00515-0037,42.8
1-00800-0023,44.8
1-00805-0071,54.0
2048440031,103.8
2031430147,103.9
2045480001,56.4
2043420001,89.3
2033240055,120.9
2033350159,90.1
1020710045,40.4
2-03165-0044,106.9
1-01010-0046,83.7
4150100001,34.9
1012207502,63.0
1006170036,183.1
3-02367-7501,53.8
1005770010,73.4
1010100046,83.7
2033040080,65.4
1-00462-0035,45.7
2031687501,62.4
4000340021,19.4
3001810001,45.5
4-05003-0006,97.1
5-04001-0001,425.4
5-04000-0039,729.8
5-04001-0001,992.3
3014070043,76.4
1008480030,146.2
4012810038,48.4
1017220069,99.0
3062760036,69.7
3053740044,90.1
3073810073,76.3
1021090088,160.2
3014277501,60.5
3013007501,59.4
3045920012,34.3
3047937502,35.9
3001520028,82.9
3014290001,38.7
3014120050,55.8
3012707502,45.0
3012760023,88.8
3014090044,68.5
1-01063-7501,64.1
1-00569-7502,18.5
4-01918-0072; 4-01918-0070,82.6
4-01918-0080; 4-01918-0075,42.3
1-00065-7502,65.1
4-01918-0067; 4-01918-0065,74.5
4-01918-0060; 4-01918-0062,70.6
4-01918-0108; 4-01918-0110,72.4
4-01918-0090; 4-01918-0085,67.4
4-01918-0097; 4-01918-0095,68.7
3-05927-0031;3-05927-0043,58.2
1-01312-0028,50.2
2051020027,120.2
4022640067,75.1
2-02623-0211,26.2
1014170045,76.4
1012820064,230.1
1012900028,68.4
2039310001,62.0
2032370145,33.6
4-00268-0008,54.7
"3-00133-0013, 3-00133-0015",91.4
1-00840-0016,95.8
4002090025,24.2
4007090028,70.6
3053100001,67.6
3056740006,70.4
3056700025,203.0
3046260006,90.1
3048990008,56.6
1012237502,72.1
1021797501,49.7
1016817503,57.6
2031970014,128.2
1021770018,116.8
1021770023,11.8
1007920033,57.0
1018230056,104.0
2032500152,70.3
2038090013,85.5
2028790100,119.9
1021740200,75.4
1021740208,90.4
2024530001,90.6
2041780026,78.0
2028790050,78.7
2032190228,78.8
2028790094,79.5
2032920097,62.0
2032020060,98.0
1021390200,54.7
2032190082,84.7
2038120055,82.3
2039340018,86.5
2030860004,77.6
2033240059,77.1
2024270047,29.6
3035310001,52.2
3046330050,58.8
3020610101,83.5
3011280009,50.6
3020617501,51.2
4015367502,80.3
3065037501,44.5
2028570081,106.3
3066057502,24.1
3067667502,51.3
4-01339-0028,92.5
4-02265-0067,75.2
4-15853-7501,31.1
4-05046-0045,88.6
4-05046-0006,88.5
4-04994-0041,82.0
2032570033,77.7
1-01141-0037,66.4
3016050001,37.3
3014150031,46.8
3014150035,36.5
3-05287-7501,47.5
1-01687-0014,125.0
4-01292-0006,112.6
4-07968-0031,80.1
1-01143-0042,78.2
4-01459-0040,71.6
4-06077-0051,86.1
1-00176-7501,91.6
1006940058,54.4
1008380056,40.3
1012750016,87.4
4066180045,99.1
3-07253-0001,0.9
3-07250-0001,5.9
3058770001,78.9
2047070001,65.3
1-01246-0049,60.7
1002080019,140.1
1002070001,64.0
1002070020,64.7
1002020025,112.1
1001620038,112.3
1-02121-0010,5.8
3-05088-0030,57.3
1-00998-0008,67.4
1-01016-0005,15.7
1-01016-0055,37.3
1-01016-0011,60.7
1-01016-0011;1-01016-0055;1-01016-0005;1-01016-0015;1-01016-0051;1-01016-0058,83.7
1-01017-0010,56.6
1-01019-0050,36.3
1-01024-0046,112.7
1021110111,92.4
3-05865-0003,149.9
4037250030,60.3
1019510004,58.5
4002200009,139.6
1010610036,107.1
3021080001,114.0
2028810001,104.0
2027620007,41.3
3061660041,120.6
3046220029,90.1
3046400001,72.9
3073800042,102.9
3073800048,87.1
2030900054,95.6
2027630136,106.1
4-00739-0046,87.2
4-00548-0013,85.7
3046150006;3046150011,144.6
4008480060,73.1
4008480056,91.0
4008480052,86.2
4008480048,86.1
4008480044,83.1
4007290067,113.2
4007290073,83.2
4008480042,32.2
3016180035,37.1
3016230025,42.6
3031830052,48.0
3031830066,38.1
3015780005,86.2
3001480046,53.9
2025500019,30.8
1021200033,33.9
3011970006,34.3
3060600032,51.1
3017827501,31.9
4-02690-0011,66.8
1006940017,52.6
1017350056,57.4
4-02611-0458,18.0
3021477505,79.5
3021357501,59.5
3022647515,68.9
3022497501,49.6
3022507501,46.3
3022417529,63.0
3056177502,40.2
3030767501,88.3
3022017502,36.7
3021357507,64.6
3022647521,44.5
3022517501,68.9
3022407511,62.3
3021327501,69.7
3022047502,106.6
3019000016,54.7
3053677502,57.6
4096690030,60.9
3030547503,70.7
3022647507,34.0
3019417501,55.1
3022517502,82.4
3022517503,46.1
3018867501,42.0
3022407507,50.1
3022407509,47.2
3017157510,44.2
3022617501,57.0
3022457504,30.0
3-02457-0028,102.7
3059410001,87.5
4162210026,80.2
4-03312-0001,153.4
1007687502,87.9
1011400046,60.2
1015547501,150.4
1013300007,81.5
4059580100,59.5
4059580075,80.6
3088200007,74.9
1018747501,91.5
1014500008,98.9
1014507501,61.1
1014607501,84.7
1005480028,101.5
1-01245-0075,90.4
2057960107,60.1
1-01882-0008,69.9
4-02141-0001,74.7
3058480040,75.9
1001870025,76.4
3067800044,81.7
3065590036,80.5
1021750118,85.9
1-02002-0055,88.6
1001950002,62.9
1-01864-0009,78.7
4005380012,10.8
3068260066,77.7
3056500001,62.2
3053740034,87.5
3053950014,67.9
3056170043,103.6
3056170038;3056170043,19.0
3017477506,38.9
2-05141-1120,70.0
2-02333-7501,71.2
1-01736-7502,34.6
2-04624-0037,49.7
4008020114,78.6
3059960006,43.3
1-00573-0019,70.2
2-03251-0490,116.4
1021710008,51.5
2032860019,98.5
4-01835-0050,111.5
1012220017;1012220012,29.6
2/02824/0045,96.9
1020900040,82.6
3049030020,102.7
3051510021,139.4
3019600008,49.6
3013050009,88.6
3052220082,107.9
3052070040,83.5
1-01373-0040,66.9
1-01737-0025; 1-01737-0015;1-01737-0059;1-01737-0001;1-01737-0069,100.7
5009550220,45.2
4134750016,25.0
4134740012,21.4
4134060039,39.1
4134270022,69.8
4134160001,19.6
4132790001,38.4
4134080009,76.5
1-01519-0022,47.8
2028310036,86.4
2032100080,89.3
2030370025,43.4
1015487502,70.3
1008517506,69.4
4-00294-0251,88.8
1008367502,42.2
3021460023,97.9
1009060042,86.3
1009070016,69.8
1022150586,75.0
2037930039,99.1
4022140019,85.9
4-06540-0003,66.2
4033340163,73.7
1021700256,79.2
3046220014,102.2
1-02137-0131,75.1
